estado_de_suscripcion,visualizaciones,tiempo_de_visualizacion_(horas),duracion_media_de_las_visualizaciones,fecha_publicacion,nombre_video
Total,1594,62.1296,0:02:20,20210826,🔗 LOGO TUTORIAL CorelDRAW ›BASIC‹ Tips & Tricks 💚 for Beginners & Experts
Suscrito,1227,46.0305,0:02:15,20210826,🔗 LOGO TUTORIAL CorelDRAW ›BASIC‹ Tips & Tricks 💚 for Beginners & Experts
No suscrito,367,16.0991,0:02:37,20210826,🔗 LOGO TUTORIAL CorelDRAW ›BASIC‹ Tips & Tricks 💚 for Beginners & Experts
Total,1113,45.2646,0:02:26,20220712,⭐ SOLO HAZ un PAR de TRAZOS para obtener MÚLTIPLES DISEÑOS ▶ TUTORIAL CorelDRAW
Suscrito,720,30.4645,0:02:32,20220712,⭐ SOLO HAZ un PAR de TRAZOS para obtener MÚLTIPLES DISEÑOS ▶ TUTORIAL CorelDRAW
No suscrito,393,14.8001,0:02:15,20220712,⭐ SOLO HAZ un PAR de TRAZOS para obtener MÚLTIPLES DISEÑOS ▶ TUTORIAL CorelDRAW
Total,383,18.098,0:02:50,20220629,⚡ PRUEBA FLEXCLIP 2022  y CREA VIDEOS para YOUTUBE SIN SER EXPERTO ▶ Tutorial
Suscrito,295,13.5543,0:02:45,20220629,⚡ PRUEBA FLEXCLIP 2022  y CREA VIDEOS para YOUTUBE SIN SER EXPERTO ▶ Tutorial
No suscrito,88,4.5438,0:03:05,20220629,⚡ PRUEBA FLEXCLIP 2022  y CREA VIDEOS para YOUTUBE SIN SER EXPERTO ▶ Tutorial
Total,727,22.1841,0:01:49,20210216,🤜🏼💥 ZARA vs MANGO 💥🤛🏼 Enfrento & Comparo ⚔ estas 2 MARCAS ▶ DelcaVideography de DelcaVideography
Suscrito,386,9.9636,0:01:32,20210216,🤜🏼💥 ZARA vs MANGO 💥🤛🏼 Enfrento & Comparo ⚔ estas 2 MARCAS ▶ DelcaVideography de DelcaVideography
No suscrito,341,12.2205,0:02:09,20210216,🤜🏼💥 ZARA vs MANGO 💥🤛🏼 Enfrento & Comparo ⚔ estas 2 MARCAS ▶ DelcaVideography de DelcaVideography
Total,3008,271.1899,0:05:24,20220524,🎇 5 TRUCOS para CREAR DISEÑOS PRO en CorelDRAW ▶ TUTORIAL
Suscrito,1756,159.3431,0:05:26,20220524,🎇 5 TRUCOS para CREAR DISEÑOS PRO en CorelDRAW ▶ TUTORIAL
No suscrito,1252,111.8468,0:05:21,20220524,🎇 5 TRUCOS para CREAR DISEÑOS PRO en CorelDRAW ▶ TUTORIAL
Total,18029,364.9207,0:01:12,20210304,👉 Esto es lo que PUEDES HACER con Corel Draw ▶ DelcaVideography de DelcaVideography
No suscrito,14559,296.6072,0:01:13,20210304,👉 Esto es lo que PUEDES HACER con Corel Draw ▶ DelcaVideography de DelcaVideography
Suscrito,3470,68.3135,0:01:10,20210304,👉 Esto es lo que PUEDES HACER con Corel Draw ▶ DelcaVideography de DelcaVideography
Total,13062,589.1126,0:02:42,20220118,🤯 APRENDE a DISEÑAR LOGOS con ESTA TÉCNICA SECRETA en CorelDRAW
No suscrito,10592,425.0719,0:02:24,20220118,🤯 APRENDE a DISEÑAR LOGOS con ESTA TÉCNICA SECRETA en CorelDRAW
Suscrito,2470,164.0407,0:03:59,20220118,🤯 APRENDE a DISEÑAR LOGOS con ESTA TÉCNICA SECRETA en CorelDRAW
Total,5227,548.0251,0:06:17,20210223,✅ Respondo 👉🏼 las 10 PREGUNTAS MÁS FRECUENTES sobre Corel DRAW ▶ DelcaVideography de DelcaVideography
No suscrito,2863,289.4751,0:06:03,20210223,✅ Respondo 👉🏼 las 10 PREGUNTAS MÁS FRECUENTES sobre Corel DRAW ▶ DelcaVideography de DelcaVideography
Suscrito,2364,258.5499,0:06:33,20210223,✅ Respondo 👉🏼 las 10 PREGUNTAS MÁS FRECUENTES sobre Corel DRAW ▶ DelcaVideography de DelcaVideography
Total,2181,113.9934,0:03:08,20211111,🧐 La TABLETA GRÁFICA más BARATA y VENDIDA ¿Merece la pena_ Review VEIKK S640
No suscrito,1473,73.4252,0:02:59,20211111,🧐 La TABLETA GRÁFICA más BARATA y VENDIDA ¿Merece la pena_ Review VEIKK S640
Suscrito,708,40.5682,0:03:26,20211111,🧐 La TABLETA GRÁFICA más BARATA y VENDIDA ¿Merece la pena_ Review VEIKK S640
Total,4061,375.5217,0:05:32,20220531,👉🏼 ASÍ puedes CREAR EFECTOS INCREÍBLES Y COMPLEJOS 😮 en CorelDRAW  ▶ TUTORIAL
Suscrito,2093,191.926,0:05:30,20220531,👉🏼 ASÍ puedes CREAR EFECTOS INCREÍBLES Y COMPLEJOS 😮 en CorelDRAW  ▶ TUTORIAL
No suscrito,1968,183.5956,0:05:35,20220531,👉🏼 ASÍ puedes CREAR EFECTOS INCREÍBLES Y COMPLEJOS 😮 en CorelDRAW  ▶ TUTORIAL
Total,2047,173.0057,0:05:04,20220419,🤯 CONSEJOS PRÁCTICOS para CREAR LOGOS en CorelDRAW ▶ TUTORIAL
Suscrito,1333,105.4525,0:04:44,20220419,🤯 CONSEJOS PRÁCTICOS para CREAR LOGOS en CorelDRAW ▶ TUTORIAL
No suscrito,714,67.5533,0:05:40,20220419,🤯 CONSEJOS PRÁCTICOS para CREAR LOGOS en CorelDRAW ▶ TUTORIAL
Total,1322,55.4837,0:02:31,20210902,CorelDRAW MAGIC ››Text EFFECT‹‹ 🌟 TIPS Tutorial ▶
Suscrito,1046,44.3647,0:02:32,20210902,CorelDRAW MAGIC ››Text EFFECT‹‹ 🌟 TIPS Tutorial ▶
No suscrito,276,11.1191,0:02:25,20210902,CorelDRAW MAGIC ››Text EFFECT‹‹ 🌟 TIPS Tutorial ▶
Total,1880,166.404,0:05:18,20220802,⭐ 5 HERRAMIENTAS INDISPENSABLES para DISEÑAR LOGOS en CorelDRAW ▶ TUTORIAL
Suscrito,1259,106.8133,0:05:05,20220802,⭐ 5 HERRAMIENTAS INDISPENSABLES para DISEÑAR LOGOS en CorelDRAW ▶ TUTORIAL
No suscrito,621,59.5907,0:05:45,20220802,⭐ 5 HERRAMIENTAS INDISPENSABLES para DISEÑAR LOGOS en CorelDRAW ▶ TUTORIAL
Total,840,8.3036,0:00:35,20210725,🐙 LOGOTIPO + ILUSTRACIÓN Speedrun SHORT en Corel DRAW
No suscrito,503,4.9732,0:00:35,20210725,🐙 LOGOTIPO + ILUSTRACIÓN Speedrun SHORT en Corel DRAW
Suscrito,337,3.3304,0:00:35,20210725,🐙 LOGOTIPO + ILUSTRACIÓN Speedrun SHORT en Corel DRAW
Total,796,36.2929,0:02:44,20210629,⚡ CorelDRAW BEST Techniques for BEGINNERS & EXPERTS TUTORIAL YIN YANG TUTORIAL (2021) ☯
Suscrito,565,24.3248,0:02:34,20210629,⚡ CorelDRAW BEST Techniques for BEGINNERS & EXPERTS TUTORIAL YIN YANG TUTORIAL (2021) ☯
No suscrito,231,11.9681,0:03:06,20210629,⚡ CorelDRAW BEST Techniques for BEGINNERS & EXPERTS TUTORIAL YIN YANG TUTORIAL (2021) ☯
Total,2948,222.2494,0:04:31,20211109,🧐 Te ENSEÑO estas TÉCNICAS de DIBUJO para DISEÑAR en CorelDRAW 🏠 ► TUTORIAL
Suscrito,1634,130.1092,0:04:46,20211109,🧐 Te ENSEÑO estas TÉCNICAS de DIBUJO para DISEÑAR en CorelDRAW 🏠 ► TUTORIAL
No suscrito,1314,92.1402,0:04:12,20211109,🧐 Te ENSEÑO estas TÉCNICAS de DIBUJO para DISEÑAR en CorelDRAW 🏠 ► TUTORIAL
Total,8981,505.0297,0:03:22,20210426,👉🏼 Conoce las VENTAJAS 💚 & DESVENTAJAS 💔 de Corel Draw ▶ DelcaVideography de DelcaVideography
No suscrito,6345,349.2061,0:03:18,20210426,👉🏼 Conoce las VENTAJAS 💚 & DESVENTAJAS 💔 de Corel Draw ▶ DelcaVideography de DelcaVideography
Suscrito,2636,155.8236,0:03:32,20210426,👉🏼 Conoce las VENTAJAS 💚 & DESVENTAJAS 💔 de Corel Draw ▶ DelcaVideography de DelcaVideography
Total,5494,662.1729,0:07:13,20210405,✅ APRENDE TODO para DIBUJAR en PERSPECTIVA 👉🏼 CorelDRAW 2021 ▶ DelcaVideography de DelcaVideography
No suscrito,3490,396.8183,0:06:49,20210405,✅ APRENDE TODO para DIBUJAR en PERSPECTIVA 👉🏼 CorelDRAW 2021 ▶ DelcaVideography de DelcaVideography
Suscrito,2004,265.3546,0:07:56,20210405,✅ APRENDE TODO para DIBUJAR en PERSPECTIVA 👉🏼 CorelDRAW 2021 ▶ DelcaVideography de DelcaVideography
Total,821,64.7724,0:04:44,20220830,⚡ 3 CONSEJOS CLAVE para CREAR LOGOS en CorelDRAW ▶ TUTORIAL
Suscrito,665,46.9711,0:04:14,20220830,⚡ 3 CONSEJOS CLAVE para CREAR LOGOS en CorelDRAW ▶ TUTORIAL
No suscrito,156,17.8013,0:06:50,20220830,⚡ 3 CONSEJOS CLAVE para CREAR LOGOS en CorelDRAW ▶ TUTORIAL
Total,722,4.5453,0:00:22,20211122,¿Puedes adivinar lo que es_ DelcaVideography #short
Suscrito,402,2.5966,0:00:23,20211122,¿Puedes adivinar lo que es_ DelcaVideography #short
No suscrito,320,1.9487,0:00:21,20211122,¿Puedes adivinar lo que es_ DelcaVideography #short
Total,6466,570.5199,0:05:17,20220125,🔥 Sigue esta ESTRATEGIA para CREAR tus LOGOS (Bien EXPLICADO⚡) en CorelDRAW
No suscrito,3761,294.0456,0:04:41,20220125,🔥 Sigue esta ESTRATEGIA para CREAR tus LOGOS (Bien EXPLICADO⚡) en CorelDRAW
Suscrito,2705,276.4743,0:06:07,20220125,🔥 Sigue esta ESTRATEGIA para CREAR tus LOGOS (Bien EXPLICADO⚡) en CorelDRAW
Total,951,41.2375,0:02:36,20220215,🔥 Cómo CREAR una INTRO para tu CANAL de YOUTUBE 💗 en un PAR de MINUTOS ▶ TUTORIAL
Suscrito,741,32.1673,0:02:36,20220215,🔥 Cómo CREAR una INTRO para tu CANAL de YOUTUBE 💗 en un PAR de MINUTOS ▶ TUTORIAL
No suscrito,210,9.0702,0:02:35,20220215,🔥 Cómo CREAR una INTRO para tu CANAL de YOUTUBE 💗 en un PAR de MINUTOS ▶ TUTORIAL
Total,10452,197.9181,0:01:08,20210302,👉 Estas son las PRINCIPALES CARACTERÍSTICAS de Corel Draw ▶ DelcaVideography de DelcaVideography
No suscrito,6971,129.4111,0:01:06,20210302,👉 Estas son las PRINCIPALES CARACTERÍSTICAS de Corel Draw ▶ DelcaVideography de DelcaVideography
Suscrito,3481,68.507,0:01:10,20210302,👉 Estas son las PRINCIPALES CARACTERÍSTICAS de Corel Draw ▶ DelcaVideography de DelcaVideography
Total,827,6.4061,0:00:27,20220228,🏃🏼_♂️🚴🏼_♂️ Creación de DISEÑO CREATIVO de LOGOS _ DelcaVideography ▶ Short
No suscrito,477,3.8698,0:00:29,20220228,🏃🏼_♂️🚴🏼_♂️ Creación de DISEÑO CREATIVO de LOGOS _ DelcaVideography ▶ Short
Suscrito,350,2.5362,0:00:26,20220228,🏃🏼_♂️🚴🏼_♂️ Creación de DISEÑO CREATIVO de LOGOS _ DelcaVideography ▶ Short
Total,828,17.2807,0:01:15,20211002,😎 Este CONSEJO MEJORARÁ tu EXPERIENCIA con mis TUTORIALES
Suscrito,713,14.7367,0:01:14,20211002,😎 Este CONSEJO MEJORARÁ tu EXPERIENCIA con mis TUTORIALES
No suscrito,115,2.5439,0:01:19,20211002,😎 Este CONSEJO MEJORARÁ tu EXPERIENCIA con mis TUTORIALES
Total,2344,95.3512,0:02:26,20210601,Cómo CONVERTIR CLIPS DE VIDEO a GIF ANIMADOS usando Vegas PRO
No suscrito,1825,70.2335,0:02:18,20210601,Cómo CONVERTIR CLIPS DE VIDEO a GIF ANIMADOS usando Vegas PRO
Suscrito,519,25.1176,0:02:54,20210601,Cómo CONVERTIR CLIPS DE VIDEO a GIF ANIMADOS usando Vegas PRO
Total,812,57.3606,0:04:14,20220823,⭐ Usa la HERRAMIENTA ORIGEN para OPTIMIZAR tu FLUJO de TRABAJO ▶ CorelDRAW
Suscrito,625,40.9915,0:03:56,20220823,⭐ Usa la HERRAMIENTA ORIGEN para OPTIMIZAR tu FLUJO de TRABAJO ▶ CorelDRAW
No suscrito,187,16.369,0:05:15,20220823,⭐ Usa la HERRAMIENTA ORIGEN para OPTIMIZAR tu FLUJO de TRABAJO ▶ CorelDRAW
Total,711,6.5255,0:00:33,20210726,🦊🏃_♀️ The Fox Design SHORT
Suscrito,376,3.6822,0:00:35,20210726,🦊🏃_♀️ The Fox Design SHORT
No suscrito,335,2.8432,0:00:30,20210726,🦊🏃_♀️ The Fox Design SHORT
Total,1003,22.3128,0:01:20,20210406,🌟 Conoce la Nueva COLABORACIÓN de TRABAJO REMOTO en CorelDRAW 2021 ▶ DelcaVideography de DelcaVideography
Suscrito,598,13.1721,0:01:19,20210406,🌟 Conoce la Nueva COLABORACIÓN de TRABAJO REMOTO en CorelDRAW 2021 ▶ DelcaVideography de DelcaVideography
No suscrito,405,9.1407,0:01:21,20210406,🌟 Conoce la Nueva COLABORACIÓN de TRABAJO REMOTO en CorelDRAW 2021 ▶ DelcaVideography de DelcaVideography
Total,1881,111.3451,0:03:33,20220301,✔💪🏼 Sigue estas TÉCNICAS para CREAR LOGOS en CorelDRAW ▶ TUTORIAL
Suscrito,1292,73.1272,0:03:23,20220301,✔💪🏼 Sigue estas TÉCNICAS para CREAR LOGOS en CorelDRAW ▶ TUTORIAL
No suscrito,589,38.2179,0:03:53,20220301,✔💪🏼 Sigue estas TÉCNICAS para CREAR LOGOS en CorelDRAW ▶ TUTORIAL
Total,918,4.2187,0:00:16,20211215,👌🏼 Te DOY un TRUCO SECRETO 🤯 para HACER INTROS INCREÍBLES y en POCOS PASOS
Suscrito,691,3.2347,0:00:16,20211215,👌🏼 Te DOY un TRUCO SECRETO 🤯 para HACER INTROS INCREÍBLES y en POCOS PASOS
No suscrito,227,0.984,0:00:15,20211215,👌🏼 Te DOY un TRUCO SECRETO 🤯 para HACER INTROS INCREÍBLES y en POCOS PASOS
Total,6368,323.9838,0:03:03,20210316,🌟 CONOCE el Nuevo DIBUJO en PERSPECTIVA de CorelDRAW 2021 ▶ DelcaVideography de DelcaVideography
No suscrito,4419,210.7868,0:02:51,20210316,🌟 CONOCE el Nuevo DIBUJO en PERSPECTIVA de CorelDRAW 2021 ▶ DelcaVideography de DelcaVideography
Suscrito,1949,113.197,0:03:29,20210316,🌟 CONOCE el Nuevo DIBUJO en PERSPECTIVA de CorelDRAW 2021 ▶ DelcaVideography de DelcaVideography
Total,961,36.8612,0:02:18,20211005,👌🏼 EASY Design LOGO Process in CorelDRAW ▶ BEST Tips and Tricks 
Suscrito,758,28.6894,0:02:16,20211005,👌🏼 EASY Design LOGO Process in CorelDRAW ▶ BEST Tips and Tricks 
No suscrito,203,8.1718,0:02:24,20211005,👌🏼 EASY Design LOGO Process in CorelDRAW ▶ BEST Tips and Tricks 
Total,1759,81.2212,0:02:46,20211008,🤔🧠 Procesos de DISEÑO INTELIGENTES en CorelDRAW 🖋 Tips & Tricks
Suscrito,1273,56.1436,0:02:38,20211008,🤔🧠 Procesos de DISEÑO INTELIGENTES en CorelDRAW 🖋 Tips & Tricks
No suscrito,486,25.0776,0:03:05,20211008,🤔🧠 Procesos de DISEÑO INTELIGENTES en CorelDRAW 🖋 Tips & Tricks
Total,3178,295.7803,0:05:35,20210615,🔥 APRENDE a EDITAR VIDEOS con Windows 10 😮 _TUTORIAL COMPLETO_ ▶ 
No suscrito,2537,245.1462,0:05:47,20210615,🔥 APRENDE a EDITAR VIDEOS con Windows 10 😮 _TUTORIAL COMPLETO_ ▶ 
Suscrito,641,50.6341,0:04:44,20210615,🔥 APRENDE a EDITAR VIDEOS con Windows 10 😮 _TUTORIAL COMPLETO_ ▶ 
Total,929,3.1681,0:00:12,20211201,Si lo QUIERES lo APRENDES 😉 ▶ Logo TUTORIALES en CorelDRAW
No suscrito,478,1.7216,0:00:12,20211201,Si lo QUIERES lo APRENDES 😉 ▶ Logo TUTORIALES en CorelDRAW
Suscrito,451,1.4465,0:00:11,20211201,Si lo QUIERES lo APRENDES 😉 ▶ Logo TUTORIALES en CorelDRAW
Total,2338,131.0947,0:03:21,20220405,✨✔ APLICA TODAS las TÉCNICAS para CREAR LOGOS en CorelDRAW ▶ TUTORIAL
Suscrito,1658,87.0418,0:03:08,20220405,✨✔ APLICA TODAS las TÉCNICAS para CREAR LOGOS en CorelDRAW ▶ TUTORIAL
No suscrito,680,44.053,0:03:53,20220405,✨✔ APLICA TODAS las TÉCNICAS para CREAR LOGOS en CorelDRAW ▶ TUTORIAL
Total,2253,172.9071,0:04:36,20210412,✅ Las 5 formas MÁS PRODUCTIVAS de EXPORTAR en CorelDRAW 2021 ⚙️ (TUTORIAL Bien Explicado 💚) de DelcaVideography
No suscrito,1456,111.3138,0:04:35,20210412,✅ Las 5 formas MÁS PRODUCTIVAS de EXPORTAR en CorelDRAW 2021 ⚙️ (TUTORIAL Bien Explicado 💚) de DelcaVideography
Suscrito,797,61.5933,0:04:38,20210412,✅ Las 5 formas MÁS PRODUCTIVAS de EXPORTAR en CorelDRAW 2021 ⚙️ (TUTORIAL Bien Explicado 💚) de DelcaVideography
Total,41179,1429.967,0:02:05,20210503,👉 Cómo poner la BARRA de HERRAMIENTAS 🛠 de Corel Draw ▶
No suscrito,37995,1310.5675,0:02:04,20210503,👉 Cómo poner la BARRA de HERRAMIENTAS 🛠 de Corel Draw ▶
Suscrito,3184,119.3996,0:02:15,20210503,👉 Cómo poner la BARRA de HERRAMIENTAS 🛠 de Corel Draw ▶
Total,1814,80.1881,0:02:39,20210803,💧 Las MEJORES Técnicas para RENDERIZAR en CorelDRAW ▶ LOGO TUTORIAL
Suscrito,1087,49.6206,0:02:44,20210803,💧 Las MEJORES Técnicas para RENDERIZAR en CorelDRAW ▶ LOGO TUTORIAL
No suscrito,727,30.5676,0:02:31,20210803,💧 Las MEJORES Técnicas para RENDERIZAR en CorelDRAW ▶ LOGO TUTORIAL
Total,7064,249.3815,0:02:07,20210429,👉 PASOS para INGRESAR a Corel Draw ▶ DelcaVideography de DelcaVideography
No suscrito,4758,163.6176,0:02:03,20210429,👉 PASOS para INGRESAR a Corel Draw ▶ DelcaVideography de DelcaVideography
Suscrito,2306,85.7639,0:02:13,20210429,👉 PASOS para INGRESAR a Corel Draw ▶ DelcaVideography de DelcaVideography
Total,1518,111.2804,0:04:23,20220517,✍🏼APRENDE a CREAR LOGOS SIMPLES 🔑 si haces ESTO ▶ TUTORIAL CorelDRAW
Suscrito,1175,80.5489,0:04:06,20220517,✍🏼APRENDE a CREAR LOGOS SIMPLES 🔑 si haces ESTO ▶ TUTORIAL CorelDRAW
No suscrito,343,30.7316,0:05:22,20220517,✍🏼APRENDE a CREAR LOGOS SIMPLES 🔑 si haces ESTO ▶ TUTORIAL CorelDRAW
Total,466,14.0877,0:01:48,20220421,🎧🔊 Te MUESTRO CÓMO INSTALÉ las Espumas Acústicas en mi ESTUDIO ⚡
Suscrito,399,11.9501,0:01:47,20220421,🎧🔊 Te MUESTRO CÓMO INSTALÉ las Espumas Acústicas en mi ESTUDIO ⚡
No suscrito,67,2.1376,0:01:54,20220421,🎧🔊 Te MUESTRO CÓMO INSTALÉ las Espumas Acústicas en mi ESTUDIO ⚡
Total,1027,11.0127,0:00:38,20220414,⚡ Contrucción de LOGOS PASO a PASO en CorelDRAW ▶ SHORTS
No suscrito,588,6.0342,0:00:36,20220414,⚡ Contrucción de LOGOS PASO a PASO en CorelDRAW ▶ SHORTS
Suscrito,439,4.9785,0:00:40,20220414,⚡ Contrucción de LOGOS PASO a PASO en CorelDRAW ▶ SHORTS
Total,864,8.4556,0:00:35,20220312,🚴🏼_♂️🏃🏼_♂️ Proceso CONSTUCTIVO de LOGOS ✔ _ SHORTS ▶
Suscrito,478,4.9747,0:00:37,20220312,🚴🏼_♂️🏃🏼_♂️ Proceso CONSTUCTIVO de LOGOS ✔ _ SHORTS ▶
No suscrito,386,3.4809,0:00:32,20220312,🚴🏼_♂️🏃🏼_♂️ Proceso CONSTUCTIVO de LOGOS ✔ _ SHORTS ▶
Total,563,3.9054,0:00:24,20210721,Reemplazo de COLOR FÁCIL - YOUTUBE SHORT ►
Suscrito,323,2.5794,0:00:28,20210721,Reemplazo de COLOR FÁCIL - YOUTUBE SHORT ►
No suscrito,240,1.326,0:00:19,20210721,Reemplazo de COLOR FÁCIL - YOUTUBE SHORT ►
Total,2475,131.3804,0:03:11,20211117,✅ USA estas TÉCNICAS de DIBUJO para DISEÑAR como PRO 😎 en CorelDRAW ► TUTORIAL
Suscrito,1574,87.4065,0:03:19,20211117,✅ USA estas TÉCNICAS de DIBUJO para DISEÑAR como PRO 😎 en CorelDRAW ► TUTORIAL
No suscrito,901,43.9739,0:02:55,20211117,✅ USA estas TÉCNICAS de DIBUJO para DISEÑAR como PRO 😎 en CorelDRAW ► TUTORIAL
Total,4068,256.7457,0:03:47,20211209,✔ Estos son los PASO a PASO para CONSTRUIR LOGOS en CorelDRAW
No suscrito,2103,147.4536,0:04:12,20211209,✔ Estos son los PASO a PASO para CONSTRUIR LOGOS en CorelDRAW
Suscrito,1965,109.2921,0:03:20,20211209,✔ Estos son los PASO a PASO para CONSTRUIR LOGOS en CorelDRAW
Total,17952,1332.1218,0:04:27,20210419,✅ APRENDE a REEMPLAZAR el COLOR de IMÁGENES (Bien Explicado 💚 ) ▷ CorelDRAW 2021 👉🏼 DelcaVideography de DelcaVideography
No suscrito,14661,1022.7756,0:04:11,20210419,✅ APRENDE a REEMPLAZAR el COLOR de IMÁGENES (Bien Explicado 💚 ) ▷ CorelDRAW 2021 👉🏼 DelcaVideography de DelcaVideography
Suscrito,3291,309.3461,0:05:38,20210419,✅ APRENDE a REEMPLAZAR el COLOR de IMÁGENES (Bien Explicado 💚 ) ▷ CorelDRAW 2021 👉🏼 DelcaVideography de DelcaVideography
Total,1083,64.6315,0:03:34,20210624,🔥  MUST SEE! CorelDRAW BEST Techniques for Beginners & Experts TUTORIAL (2021) ⚓  ►
Suscrito,839,49.0437,0:03:30,20210624,🔥  MUST SEE! CorelDRAW BEST Techniques for Beginners & Experts TUTORIAL (2021) ⚓  ►
No suscrito,244,15.5878,0:03:49,20210624,🔥  MUST SEE! CorelDRAW BEST Techniques for Beginners & Experts TUTORIAL (2021) ⚓  ►
Total,704,46.7093,0:03:58,20220809,🔥 REVIEW XP-PEN Artist 16 (2nd Gen) + Test + PROMO | Tableta GRÁFICA para EMPEZAR ► DelcaVideography de DelcaVideography
No suscrito,364,23.6527,0:03:53,20220809,🔥 REVIEW XP-PEN Artist 16 (2nd Gen) + Test + PROMO | Tableta GRÁFICA para EMPEZAR ► DelcaVideography de DelcaVideography
Suscrito,340,23.0566,0:04:04,20220809,🔥 REVIEW XP-PEN Artist 16 (2nd Gen) + Test + PROMO | Tableta GRÁFICA para EMPEZAR ► DelcaVideography de DelcaVideography
Total,1190,49.6256,0:02:30,20210715,🔥 CorelDRAW ESSENTIAL Techniques for Beginners & Experts ▶ LOGO TUTORIAL
Suscrito,810,34.5676,0:02:33,20210715,🔥 CorelDRAW ESSENTIAL Techniques for Beginners & Experts ▶ LOGO TUTORIAL
No suscrito,380,15.058,0:02:22,20210715,🔥 CorelDRAW ESSENTIAL Techniques for Beginners & Experts ▶ LOGO TUTORIAL
Total,2027,109.5547,0:03:14,20210909,📖 3D FLIP PAGE TEXT Effect _ CorelDRAW TUTORIAL
Suscrito,1464,79.7622,0:03:16,20210909,📖 3D FLIP PAGE TEXT Effect _ CorelDRAW TUTORIAL
No suscrito,563,29.7925,0:03:10,20210909,📖 3D FLIP PAGE TEXT Effect _ CorelDRAW TUTORIAL
Total,25802,391.6244,0:00:54,20210308,💚 Curso COREL DRAW en YOUTUBE 2022 (Entrenamiento Online) ▶ DelcaVideography de DelcaVideography
No suscrito,18014,275.5346,0:00:55,20210308,💚 Curso COREL DRAW en YOUTUBE 2022 (Entrenamiento Online) ▶ DelcaVideography de DelcaVideography
Suscrito,7788,116.0898,0:00:53,20210308,💚 Curso COREL DRAW en YOUTUBE 2022 (Entrenamiento Online) ▶ DelcaVideography de DelcaVideography
Total,1376,83.4713,0:03:38,20211207,🎉🎈 TIPS ESENCIALES para CREAR tu PROPIA TARJETA de CUMPLEAÑOS en CorelDRAW
Suscrito,917,52.3697,0:03:25,20211207,🎉🎈 TIPS ESENCIALES para CREAR tu PROPIA TARJETA de CUMPLEAÑOS en CorelDRAW
No suscrito,459,31.1016,0:04:03,20211207,🎉🎈 TIPS ESENCIALES para CREAR tu PROPIA TARJETA de CUMPLEAÑOS en CorelDRAW
Total,3078,390.6325,0:07:36,20210525,Cómo CREAR una TARJETA de NEGOCIOS VIRTUAL 💳 PASO a PASO ▶ Tutorial CorelDRAW (2021)
No suscrito,1580,178.9387,0:06:47,20210525,Cómo CREAR una TARJETA de NEGOCIOS VIRTUAL 💳 PASO a PASO ▶ Tutorial CorelDRAW (2021)
Suscrito,1498,211.6939,0:08:28,20210525,Cómo CREAR una TARJETA de NEGOCIOS VIRTUAL 💳 PASO a PASO ▶ Tutorial CorelDRAW (2021)
Total,1675,90.6025,0:03:14,20210930,🧐 El Proceso de DISEÑO de LOGOS _DEFINITIVO_ en CorelDRAW ▶ PASO a PASO
Suscrito,923,53.9764,0:03:30,20210930,🧐 El Proceso de DISEÑO de LOGOS _DEFINITIVO_ en CorelDRAW ▶ PASO a PASO
No suscrito,752,36.6262,0:02:55,20210930,🧐 El Proceso de DISEÑO de LOGOS _DEFINITIVO_ en CorelDRAW ▶ PASO a PASO
Total,4511,238.5745,0:03:10,20220224,✨✔ ARMONIZA tus DISEÑOS si usas estas TÉCNICAS para CREAR LOGOS en CorelDRAW
No suscrito,2810,114.6849,0:02:26,20220224,✨✔ ARMONIZA tus DISEÑOS si usas estas TÉCNICAS para CREAR LOGOS en CorelDRAW
Suscrito,1701,123.8896,0:04:22,20220224,✨✔ ARMONIZA tus DISEÑOS si usas estas TÉCNICAS para CREAR LOGOS en CorelDRAW
Total,868,29.4859,0:02:02,20210914,🧩 EASY ▶ASSEMBLY◀ Techniques for Beginners & Experts ▷ CorelDRAW TUTORIAL 
Suscrito,677,21.4516,0:01:54,20210914,🧩 EASY ▶ASSEMBLY◀ Techniques for Beginners & Experts ▷ CorelDRAW TUTORIAL 
No suscrito,191,8.0343,0:02:31,20210914,🧩 EASY ▶ASSEMBLY◀ Techniques for Beginners & Experts ▷ CorelDRAW TUTORIAL 
Total,3843,207.2046,0:03:14,20211125,🔴 Cómo DISEÑAR LOGOS en POCOS PASOS 🧐 con CorelDRAW ► TUTORIAL
No suscrito,2128,114.2145,0:03:13,20211125,🔴 Cómo DISEÑAR LOGOS en POCOS PASOS 🧐 con CorelDRAW ► TUTORIAL
Suscrito,1715,92.9902,0:03:15,20211125,🔴 Cómo DISEÑAR LOGOS en POCOS PASOS 🧐 con CorelDRAW ► TUTORIAL
Total,3381,203.4507,0:03:36,20220210,✔✨Sigue estos MÉTODOS ESENCIALES para CREAR LOGOS en CorelDRAW ▶ TUTORIAL
Suscrito,1838,120.0089,0:03:55,20220210,✔✨Sigue estos MÉTODOS ESENCIALES para CREAR LOGOS en CorelDRAW ▶ TUTORIAL
No suscrito,1543,83.4417,0:03:14,20220210,✔✨Sigue estos MÉTODOS ESENCIALES para CREAR LOGOS en CorelDRAW ▶ TUTORIAL
Total,1810,78.4546,0:02:36,20211130,😲 DOMINA la GEOMETRÍA para DISEÑAR LOGOS en CorelDRAW ► TUTORIAL
Suscrito,1152,51.5714,0:02:41,20211130,😲 DOMINA la GEOMETRÍA para DISEÑAR LOGOS en CorelDRAW ► TUTORIAL
No suscrito,658,26.8832,0:02:27,20211130,😲 DOMINA la GEOMETRÍA para DISEÑAR LOGOS en CorelDRAW ► TUTORIAL
Total,3044,411.7951,0:08:07,20220426,✨✔ APLICA estas TÉCNICAS AVANZADAS para CREAR LOGOS en CorelDRAW ▶ TUTORIAL
Suscrito,1674,215.6437,0:07:43,20220426,✨✔ APLICA estas TÉCNICAS AVANZADAS para CREAR LOGOS en CorelDRAW ▶ TUTORIAL
No suscrito,1370,196.1514,0:08:35,20220426,✨✔ APLICA estas TÉCNICAS AVANZADAS para CREAR LOGOS en CorelDRAW ▶ TUTORIAL
Total,1005,7.1678,0:00:25,20220226,🏃🏼_♂️🚴🏼_♂️Construye ASÍ DISEÑO de LOGOS
No suscrito,685,4.7954,0:00:25,20220226,🏃🏼_♂️🚴🏼_♂️Construye ASÍ DISEÑO de LOGOS
Suscrito,320,2.3724,0:00:26,20220226,🏃🏼_♂️🚴🏼_♂️Construye ASÍ DISEÑO de LOGOS
Total,999,28.405,0:01:42,20210415,🔴 Tutorial PERSPECTIVA de 3 puntos de fuga (vista de GUSANO 🐛) ▷ CorelDRAW 2021 de DelcaVideography
No suscrito,600,16.3473,0:01:38,20210415,🔴 Tutorial PERSPECTIVA de 3 puntos de fuga (vista de GUSANO 🐛) ▷ CorelDRAW 2021 de DelcaVideography
Suscrito,399,12.0577,0:01:48,20210415,🔴 Tutorial PERSPECTIVA de 3 puntos de fuga (vista de GUSANO 🐛) ▷ CorelDRAW 2021 de DelcaVideography
Total,1219,33.6398,0:01:39,20210831,💡 CorelDRAW KEY 🔑 TIPS for Pro & Beginners _ Lightbulb ICON ▶
Suscrito,942,26.2238,0:01:40,20210831,💡 CorelDRAW KEY 🔑 TIPS for Pro & Beginners _ Lightbulb ICON ▶
No suscrito,277,7.416,0:01:36,20210831,💡 CorelDRAW KEY 🔑 TIPS for Pro & Beginners _ Lightbulb ICON ▶
Total,3039,172.5609,0:03:24,20220315,🔥 USA LETRAS para CREAR LOGOS si SIGUES estos PASOS ▶ TUTORIAL
Suscrito,1923,118.1508,0:03:41,20220315,🔥 USA LETRAS para CREAR LOGOS si SIGUES estos PASOS ▶ TUTORIAL
No suscrito,1116,54.4101,0:02:55,20220315,🔥 USA LETRAS para CREAR LOGOS si SIGUES estos PASOS ▶ TUTORIAL
Total,2163,180.0385,0:04:59,20220705,⭐ APRENDE a DIBUJAR así ✍🏼SÓLO SI HACES ESTO ▶ TUTORIAL CorelDRAW
Suscrito,1438,125.1424,0:05:13,20220705,⭐ APRENDE a DIBUJAR así ✍🏼SÓLO SI HACES ESTO ▶ TUTORIAL CorelDRAW
No suscrito,725,54.8961,0:04:32,20220705,⭐ APRENDE a DIBUJAR así ✍🏼SÓLO SI HACES ESTO ▶ TUTORIAL CorelDRAW
Total,1157,34.113,0:01:46,20210802,🌟 CorelDRAW FAST Techniques for Beginners ▶ 3 MIN⏰ TUTORIAL OLYMPIC GAMES Logo
Suscrito,607,19.147,0:01:53,20210802,🌟 CorelDRAW FAST Techniques for Beginners ▶ 3 MIN⏰ TUTORIAL OLYMPIC GAMES Logo
No suscrito,550,14.966,0:01:37,20210802,🌟 CorelDRAW FAST Techniques for Beginners ▶ 3 MIN⏰ TUTORIAL OLYMPIC GAMES Logo
Total,3297,151.6939,0:02:45,20210427,⚡ La MEJOR FORMA de ORGANIZAR tus PÁGINAS 🔥 en CorelDRAW 👉🏼 Tutorial (2021) 😮 de DelcaVideography
No suscrito,2208,103.869,0:02:49,20210427,⚡ La MEJOR FORMA de ORGANIZAR tus PÁGINAS 🔥 en CorelDRAW 👉🏼 Tutorial (2021) 😮 de DelcaVideography
Suscrito,1089,47.8249,0:02:38,20210427,⚡ La MEJOR FORMA de ORGANIZAR tus PÁGINAS 🔥 en CorelDRAW 👉🏼 Tutorial (2021) 😮 de DelcaVideography
Total,1589,120.7222,0:04:33,20220621,⚡ SIMPLIFICA ASÍ tus DISEÑOS 🤔 ▶ TUTORIAL CorelDRAW
Suscrito,905,76.6722,0:05:04,20220621,⚡ SIMPLIFICA ASÍ tus DISEÑOS 🤔 ▶ TUTORIAL CorelDRAW
No suscrito,684,44.0499,0:03:51,20220621,⚡ SIMPLIFICA ASÍ tus DISEÑOS 🤔 ▶ TUTORIAL CorelDRAW
Total,1504,19.6885,0:00:47,20210513,👉 Cuánto ESPACIO OCUPA Corel DRAW ▶
No suscrito,802,10.7615,0:00:48,20210513,👉 Cuánto ESPACIO OCUPA Corel DRAW ▶
Suscrito,702,8.9271,0:00:45,20210513,👉 Cuánto ESPACIO OCUPA Corel DRAW ▶
Total,1230,72.6054,0:03:32,20210610,👉🏼 7 Programas GRATUITOS para EDITAR VÍDEOS 💥 que DEDEBS CONOCER🔥
Suscrito,831,51.0455,0:03:41,20210610,👉🏼 7 Programas GRATUITOS para EDITAR VÍDEOS 💥 que DEDEBS CONOCER🔥
No suscrito,399,21.5599,0:03:14,20210610,👉🏼 7 Programas GRATUITOS para EDITAR VÍDEOS 💥 que DEDEBS CONOCER🔥
Total,1645,83.985,0:03:03,20210824,📌 Learn the CorelDRAW BEST Techniques for LOGO Design
Suscrito,961,54.3797,0:03:23,20210824,📌 Learn the CorelDRAW BEST Techniques for LOGO Design
No suscrito,684,29.6054,0:02:35,20210824,📌 Learn the CorelDRAW BEST Techniques for LOGO Design
Total,986,7.2706,0:00:26,20210804,🤯 Técnicas para DISEÑAR LOGOS increíbles en CorelDRAW
Suscrito,531,4.3391,0:00:29,20210804,🤯 Técnicas para DISEÑAR LOGOS increíbles en CorelDRAW
No suscrito,455,2.9314,0:00:23,20210804,🤯 Técnicas para DISEÑAR LOGOS increíbles en CorelDRAW
Total,2251,177.1279,0:04:43,20211014,🎇 COMBINA estas TÉCNICAS para _CREAR LOGOS INCREÍBLES_ en CorelDRAW
Suscrito,1625,130.7984,0:04:49,20211014,🎇 COMBINA estas TÉCNICAS para _CREAR LOGOS INCREÍBLES_ en CorelDRAW
No suscrito,626,46.3296,0:04:26,20211014,🎇 COMBINA estas TÉCNICAS para _CREAR LOGOS INCREÍBLES_ en CorelDRAW
Total,625,6.3257,0:00:36,20210722,CÓMO VECTORIZAR PAISAJES_ Tutorial práctico
Suscrito,319,3.6194,0:00:40,20210722,CÓMO VECTORIZAR PAISAJES_ Tutorial práctico
No suscrito,306,2.7064,0:00:31,20210722,CÓMO VECTORIZAR PAISAJES_ Tutorial práctico
Total,1392,59.9538,0:02:35,20211028,🐱_👤Con estos MÉTODOS PRÁCTICOS 🧐 puedes DISEÑAR LOGOS Fácilmente en CorelDRAW
Suscrito,1103,46.2136,0:02:30,20211028,🐱_👤Con estos MÉTODOS PRÁCTICOS 🧐 puedes DISEÑAR LOGOS Fácilmente en CorelDRAW
No suscrito,289,13.7402,0:02:51,20211028,🐱_👤Con estos MÉTODOS PRÁCTICOS 🧐 puedes DISEÑAR LOGOS Fácilmente en CorelDRAW
Total,1032,88.8506,0:05:09,20220726,⭐ 7 HERRAMIENTAS que DEBES CONOCER para DISEÑAR en CorelDRAW TUTORIAL DelcaVideography de DelcaVideography
Suscrito,813,64.7713,0:04:46,20220726,⭐ 7 HERRAMIENTAS que DEBES CONOCER para DISEÑAR en CorelDRAW TUTORIAL DelcaVideography de DelcaVideography
No suscrito,219,24.0793,0:06:35,20220726,⭐ 7 HERRAMIENTAS que DEBES CONOCER para DISEÑAR en CorelDRAW TUTORIAL DelcaVideography de DelcaVideography
Total,2390,170.4774,0:04:16,20211102,🎱🥌 La MEJOR FORMA de APLICAR TEXTURAS 3D ⚙ a LOGOS en CorelDRAW
Suscrito,1519,113.4804,0:04:28,20211102,🎱🥌 La MEJOR FORMA de APLICAR TEXTURAS 3D ⚙ a LOGOS en CorelDRAW
No suscrito,871,56.997,0:03:55,20211102,🎱🥌 La MEJOR FORMA de APLICAR TEXTURAS 3D ⚙ a LOGOS en CorelDRAW
Total,4825,186.7283,0:02:19,20210325,🌟 DESCUBRE cómo REEMPLAZAR COLORES de IMÁGENES (FÁCIL) en CorelDRAW 2021 ▶ DelcaVideography de DelcaVideography
No suscrito,3374,128.5336,0:02:17,20210325,🌟 DESCUBRE cómo REEMPLAZAR COLORES de IMÁGENES (FÁCIL) en CorelDRAW 2021 ▶ DelcaVideography de DelcaVideography
Suscrito,1451,58.1946,0:02:24,20210325,🌟 DESCUBRE cómo REEMPLAZAR COLORES de IMÁGENES (FÁCIL) en CorelDRAW 2021 ▶ DelcaVideography de DelcaVideography
Total,1167,52.0842,0:02:40,20210817,🔥 CorelDRAW Tips & Tricks for Beginners & Experts ▶ LOGO TUTORIAL
Suscrito,876,36.6402,0:02:30,20210817,🔥 CorelDRAW Tips & Tricks for Beginners & Experts ▶ LOGO TUTORIAL
No suscrito,291,15.444,0:03:11,20210817,🔥 CorelDRAW Tips & Tricks for Beginners & Experts ▶ LOGO TUTORIAL
Total,1161,57.3995,0:02:57,20210721,💚 CorelDRAW EASIEST Techniques for Beginners & Experts (💗+🎀) ▶ LOGO Tutorial
Suscrito,754,39.8773,0:03:10,20210721,💚 CorelDRAW EASIEST Techniques for Beginners & Experts (💗+🎀) ▶ LOGO Tutorial
No suscrito,407,17.5222,0:02:34,20210721,💚 CorelDRAW EASIEST Techniques for Beginners & Experts (💗+🎀) ▶ LOGO Tutorial
Total,476,4.5199,0:00:34,20210922,😃 Te ENSEÑO cómo es el PROCESO de DISEÑO
Suscrito,396,3.6935,0:00:33,20210922,😃 Te ENSEÑO cómo es el PROCESO de DISEÑO
No suscrito,80,0.8263,0:00:37,20210922,😃 Te ENSEÑO cómo es el PROCESO de DISEÑO
Total,1606,82.2658,0:03:04,20210810,🔥 CorelDRAW ADVANCE Techniques for Beginners & Experts _ LOGO TUTORIAL ▶
Suscrito,984,52.5474,0:03:12,20210810,🔥 CorelDRAW ADVANCE Techniques for Beginners & Experts _ LOGO TUTORIAL ▶
No suscrito,622,29.7184,0:02:52,20210810,🔥 CorelDRAW ADVANCE Techniques for Beginners & Experts _ LOGO TUTORIAL ▶
Total,3571,240.4057,0:04:02,20220120,🧐 PRESTA mucha ATENCIÓN a estos DETALLES para DISEÑAR LOGOS en CorelDRAW 😱
Suscrito,2327,150.6557,0:03:53,20220120,🧐 PRESTA mucha ATENCIÓN a estos DETALLES para DISEÑAR LOGOS en CorelDRAW 😱
No suscrito,1244,89.75,0:04:19,20220120,🧐 PRESTA mucha ATENCIÓN a estos DETALLES para DISEÑAR LOGOS en CorelDRAW 😱
Total,292,2.0601,0:00:25,20210730,🤯 Nueva SERIE en DelcaVideography ▶ LOGOS EXPRESS ›› Parte 1 ‹‹ SHORTS
Suscrito,234,1.6371,0:00:25,20210730,🤯 Nueva SERIE en DelcaVideography ▶ LOGOS EXPRESS ›› Parte 1 ‹‹ SHORTS
No suscrito,58,0.423,0:00:26,20210730,🤯 Nueva SERIE en DelcaVideography ▶ LOGOS EXPRESS ›› Parte 1 ‹‹ SHORTS
Total,1620,49.9267,0:01:50,20210318,🌟 DESCUBRE el Nuevo MULTIPÁGINA de CorelDRAW 2021 ▶ DelcaVideography de DelcaVideography
Suscrito,908,28.0952,0:01:51,20210318,🌟 DESCUBRE el Nuevo MULTIPÁGINA de CorelDRAW 2021 ▶ DelcaVideography de DelcaVideography
No suscrito,712,21.8315,0:01:50,20210318,🌟 DESCUBRE el Nuevo MULTIPÁGINA de CorelDRAW 2021 ▶ DelcaVideography de DelcaVideography
Total,9866,271.8139,0:01:39,20210510,👉 Estos son los REQUISITOS para INSTALAR Corel DRAW ▶
No suscrito,8699,237.6628,0:01:38,20210510,👉 Estos son los REQUISITOS para INSTALAR Corel DRAW ▶
Suscrito,1167,34.1511,0:01:45,20210510,👉 Estos son los REQUISITOS para INSTALAR Corel DRAW ▶
Total,5283,225.6908,0:02:33,20220427,Estas son las ÚLTIMAS NOVEDADES de COREL DRAW 2022
No suscrito,3767,146.327,0:02:19,20220427,Estas son las ÚLTIMAS NOVEDADES de COREL DRAW 2022
Suscrito,1516,79.3638,0:03:08,20220427,Estas son las ÚLTIMAS NOVEDADES de COREL DRAW 2022
Total,2425,252.7545,0:06:15,20210907,⚡ CorelDRAW ›NEW YORK CITY‹ 🗽 Retro NEON Design TUTORIAL
Suscrito,1590,166.395,0:06:16,20210907,⚡ CorelDRAW ›NEW YORK CITY‹ 🗽 Retro NEON Design TUTORIAL
No suscrito,835,86.3594,0:06:12,20210907,⚡ CorelDRAW ›NEW YORK CITY‹ 🗽 Retro NEON Design TUTORIAL
Total,1113,41.1099,0:02:12,20210425,🔴 Cómo funciona la PERSPECTIVA de 1 punto de fuga ▷ Tutorial CorelDRAW 2021 de DelcaVideography
No suscrito,606,22.0095,0:02:10,20210425,🔴 Cómo funciona la PERSPECTIVA de 1 punto de fuga ▷ Tutorial CorelDRAW 2021 de DelcaVideography
Suscrito,507,19.1004,0:02:15,20210425,🔴 Cómo funciona la PERSPECTIVA de 1 punto de fuga ▷ Tutorial CorelDRAW 2021 de DelcaVideography
Total,23887,1537.5073,0:03:51,20210315,🌟 Lo NUEVO de CorelDRAW 2021 ▶ DelcaVideography de DelcaVideography
No suscrito,19721,1183.5266,0:03:36,20210315,🌟 Lo NUEVO de CorelDRAW 2021 ▶ DelcaVideography de DelcaVideography
Suscrito,4166,353.9807,0:05:05,20210315,🌟 Lo NUEVO de CorelDRAW 2021 ▶ DelcaVideography de DelcaVideography
Total,2099,59.92,0:01:42,20220222,😎 Así FUNCIONAN los PAQUETES de EFECTOS de MOVAVI ▶
No suscrito,1581,48.3215,0:01:50,20220222,😎 Así FUNCIONAN los PAQUETES de EFECTOS de MOVAVI ▶
Suscrito,518,11.5986,0:01:20,20220222,😎 Así FUNCIONAN los PAQUETES de EFECTOS de MOVAVI ▶
Total,1511,78.0586,0:03:05,20210713,🔥 CorelDRAW BASIC Techniques for Beginners & Experts ▶ 3D LOGO TUTORIAL
Suscrito,1165,60.47,0:03:06,20210713,🔥 CorelDRAW BASIC Techniques for Beginners & Experts ▶ 3D LOGO TUTORIAL
No suscrito,346,17.5886,0:03:03,20210713,🔥 CorelDRAW BASIC Techniques for Beginners & Experts ▶ 3D LOGO TUTORIAL
Total,1525,60.954,0:02:23,20210727,🔥 LOGO TUTORIAL ▶ CorelDRAW MUST KNOWN Techniques for Beginners & Experts
Suscrito,1083,45.1609,0:02:30,20210727,🔥 LOGO TUTORIAL ▶ CorelDRAW MUST KNOWN Techniques for Beginners & Experts
No suscrito,442,15.7931,0:02:08,20210727,🔥 LOGO TUTORIAL ▶ CorelDRAW MUST KNOWN Techniques for Beginners & Experts
Total,4248,391.6548,0:05:31,20211012,💪🏼 DOMINA esta TÉCNICA para diseñar LOGOS como este en CorelDRAW 🍺
Suscrito,2303,220.5132,0:05:44,20211012,💪🏼 DOMINA esta TÉCNICA para diseñar LOGOS como este en CorelDRAW 🍺
No suscrito,1945,171.1416,0:05:16,20211012,💪🏼 DOMINA esta TÉCNICA para diseñar LOGOS como este en CorelDRAW 🍺
Total,13756,424.2588,0:01:51,20211202,✔✨ Aprende LA TÉCNICA CREATIVA para CREAR LOGOS GRATIS en CorelDRAW ▶ TUTORIAL
No suscrito,11438,297.8282,0:01:33,20211202,✔✨ Aprende LA TÉCNICA CREATIVA para CREAR LOGOS GRATIS en CorelDRAW ▶ TUTORIAL
Suscrito,2318,126.4306,0:03:16,20211202,✔✨ Aprende LA TÉCNICA CREATIVA para CREAR LOGOS GRATIS en CorelDRAW ▶ TUTORIAL
Total,1377,47.2637,0:02:03,20220208,⚡ Cómo CREAR 7 EFECTOS GLITCH PRO con MOVAVI Video Editor Plus 2022 ▶ TUTORIAL
Suscrito,707,21.9064,0:01:51,20220208,⚡ Cómo CREAR 7 EFECTOS GLITCH PRO con MOVAVI Video Editor Plus 2022 ▶ TUTORIAL
No suscrito,670,25.3573,0:02:16,20220208,⚡ Cómo CREAR 7 EFECTOS GLITCH PRO con MOVAVI Video Editor Plus 2022 ▶ TUTORIAL
Total,1824,10.7921,0:00:21,20220325,🤔 USA esta forma para CREAR DISEÑOS
No suscrito,1262,7.2349,0:00:20,20220325,🤔 USA esta forma para CREAR DISEÑOS
Suscrito,562,3.5572,0:00:22,20220325,🤔 USA esta forma para CREAR DISEÑOS
Total,637,6.0713,0:00:34,20210724,💚🏃_♀️ CorelDRAW ▶ SPEEDRUN MONSTER Short
Suscrito,335,3.2601,0:00:35,20210724,💚🏃_♀️ CorelDRAW ▶ SPEEDRUN MONSTER Short
No suscrito,302,2.8112,0:00:33,20210724,💚🏃_♀️ CorelDRAW ▶ SPEEDRUN MONSTER Short
Total,1320,126.9103,0:05:46,20220628,⚡ El TUTORIAL que te CONVERTIRÁ en PRO  ▶ Debes VERLO 👉🏼 CorelDRAW
Suscrito,857,87.5683,0:06:07,20220628,⚡ El TUTORIAL que te CONVERTIRÁ en PRO  ▶ Debes VERLO 👉🏼 CorelDRAW
No suscrito,463,39.3421,0:05:05,20220628,⚡ El TUTORIAL que te CONVERTIRÁ en PRO  ▶ Debes VERLO 👉🏼 CorelDRAW
Total,5159,248.5148,0:02:53,20220127,✔✨ Sigue el PROCESO PASO a PASO y APRENDE A CREAR LOGOS en CorelDRAW ► TUTORIAL
No suscrito,3061,117.8015,0:02:18,20220127,✔✨ Sigue el PROCESO PASO a PASO y APRENDE A CREAR LOGOS en CorelDRAW ► TUTORIAL
Suscrito,2098,130.7133,0:03:44,20220127,✔✨ Sigue el PROCESO PASO a PASO y APRENDE A CREAR LOGOS en CorelDRAW ► TUTORIAL
Total,1760,116.1147,0:03:57,20220504,✨✔ Te ENSEÑO estas TÉCNICAS para que DISEÑES como un PRO ▶ TUTORIAL CorelDRAW
Suscrito,1417,90.342,0:03:49,20220504,✨✔ Te ENSEÑO estas TÉCNICAS para que DISEÑES como un PRO ▶ TUTORIAL CorelDRAW
No suscrito,343,25.7727,0:04:30,20220504,✨✔ Te ENSEÑO estas TÉCNICAS para que DISEÑES como un PRO ▶ TUTORIAL CorelDRAW
Total,1435,98.2487,0:04:06,20220607,🛠 Con estas 7 TÉCNICAS vas a DISEÑAR como un PROFESIONAL 😎 en CorelDRAW TUTORIAL DelcaVideography de DelcaVideography
Suscrito,1131,74.1881,0:03:56,20220607,🛠 Con estas 7 TÉCNICAS vas a DISEÑAR como un PROFESIONAL 😎 en CorelDRAW TUTORIAL DelcaVideography de DelcaVideography
No suscrito,304,24.0606,0:04:44,20220607,🛠 Con estas 7 TÉCNICAS vas a DISEÑAR como un PROFESIONAL 😎 en CorelDRAW TUTORIAL DelcaVideography de DelcaVideography
Total,1314,85.342,0:03:53,20211216,🤘🏼 Así PODRÁS crear INTROS ANIMADAS para tu TRABAJO y REDES SOCIALES en MINUTOS
Suscrito,1037,68.7631,0:03:58,20211216,🤘🏼 Así PODRÁS crear INTROS ANIMADAS para tu TRABAJO y REDES SOCIALES en MINUTOS
No suscrito,277,16.5789,0:03:35,20211216,🤘🏼 Así PODRÁS crear INTROS ANIMADAS para tu TRABAJO y REDES SOCIALES en MINUTOS
Total,151522,5615.8666,0:02:13,20211123,✔✨ Sigue estos MÉTODOS para DISEÑAR tus LOGOS en CorelDRAW ► TUTORIAL
No suscrito,145240,5068.1488,0:02:05,20211123,✔✨ Sigue estos MÉTODOS para DISEÑAR tus LOGOS en CorelDRAW ► TUTORIAL
Suscrito,6282,547.7178,0:05:13,20211123,✔✨ Sigue estos MÉTODOS para DISEÑAR tus LOGOS en CorelDRAW ► TUTORIAL
Total,1962,23.559,0:00:43,20210518,💙 Curso VEGAS PRO en YOUTUBE 2021 (Entrenamiento Online) ▶
Suscrito,1123,14.6214,0:00:46,20210518,💙 Curso VEGAS PRO en YOUTUBE 2021 (Entrenamiento Online) ▶
No suscrito,839,8.9377,0:00:38,20210518,💙 Curso VEGAS PRO en YOUTUBE 2021 (Entrenamiento Online) ▶
Total,1380,11.3996,0:00:29,20210921,😜 Te enseño el BORRADOR de un archivo de CorelDRAW
Suscrito,850,6.7684,0:00:28,20210921,😜 Te enseño el BORRADOR de un archivo de CorelDRAW
No suscrito,530,4.6311,0:00:31,20210921,😜 Te enseño el BORRADOR de un archivo de CorelDRAW
Total,428,8.2558,0:01:09,20220512,😎 ¡AL FIN! ▶ UNBOXING PLACA de 100K 💪🏼 de YouTube 💖 DelcaVideography de DelcaVideography
Suscrito,364,6.76,0:01:06,20220512,😎 ¡AL FIN! ▶ UNBOXING PLACA de 100K 💪🏼 de YouTube 💖 DelcaVideography de DelcaVideography
No suscrito,64,1.4958,0:01:24,20220512,😎 ¡AL FIN! ▶ UNBOXING PLACA de 100K 💪🏼 de YouTube 💖 DelcaVideography de DelcaVideography
Total,1750,153.9714,0:05:16,20220719,⭐ 7 TÉCNICAS y CONSEJOS para DISEÑAR en CorelDRAW ▶ TUTORIAL
Suscrito,1182,103.0177,0:05:13,20220719,⭐ 7 TÉCNICAS y CONSEJOS para DISEÑAR en CorelDRAW ▶ TUTORIAL
No suscrito,568,50.9538,0:05:22,20220719,⭐ 7 TÉCNICAS y CONSEJOS para DISEÑAR en CorelDRAW ▶ TUTORIAL
Total,2188,159.1404,0:04:21,20220303,🧐 Sigue ESTE ORDEN en tus PROYECTOS ⭐ para CREAR LOGOS ASÍ en CorelDRAW
Suscrito,1725,119.7309,0:04:09,20220303,🧐 Sigue ESTE ORDEN en tus PROYECTOS ⭐ para CREAR LOGOS ASÍ en CorelDRAW
No suscrito,463,39.4095,0:05:06,20220303,🧐 Sigue ESTE ORDEN en tus PROYECTOS ⭐ para CREAR LOGOS ASÍ en CorelDRAW
Total,2183,206.4005,0:05:40,20210923,🌟 AMAZING PERSPECTIVE Tips ▶ CREATE 3D TEXT in CorelDRAW
Suscrito,1434,132.4252,0:05:32,20210923,🌟 AMAZING PERSPECTIVE Tips ▶ CREATE 3D TEXT in CorelDRAW
No suscrito,749,73.9752,0:05:55,20210923,🌟 AMAZING PERSPECTIVE Tips ▶ CREATE 3D TEXT in CorelDRAW
Total,2458,160.598,0:03:55,20220331,✨✔ DISEÑA como un PROFESIONAL si SIGUES estos PASOS en CorelDRAW
Suscrito,1802,114.6111,0:03:48,20220331,✨✔ DISEÑA como un PROFESIONAL si SIGUES estos PASOS en CorelDRAW
No suscrito,656,45.9868,0:04:12,20220331,✨✔ DISEÑA como un PROFESIONAL si SIGUES estos PASOS en CorelDRAW
Total,2821,160.71,0:03:25,20211104,🧐 DOMINA las MEJORES TÉCNICAS para CREAR LOGOS en CorelDRAW ▶ TUTORIAL
Suscrito,1661,100.897,0:03:38,20211104,🧐 DOMINA las MEJORES TÉCNICAS para CREAR LOGOS en CorelDRAW ▶ TUTORIAL
No suscrito,1160,59.813,0:03:05,20211104,🧐 DOMINA las MEJORES TÉCNICAS para CREAR LOGOS en CorelDRAW ▶ TUTORIAL
Total,637,2.7719,0:00:15,20210729,Wow! De un simple círculo a ESTO!!! LOGO TUTOTIAL
Suscrito,327,1.5734,0:00:17,20210729,Wow! De un simple círculo a ESTO!!! LOGO TUTOTIAL
No suscrito,310,1.1985,0:00:13,20210729,Wow! De un simple círculo a ESTO!!! LOGO TUTOTIAL
Total,4034,357.6949,0:05:19,20211214,🤫 Pon en PRÁCTICA el SECRETO para DISEÑAR este LOGO en CorelDRAW ▶▶ TUTORIAL
Suscrito,2125,196.1277,0:05:32,20211214,🤫 Pon en PRÁCTICA el SECRETO para DISEÑAR este LOGO en CorelDRAW ▶▶ TUTORIAL
No suscrito,1909,161.5672,0:05:04,20211214,🤫 Pon en PRÁCTICA el SECRETO para DISEÑAR este LOGO en CorelDRAW ▶▶ TUTORIAL
Total,3011,59.3655,0:01:10,20210506,👉 Cuánto CUESTA 💲 CorelDRAW ▶ 
No suscrito,1774,35.6873,0:01:12,20210506,👉 Cuánto CUESTA 💲 CorelDRAW ▶ 
Suscrito,1237,23.6782,0:01:08,20210506,👉 Cuánto CUESTA 💲 CorelDRAW ▶ 
Total,3034,200.6775,0:03:58,20211019,Si USAS esta TÉCNICA 🧐 puedes CREAR muchos LOGOS ▶ CorelDRAW
Suscrito,1888,125.0986,0:03:58,20211019,Si USAS esta TÉCNICA 🧐 puedes CREAR muchos LOGOS ▶ CorelDRAW
No suscrito,1146,75.5789,0:03:57,20211019,Si USAS esta TÉCNICA 🧐 puedes CREAR muchos LOGOS ▶ CorelDRAW
Total,4130,523.1473,0:07:36,20210928,🤜🏼 La MASTERCLASS que BUSCABAS 👉🏼  Técnicas AVANZADAS para DISEÑADORES CorelDRAW
No suscrito,2130,264.4067,0:07:26,20210928,🤜🏼 La MASTERCLASS que BUSCABAS 👉🏼  Técnicas AVANZADAS para DISEÑADORES CorelDRAW
Suscrito,2000,258.7406,0:07:45,20210928,🤜🏼 La MASTERCLASS que BUSCABAS 👉🏼  Técnicas AVANZADAS para DISEÑADORES CorelDRAW
Total,11619,740.5416,0:03:49,20220203,✔✨ DESCUBRE estas TÉCNICAS para CREAR DISEÑOS orgánicos en ▶ TUTORIAL
No suscrito,8425,427.0277,0:03:02,20220203,✔✨ DESCUBRE estas TÉCNICAS para CREAR DISEÑOS orgánicos en ▶ TUTORIAL
Suscrito,3194,313.5139,0:05:53,20220203,✔✨ DESCUBRE estas TÉCNICAS para CREAR DISEÑOS orgánicos en ▶ TUTORIAL
Total,1867,84.2964,0:02:42,20210805,🔴 CorelDRAW MUST KNOWN Techniques for Beginners & Experts ▶ 3D LOGO TUTORIAL
Suscrito,1408,64.5146,0:02:44,20210805,🔴 CorelDRAW MUST KNOWN Techniques for Beginners & Experts ▶ 3D LOGO TUTORIAL
No suscrito,459,19.7818,0:02:35,20210805,🔴 CorelDRAW MUST KNOWN Techniques for Beginners & Experts ▶ 3D LOGO TUTORIAL
Total,1811,142.3578,0:04:42,20210916,✒️APRENDE a ILUSTRAR ASÍ en CorelDRAW ✍️ TRUCOS & CONSEJOS CLAVE
Suscrito,1402,108.2501,0:04:37,20210916,✒️APRENDE a ILUSTRAR ASÍ en CorelDRAW ✍️ TRUCOS & CONSEJOS CLAVE
No suscrito,409,34.1077,0:05:00,20210916,✒️APRENDE a ILUSTRAR ASÍ en CorelDRAW ✍️ TRUCOS & CONSEJOS CLAVE
Total,1018,35.7847,0:02:06,20210819,Tips BÁSICOS para CREAR LOGOS EFICIENTES ▶ TUTORIAL CorelDRAW
Suscrito,773,27.189,0:02:06,20210819,Tips BÁSICOS para CREAR LOGOS EFICIENTES ▶ TUTORIAL CorelDRAW
No suscrito,245,8.5957,0:02:06,20210819,Tips BÁSICOS para CREAR LOGOS EFICIENTES ▶ TUTORIAL CorelDRAW
Total,951,21.9096,0:01:22,20210418,TIMELAPSE LOGO DESIGN TUTORIAL DelcaVideography de DelcaVideography
Suscrito,599,15.0154,0:01:30,20210418,TIMELAPSE LOGO DESIGN TUTORIAL DelcaVideography de DelcaVideography
No suscrito,352,6.8943,0:01:10,20210418,TIMELAPSE LOGO DESIGN TUTORIAL DelcaVideography de DelcaVideography
Total,1282,113.4128,0:05:18,20220614,✍🏼 Si APRENDES esta TÉCNICA puedes CREAR LOGOS como un PRO ▶ TUTORIAL CorelDRAW
Suscrito,836,74.3074,0:05:19,20220614,✍🏼 Si APRENDES esta TÉCNICA puedes CREAR LOGOS como un PRO ▶ TUTORIAL CorelDRAW
No suscrito,446,39.1054,0:05:15,20220614,✍🏼 Si APRENDES esta TÉCNICA puedes CREAR LOGOS como un PRO ▶ TUTORIAL CorelDRAW
Total,962,44.1079,0:02:45,20210921,🖱 EFECTO de PROYECCIÓN BÁSICA ▶ Tips para DISEÑAR en CorelDRAW
Suscrito,660,30.0664,0:02:43,20210921,🖱 EFECTO de PROYECCIÓN BÁSICA ▶ Tips para DISEÑAR en CorelDRAW
No suscrito,302,14.0415,0:02:47,20210921,🖱 EFECTO de PROYECCIÓN BÁSICA ▶ Tips para DISEÑAR en CorelDRAW
Total,5936,243.6507,0:02:27,20210520,👉 Estas son las PRINCIPALES HERRAMIENTAS 🛠 de Corel Draw ▶
No suscrito,4336,178.8258,0:02:28,20210520,👉 Estas son las PRINCIPALES HERRAMIENTAS 🛠 de Corel Draw ▶
Suscrito,1600,64.8249,0:02:25,20210520,👉 Estas son las PRINCIPALES HERRAMIENTAS 🛠 de Corel Draw ▶
Total,939,47.1552,0:03:00,20210701,🔥 CorelDRAW BEST Techniques for BEGINNERS & EXPERTS Tutorial ▶ SnowFlake ❄ (2021) 👉🏼
Suscrito,731,35.1489,0:02:53,20210701,🔥 CorelDRAW BEST Techniques for BEGINNERS & EXPERTS Tutorial ▶ SnowFlake ❄ (2021) 👉🏼
No suscrito,208,12.0063,0:03:27,20210701,🔥 CorelDRAW BEST Techniques for BEGINNERS & EXPERTS Tutorial ▶ SnowFlake ❄ (2021) 👉🏼
Total,476,2.4621,0:00:18,20210810,Quieres saber CÓMO se HACE este logo
Suscrito,373,1.9004,0:00:18,20210810,Quieres saber CÓMO se HACE este logo
No suscrito,103,0.5617,0:00:19,20210810,Quieres saber CÓMO se HACE este logo
Total,1187,12.2984,0:00:37,20210819,Speedrun LOGO MAKER Tutorial (1min)
Suscrito,612,7.1298,0:00:41,20210819,Speedrun LOGO MAKER Tutorial (1min)
No suscrito,575,5.1686,0:00:32,20210819,Speedrun LOGO MAKER Tutorial (1min)
Total,1697,80.1163,0:02:49,20210722,🔥 CorelDRAW GREAT Techniques for Beginners & Experts ▶ LOGO TUTORIAL (🌸+♻)
Suscrito,1088,52.9294,0:02:55,20210722,🔥 CorelDRAW GREAT Techniques for Beginners & Experts ▶ LOGO TUTORIAL (🌸+♻)
No suscrito,609,27.1869,0:02:40,20210722,🔥 CorelDRAW GREAT Techniques for Beginners & Experts ▶ LOGO TUTORIAL (🌸+♻)
Total,1486,66.1176,0:02:40,20210812,🔥 CorelDRAW KEY Techniques for Beginners & Experts ▶ LOGO TUTORIAL
Suscrito,1182,53.0,0:02:41,20210812,🔥 CorelDRAW KEY Techniques for Beginners & Experts ▶ LOGO TUTORIAL
No suscrito,304,13.1176,0:02:35,20210812,🔥 CorelDRAW KEY Techniques for Beginners & Experts ▶ LOGO TUTORIAL
Total,1759,101.0199,0:03:26,20211026,🐝 ESTA es la FORMA INTELIGENTE 😱 de usar la GEOMETRÍA para DISEÑAR ▶ CorelDRAW
Suscrito,1271,77.906,0:03:40,20211026,🐝 ESTA es la FORMA INTELIGENTE 😱 de usar la GEOMETRÍA para DISEÑAR ▶ CorelDRAW
No suscrito,488,23.114,0:02:50,20211026,🐝 ESTA es la FORMA INTELIGENTE 😱 de usar la GEOMETRÍA para DISEÑAR ▶ CorelDRAW
Total,996,63.5885,0:03:49,20210413,🔴 Tutorial PERSPECTIVA de 3 puntos de fuga (vista de AVE 🕊) ▷ CorelDRAW 2021 de DelcaVideography
Suscrito,574,38.3607,0:04:00,20210413,🔴 Tutorial PERSPECTIVA de 3 puntos de fuga (vista de AVE 🕊) ▷ CorelDRAW 2021 de DelcaVideography
No suscrito,422,25.2278,0:03:35,20210413,🔴 Tutorial PERSPECTIVA de 3 puntos de fuga (vista de AVE 🕊) ▷ CorelDRAW 2021 de DelcaVideography
Total,4460,124.9825,0:01:40,20210323,🌟 Ahora puedes EXPORTAR VARIAS IMÁGENES en un PASO con CorelDRAW 2021 ▶ DelcaVideography de DelcaVideography
No suscrito,3566,99.2975,0:01:40,20210323,🌟 Ahora puedes EXPORTAR VARIAS IMÁGENES en un PASO con CorelDRAW 2021 ▶ DelcaVideography de DelcaVideography
Suscrito,894,25.685,0:01:43,20210323,🌟 Ahora puedes EXPORTAR VARIAS IMÁGENES en un PASO con CorelDRAW 2021 ▶ DelcaVideography de DelcaVideography
Total,584,5.8118,0:00:35,20210924,😊  Te ENSEÑO archivo de Trabajo en CorelDRAW
Suscrito,512,5.0686,0:00:35,20210924,😊  Te ENSEÑO archivo de Trabajo en CorelDRAW
No suscrito,72,0.7432,0:00:37,20210924,😊  Te ENSEÑO archivo de Trabajo en CorelDRAW
Total,1609,70.5007,0:02:37,20210706,🔥 CorelDRAW Best Geometry Tricks Logo TUTORIAL ▶▶ MICROSOFT EDGE 👉🏼
Suscrito,931,41.8152,0:02:41,20210706,🔥 CorelDRAW Best Geometry Tricks Logo TUTORIAL ▶▶ MICROSOFT EDGE 👉🏼
No suscrito,678,28.6854,0:02:32,20210706,🔥 CorelDRAW Best Geometry Tricks Logo TUTORIAL ▶▶ MICROSOFT EDGE 👉🏼
Total,3674,234.8777,0:03:50,20220217,😎 DOMINA estas TÉCNICAS de DISEÑO para CREAR LOGOS en CorelDRAW ▶ TUTORIAL
Suscrito,1992,138.2525,0:04:09,20220217,😎 DOMINA estas TÉCNICAS de DISEÑO para CREAR LOGOS en CorelDRAW ▶ TUTORIAL
No suscrito,1682,96.6253,0:03:26,20220217,😎 DOMINA estas TÉCNICAS de DISEÑO para CREAR LOGOS en CorelDRAW ▶ TUTORIAL
Total,1591,138.6238,0:05:13,20220510,⚡ DISEÑA el LOGO GRATIS para TU NEGOCIO en CorelDRAW  ▶ TUTORIAL
Suscrito,1133,97.0956,0:05:08,20220510,⚡ DISEÑA el LOGO GRATIS para TU NEGOCIO en CorelDRAW  ▶ TUTORIAL
No suscrito,458,41.5282,0:05:26,20220510,⚡ DISEÑA el LOGO GRATIS para TU NEGOCIO en CorelDRAW  ▶ TUTORIAL
Total,2699,242.7542,0:05:23,20220322,✨✔ CONOCE el PASO a PASO para CREAR este LOGO en CorelDRAW ▶ TUTORIAL
Suscrito,1653,137.134,0:04:58,20220322,✨✔ CONOCE el PASO a PASO para CREAR este LOGO en CorelDRAW ▶ TUTORIAL
No suscrito,1046,105.6202,0:06:03,20220322,✨✔ CONOCE el PASO a PASO para CREAR este LOGO en CorelDRAW ▶ TUTORIAL
Total,1328,131.4338,0:05:56,20220816,⭐ 7 TIPS INDISPENSABLES para DISEÑAR en CorelDRAW ▶ TUTORIAL
Suscrito,980,92.9994,0:05:41,20220816,⭐ 7 TIPS INDISPENSABLES para DISEÑAR en CorelDRAW ▶ TUTORIAL
No suscrito,348,38.4343,0:06:37,20220816,⭐ 7 TIPS INDISPENSABLES para DISEÑAR en CorelDRAW ▶ TUTORIAL
Total,1575,13.1204,0:00:29,20220225,🏃🏼_♂️🚴🏼_♂️Así CREAS LOGOS en CorelDRAW como un PRO
No suscrito,1178,9.5448,0:00:29,20220225,🏃🏼_♂️🚴🏼_♂️Así CREAS LOGOS en CorelDRAW como un PRO
Suscrito,397,3.5757,0:00:32,20220225,🏃🏼_♂️🚴🏼_♂️Así CREAS LOGOS en CorelDRAW como un PRO
Total,891,34.521,0:02:19,20210708,🔥 CorelDRAW BEST Techniques for Beginner & Experts TUTORIAL ▶ S Loop (2021) 👉🏼
Suscrito,720,27.9692,0:02:19,20210708,🔥 CorelDRAW BEST Techniques for Beginner & Experts TUTORIAL ▶ S Loop (2021) 👉🏼
No suscrito,171,6.5518,0:02:17,20210708,🔥 CorelDRAW BEST Techniques for Beginner & Experts TUTORIAL ▶ S Loop (2021) 👉🏼
Total,1796,89.6495,0:02:59,20211021,✒️ + 🐧Aprende a COMBINAR CONCEPTOS 😏 para DISEÑAR en CorelDRAW
Suscrito,1421,71.7754,0:03:01,20211021,✒️ + 🐧Aprende a COMBINAR CONCEPTOS 😏 para DISEÑAR en CorelDRAW
No suscrito,375,17.8742,0:02:51,20211021,✒️ + 🐧Aprende a COMBINAR CONCEPTOS 😏 para DISEÑAR en CorelDRAW
Total,1430,78.4329,0:03:17,20210729,🔥 CorelDRAW AMAZING Techniques for Beginners & Experts ▶ LOGO TUTORIAL
Suscrito,777,44.8663,0:03:27,20210729,🔥 CorelDRAW AMAZING Techniques for Beginners & Experts ▶ LOGO TUTORIAL
No suscrito,653,33.5665,0:03:05,20210729,🔥 CorelDRAW AMAZING Techniques for Beginners & Experts ▶ LOGO TUTORIAL
Total,1286,36.6153,0:01:42,20210420,🔴 Cómo funciona la PERSPECTIVA de 2 PUNTOS de FUGA  ▷ Tutorial  CorelDRAW 2021 de DelcaVideography
No suscrito,665,18.0209,0:01:37,20210420,🔴 Cómo funciona la PERSPECTIVA de 2 PUNTOS de FUGA  ▷ Tutorial  CorelDRAW 2021 de DelcaVideography
Suscrito,621,18.5944,0:01:47,20210420,🔴 Cómo funciona la PERSPECTIVA de 2 PUNTOS de FUGA  ▷ Tutorial  CorelDRAW 2021 de DelcaVideography
