tipo_de_dispositivo,visualizaciones,tiempo_de_visualizacion_(horas),duracion_media_de_las_visualizaciones,fecha_publicacion,nombre_video
Total,1594,62.1296,0:02:20,20210826,🔗 LOGO TUTORIAL CorelDRAW ›BASIC‹ Tips & Tricks 💚 for Beginners & Experts
Teléfono móvil,949,25.7734,0:01:37,20210826,🔗 LOGO TUTORIAL CorelDRAW ›BASIC‹ Tips & Tricks 💚 for Beginners & Experts
Ordenador,496,27.0314,0:03:16,20210826,🔗 LOGO TUTORIAL CorelDRAW ›BASIC‹ Tips & Tricks 💚 for Beginners & Experts
TV,124,8.3482,0:04:02,20210826,🔗 LOGO TUTORIAL CorelDRAW ›BASIC‹ Tips & Tricks 💚 for Beginners & Experts
Tablet,25,0.9766,0:02:20,20210826,🔗 LOGO TUTORIAL CorelDRAW ›BASIC‹ Tips & Tricks 💚 for Beginners & Experts
Total,13062,589.1126,0:02:42,20220118,🤯 APRENDE a DISEÑAR LOGOS con ESTA TÉCNICA SECRETA en CorelDRAW
Teléfono móvil,7232,244.4468,0:02:01,20220118,🤯 APRENDE a DISEÑAR LOGOS con ESTA TÉCNICA SECRETA en CorelDRAW
Ordenador,4345,250.0744,0:03:27,20220118,🤯 APRENDE a DISEÑAR LOGOS con ESTA TÉCNICA SECRETA en CorelDRAW
TV,1262,80.7715,0:03:50,20220118,🤯 APRENDE a DISEÑAR LOGOS con ESTA TÉCNICA SECRETA en CorelDRAW
Tablet,220,13.3382,0:03:38,20220118,🤯 APRENDE a DISEÑAR LOGOS con ESTA TÉCNICA SECRETA en CorelDRAW
Total,2181,113.9934,0:03:08,20211111,🧐 La TABLETA GRÁFICA más BARATA y VENDIDA ¿Merece la pena_ Review VEIKK S640
Teléfono móvil,1139,50.6455,0:02:40,20211111,🧐 La TABLETA GRÁFICA más BARATA y VENDIDA ¿Merece la pena_ Review VEIKK S640
Ordenador,879,49.4073,0:03:22,20211111,🧐 La TABLETA GRÁFICA más BARATA y VENDIDA ¿Merece la pena_ Review VEIKK S640
TV,125,11.8076,0:05:40,20211111,🧐 La TABLETA GRÁFICA más BARATA y VENDIDA ¿Merece la pena_ Review VEIKK S640
Tablet,38,2.133,0:03:22,20211111,🧐 La TABLETA GRÁFICA más BARATA y VENDIDA ¿Merece la pena_ Review VEIKK S640
Total,2047,173.0057,0:05:04,20220419,🤯 CONSEJOS PRÁCTICOS para CREAR LOGOS en CorelDRAW ▶ TUTORIAL
Teléfono móvil,1136,69.9476,0:03:41,20220419,🤯 CONSEJOS PRÁCTICOS para CREAR LOGOS en CorelDRAW ▶ TUTORIAL
Ordenador,744,79.802,0:06:26,20220419,🤯 CONSEJOS PRÁCTICOS para CREAR LOGOS en CorelDRAW ▶ TUTORIAL
TV,133,18.8053,0:08:29,20220419,🤯 CONSEJOS PRÁCTICOS para CREAR LOGOS en CorelDRAW ▶ TUTORIAL
Tablet,33,4.4506,0:08:05,20220419,🤯 CONSEJOS PRÁCTICOS para CREAR LOGOS en CorelDRAW ▶ TUTORIAL
Total,1322,55.4837,0:02:31,20210902,CorelDRAW MAGIC ››Text EFFECT‹‹ 🌟 TIPS Tutorial ▶
Teléfono móvil,841,26.366,0:01:52,20210902,CorelDRAW MAGIC ››Text EFFECT‹‹ 🌟 TIPS Tutorial ▶
Ordenador,373,20.8556,0:03:21,20210902,CorelDRAW MAGIC ››Text EFFECT‹‹ 🌟 TIPS Tutorial ▶
TV,81,6.1623,0:04:33,20210902,CorelDRAW MAGIC ››Text EFFECT‹‹ 🌟 TIPS Tutorial ▶
Tablet,27,2.0998,0:04:39,20210902,CorelDRAW MAGIC ››Text EFFECT‹‹ 🌟 TIPS Tutorial ▶
Total,840,8.3036,0:00:35,20210725,🐙 LOGOTIPO + ILUSTRACIÓN Speedrun SHORT en Corel DRAW
Teléfono móvil,739,7.1834,0:00:34,20210725,🐙 LOGOTIPO + ILUSTRACIÓN Speedrun SHORT en Corel DRAW
Ordenador,71,0.8112,0:00:41,20210725,🐙 LOGOTIPO + ILUSTRACIÓN Speedrun SHORT en Corel DRAW
TV,19,0.1885,0:00:35,20210725,🐙 LOGOTIPO + ILUSTRACIÓN Speedrun SHORT en Corel DRAW
Tablet,11,0.1205,0:00:39,20210725,🐙 LOGOTIPO + ILUSTRACIÓN Speedrun SHORT en Corel DRAW
Total,796,36.2929,0:02:44,20210629,⚡ CorelDRAW BEST Techniques for BEGINNERS & EXPERTS TUTORIAL YIN YANG TUTORIAL (2021) ☯
Teléfono móvil,440,17.0316,0:02:19,20210629,⚡ CorelDRAW BEST Techniques for BEGINNERS & EXPERTS TUTORIAL YIN YANG TUTORIAL (2021) ☯
Ordenador,300,15.6692,0:03:08,20210629,⚡ CorelDRAW BEST Techniques for BEGINNERS & EXPERTS TUTORIAL YIN YANG TUTORIAL (2021) ☯
TV,41,2.9789,0:04:21,20210629,⚡ CorelDRAW BEST Techniques for BEGINNERS & EXPERTS TUTORIAL YIN YANG TUTORIAL (2021) ☯
Tablet,14,0.6126,0:02:37,20210629,⚡ CorelDRAW BEST Techniques for BEGINNERS & EXPERTS TUTORIAL YIN YANG TUTORIAL (2021) ☯
Total,2948,222.2494,0:04:31,20211109,🧐 Te ENSEÑO estas TÉCNICAS de DIBUJO para DISEÑAR en CorelDRAW 🏠 ► TUTORIAL
Teléfono móvil,1443,75.8864,0:03:09,20211109,🧐 Te ENSEÑO estas TÉCNICAS de DIBUJO para DISEÑAR en CorelDRAW 🏠 ► TUTORIAL
Ordenador,1262,119.2402,0:05:40,20211109,🧐 Te ENSEÑO estas TÉCNICAS de DIBUJO para DISEÑAR en CorelDRAW 🏠 ► TUTORIAL
TV,194,22.1632,0:06:51,20211109,🧐 Te ENSEÑO estas TÉCNICAS de DIBUJO para DISEÑAR en CorelDRAW 🏠 ► TUTORIAL
Tablet,49,4.9596,0:06:04,20211109,🧐 Te ENSEÑO estas TÉCNICAS de DIBUJO para DISEÑAR en CorelDRAW 🏠 ► TUTORIAL
Total,722,4.5453,0:00:22,20211122,¿Puedes adivinar lo que es_ DelcaVideography #short
Teléfono móvil,549,3.2315,0:00:21,20211122,¿Puedes adivinar lo que es_ DelcaVideography #short
Ordenador,124,0.9904,0:00:28,20211122,¿Puedes adivinar lo que es_ DelcaVideography #short
TV,34,0.2484,0:00:26,20211122,¿Puedes adivinar lo que es_ DelcaVideography #short
Tablet,15,0.0749,0:00:17,20211122,¿Puedes adivinar lo que es_ DelcaVideography #short
Total,6466,570.5199,0:05:17,20220125,🔥 Sigue esta ESTRATEGIA para CREAR tus LOGOS (Bien EXPLICADO⚡) en CorelDRAW
Teléfono móvil,3498,202.4387,0:03:28,20220125,🔥 Sigue esta ESTRATEGIA para CREAR tus LOGOS (Bien EXPLICADO⚡) en CorelDRAW
Ordenador,2368,288.0381,0:07:17,20220125,🔥 Sigue esta ESTRATEGIA para CREAR tus LOGOS (Bien EXPLICADO⚡) en CorelDRAW
TV,482,70.059,0:08:43,20220125,🔥 Sigue esta ESTRATEGIA para CREAR tus LOGOS (Bien EXPLICADO⚡) en CorelDRAW
Tablet,118,9.9841,0:05:04,20220125,🔥 Sigue esta ESTRATEGIA para CREAR tus LOGOS (Bien EXPLICADO⚡) en CorelDRAW
Total,951,41.2375,0:02:36,20220215,🔥 Cómo CREAR una INTRO para tu CANAL de YOUTUBE 💗 en un PAR de MINUTOS ▶ TUTORIAL
Teléfono móvil,533,18.8577,0:02:07,20220215,🔥 Cómo CREAR una INTRO para tu CANAL de YOUTUBE 💗 en un PAR de MINUTOS ▶ TUTORIAL
Ordenador,313,15.3024,0:02:56,20220215,🔥 Cómo CREAR una INTRO para tu CANAL de YOUTUBE 💗 en un PAR de MINUTOS ▶ TUTORIAL
TV,77,5.3694,0:04:11,20220215,🔥 Cómo CREAR una INTRO para tu CANAL de YOUTUBE 💗 en un PAR de MINUTOS ▶ TUTORIAL
Tablet,28,1.708,0:03:39,20220215,🔥 Cómo CREAR una INTRO para tu CANAL de YOUTUBE 💗 en un PAR de MINUTOS ▶ TUTORIAL
Total,827,6.4061,0:00:27,20220228,🏃🏼_♂️🚴🏼_♂️ Creación de DISEÑO CREATIVO de LOGOS _ DelcaVideography ▶ Short
Teléfono móvil,672,5.3477,0:00:28,20220228,🏃🏼_♂️🚴🏼_♂️ Creación de DISEÑO CREATIVO de LOGOS _ DelcaVideography ▶ Short
Ordenador,118,0.6938,0:00:21,20220228,🏃🏼_♂️🚴🏼_♂️ Creación de DISEÑO CREATIVO de LOGOS _ DelcaVideography ▶ Short
Tablet,23,0.2802,0:00:43,20220228,🏃🏼_♂️🚴🏼_♂️ Creación de DISEÑO CREATIVO de LOGOS _ DelcaVideography ▶ Short
TV,14,0.0844,0:00:21,20220228,🏃🏼_♂️🚴🏼_♂️ Creación de DISEÑO CREATIVO de LOGOS _ DelcaVideography ▶ Short
Total,828,17.2807,0:01:15,20211002,😎 Este CONSEJO MEJORARÁ tu EXPERIENCIA con mis TUTORIALES
Teléfono móvil,546,9.685,0:01:03,20211002,😎 Este CONSEJO MEJORARÁ tu EXPERIENCIA con mis TUTORIALES
Ordenador,218,5.3974,0:01:29,20211002,😎 Este CONSEJO MEJORARÁ tu EXPERIENCIA con mis TUTORIALES
TV,55,1.9041,0:02:04,20211002,😎 Este CONSEJO MEJORARÁ tu EXPERIENCIA con mis TUTORIALES
Tablet,9,0.2941,0:01:57,20211002,😎 Este CONSEJO MEJORARÁ tu EXPERIENCIA con mis TUTORIALES
Total,2344,95.3512,0:02:26,20210601,Cómo CONVERTIR CLIPS DE VIDEO a GIF ANIMADOS usando Vegas PRO
Ordenador,1704,70.1224,0:02:28,20210601,Cómo CONVERTIR CLIPS DE VIDEO a GIF ANIMADOS usando Vegas PRO
Teléfono móvil,578,19.866,0:02:03,20210601,Cómo CONVERTIR CLIPS DE VIDEO a GIF ANIMADOS usando Vegas PRO
TV,40,3.9957,0:05:59,20210601,Cómo CONVERTIR CLIPS DE VIDEO a GIF ANIMADOS usando Vegas PRO
Tablet,22,1.367,0:03:43,20210601,Cómo CONVERTIR CLIPS DE VIDEO a GIF ANIMADOS usando Vegas PRO
Total,711,6.5255,0:00:33,20210726,🦊🏃_♀️ The Fox Design SHORT
Teléfono móvil,609,5.5656,0:00:32,20210726,🦊🏃_♀️ The Fox Design SHORT
Ordenador,83,0.7722,0:00:33,20210726,🦊🏃_♀️ The Fox Design SHORT
TV,16,0.1779,0:00:40,20210726,🦊🏃_♀️ The Fox Design SHORT
Tablet,3,0.0099,0:00:11,20210726,🦊🏃_♀️ The Fox Design SHORT
Total,1881,111.3451,0:03:33,20220301,✔💪🏼 Sigue estas TÉCNICAS para CREAR LOGOS en CorelDRAW ▶ TUTORIAL
Teléfono móvil,1096,48.9637,0:02:40,20220301,✔💪🏼 Sigue estas TÉCNICAS para CREAR LOGOS en CorelDRAW ▶ TUTORIAL
Ordenador,641,48.3267,0:04:31,20220301,✔💪🏼 Sigue estas TÉCNICAS para CREAR LOGOS en CorelDRAW ▶ TUTORIAL
TV,107,10.6675,0:05:58,20220301,✔💪🏼 Sigue estas TÉCNICAS para CREAR LOGOS en CorelDRAW ▶ TUTORIAL
Tablet,37,3.3872,0:05:29,20220301,✔💪🏼 Sigue estas TÉCNICAS para CREAR LOGOS en CorelDRAW ▶ TUTORIAL
Total,918,4.2187,0:00:16,20211215,👌🏼 Te DOY un TRUCO SECRETO 🤯 para HACER INTROS INCREÍBLES y en POCOS PASOS
Teléfono móvil,549,2.4309,0:00:15,20211215,👌🏼 Te DOY un TRUCO SECRETO 🤯 para HACER INTROS INCREÍBLES y en POCOS PASOS
Ordenador,280,1.3711,0:00:17,20211215,👌🏼 Te DOY un TRUCO SECRETO 🤯 para HACER INTROS INCREÍBLES y en POCOS PASOS
TV,66,0.3188,0:00:17,20211215,👌🏼 Te DOY un TRUCO SECRETO 🤯 para HACER INTROS INCREÍBLES y en POCOS PASOS
Tablet,22,0.0925,0:00:15,20211215,👌🏼 Te DOY un TRUCO SECRETO 🤯 para HACER INTROS INCREÍBLES y en POCOS PASOS
Total,961,36.8612,0:02:18,20211005,👌🏼 EASY Design LOGO Process in CorelDRAW ▶ BEST Tips and Tricks 
Teléfono móvil,604,16.7092,0:01:39,20211005,👌🏼 EASY Design LOGO Process in CorelDRAW ▶ BEST Tips and Tricks 
Ordenador,295,15.7607,0:03:12,20211005,👌🏼 EASY Design LOGO Process in CorelDRAW ▶ BEST Tips and Tricks 
TV,46,3.5729,0:04:39,20211005,👌🏼 EASY Design LOGO Process in CorelDRAW ▶ BEST Tips and Tricks 
Tablet,16,0.8183,0:03:04,20211005,👌🏼 EASY Design LOGO Process in CorelDRAW ▶ BEST Tips and Tricks 
Total,1759,81.2212,0:02:46,20211008,🤔🧠 Procesos de DISEÑO INTELIGENTES en CorelDRAW 🖋 Tips & Tricks
Teléfono móvil,1083,34.845,0:01:55,20211008,🤔🧠 Procesos de DISEÑO INTELIGENTES en CorelDRAW 🖋 Tips & Tricks
Ordenador,504,32.989,0:03:55,20211008,🤔🧠 Procesos de DISEÑO INTELIGENTES en CorelDRAW 🖋 Tips & Tricks
TV,128,11.1576,0:05:13,20211008,🤔🧠 Procesos de DISEÑO INTELIGENTES en CorelDRAW 🖋 Tips & Tricks
Tablet,44,2.2297,0:03:02,20211008,🤔🧠 Procesos de DISEÑO INTELIGENTES en CorelDRAW 🖋 Tips & Tricks
Total,3178,295.7803,0:05:35,20210615,🔥 APRENDE a EDITAR VIDEOS con Windows 10 😮 _TUTORIAL COMPLETO_ ▶ 
Ordenador,2159,205.4989,0:05:42,20210615,🔥 APRENDE a EDITAR VIDEOS con Windows 10 😮 _TUTORIAL COMPLETO_ ▶ 
Teléfono móvil,901,66.3253,0:04:25,20210615,🔥 APRENDE a EDITAR VIDEOS con Windows 10 😮 _TUTORIAL COMPLETO_ ▶ 
TV,65,15.3863,0:14:12,20210615,🔥 APRENDE a EDITAR VIDEOS con Windows 10 😮 _TUTORIAL COMPLETO_ ▶ 
Tablet,53,8.5699,0:09:42,20210615,🔥 APRENDE a EDITAR VIDEOS con Windows 10 😮 _TUTORIAL COMPLETO_ ▶ 
Total,3184,233.7504,0:04:24,20220308,✔✨ Sigue estos PASOS para CREAR DISEÑOS IMPOSIBLES con CorelDRAW ▶ TUTORIAL
Teléfono móvil,1976,96.7491,0:02:56,20220308,✔✨ Sigue estos PASOS para CREAR DISEÑOS IMPOSIBLES con CorelDRAW ▶ TUTORIAL
Ordenador,941,101.2789,0:06:27,20220308,✔✨ Sigue estos PASOS para CREAR DISEÑOS IMPOSIBLES con CorelDRAW ▶ TUTORIAL
TV,212,27.2626,0:07:42,20220308,✔✨ Sigue estos PASOS para CREAR DISEÑOS IMPOSIBLES con CorelDRAW ▶ TUTORIAL
Tablet,54,8.4582,0:09:23,20220308,✔✨ Sigue estos PASOS para CREAR DISEÑOS IMPOSIBLES con CorelDRAW ▶ TUTORIAL
Total,929,3.1681,0:00:12,20211201,Si lo QUIERES lo APRENDES 😉 ▶ Logo TUTORIALES en CorelDRAW
Teléfono móvil,661,2.3843,0:00:12,20211201,Si lo QUIERES lo APRENDES 😉 ▶ Logo TUTORIALES en CorelDRAW
Ordenador,227,0.6528,0:00:10,20211201,Si lo QUIERES lo APRENDES 😉 ▶ Logo TUTORIALES en CorelDRAW
TV,29,0.0872,0:00:10,20211201,Si lo QUIERES lo APRENDES 😉 ▶ Logo TUTORIALES en CorelDRAW
Tablet,11,0.0411,0:00:13,20211201,Si lo QUIERES lo APRENDES 😉 ▶ Logo TUTORIALES en CorelDRAW
Total,2338,131.0947,0:03:21,20220405,✨✔ APLICA TODAS las TÉCNICAS para CREAR LOGOS en CorelDRAW ▶ TUTORIAL
Teléfono móvil,1319,52.9701,0:02:24,20220405,✨✔ APLICA TODAS las TÉCNICAS para CREAR LOGOS en CorelDRAW ▶ TUTORIAL
Ordenador,865,64.7523,0:04:29,20220405,✨✔ APLICA TODAS las TÉCNICAS para CREAR LOGOS en CorelDRAW ▶ TUTORIAL
TV,121,11.0576,0:05:28,20220405,✨✔ APLICA TODAS las TÉCNICAS para CREAR LOGOS en CorelDRAW ▶ TUTORIAL
Tablet,33,2.3148,0:04:12,20220405,✨✔ APLICA TODAS las TÉCNICAS para CREAR LOGOS en CorelDRAW ▶ TUTORIAL
Total,41179,1429.967,0:02:05,20210503,👉 Cómo poner la BARRA de HERRAMIENTAS 🛠 de Corel Draw ▶
Ordenador,24528,811.2494,0:01:59,20210503,👉 Cómo poner la BARRA de HERRAMIENTAS 🛠 de Corel Draw ▶
Teléfono móvil,16090,591.541,0:02:12,20210503,👉 Cómo poner la BARRA de HERRAMIENTAS 🛠 de Corel Draw ▶
TV,350,17.5779,0:03:00,20210503,👉 Cómo poner la BARRA de HERRAMIENTAS 🛠 de Corel Draw ▶
Tablet,205,9.2469,0:02:42,20210503,👉 Cómo poner la BARRA de HERRAMIENTAS 🛠 de Corel Draw ▶
Total,1814,80.1881,0:02:39,20210803,💧 Las MEJORES Técnicas para RENDERIZAR en CorelDRAW ▶ LOGO TUTORIAL
Teléfono móvil,1017,36.956,0:02:10,20210803,💧 Las MEJORES Técnicas para RENDERIZAR en CorelDRAW ▶ LOGO TUTORIAL
Ordenador,658,33.4797,0:03:03,20210803,💧 Las MEJORES Técnicas para RENDERIZAR en CorelDRAW ▶ LOGO TUTORIAL
TV,107,8.3225,0:04:40,20210803,💧 Las MEJORES Técnicas para RENDERIZAR en CorelDRAW ▶ LOGO TUTORIAL
Tablet,32,1.4298,0:02:40,20210803,💧 Las MEJORES Técnicas para RENDERIZAR en CorelDRAW ▶ LOGO TUTORIAL
Total,466,14.0877,0:01:48,20220421,🎧🔊 Te MUESTRO CÓMO INSTALÉ las Espumas Acústicas en mi ESTUDIO ⚡
Teléfono móvil,320,8.4958,0:01:35,20220421,🎧🔊 Te MUESTRO CÓMO INSTALÉ las Espumas Acústicas en mi ESTUDIO ⚡
Ordenador,101,3.9481,0:02:20,20220421,🎧🔊 Te MUESTRO CÓMO INSTALÉ las Espumas Acústicas en mi ESTUDIO ⚡
TV,32,1.1381,0:02:08,20220421,🎧🔊 Te MUESTRO CÓMO INSTALÉ las Espumas Acústicas en mi ESTUDIO ⚡
Tablet,13,0.5057,0:02:20,20220421,🎧🔊 Te MUESTRO CÓMO INSTALÉ las Espumas Acústicas en mi ESTUDIO ⚡
Total,1027,11.0127,0:00:38,20220414,⚡ Contrucción de LOGOS PASO a PASO en CorelDRAW ▶ SHORTS
Teléfono móvil,803,8.0676,0:00:36,20220414,⚡ Contrucción de LOGOS PASO a PASO en CorelDRAW ▶ SHORTS
Ordenador,172,2.5695,0:00:53,20220414,⚡ Contrucción de LOGOS PASO a PASO en CorelDRAW ▶ SHORTS
TV,29,0.2224,0:00:27,20220414,⚡ Contrucción de LOGOS PASO a PASO en CorelDRAW ▶ SHORTS
Tablet,23,0.1532,0:00:23,20220414,⚡ Contrucción de LOGOS PASO a PASO en CorelDRAW ▶ SHORTS
Total,864,8.4556,0:00:35,20220312,🚴🏼_♂️🏃🏼_♂️ Proceso CONSTUCTIVO de LOGOS ✔ _ SHORTS ▶
Teléfono móvil,642,6.0655,0:00:34,20220312,🚴🏼_♂️🏃🏼_♂️ Proceso CONSTUCTIVO de LOGOS ✔ _ SHORTS ▶
Ordenador,182,2.1003,0:00:41,20220312,🚴🏼_♂️🏃🏼_♂️ Proceso CONSTUCTIVO de LOGOS ✔ _ SHORTS ▶
TV,25,0.1928,0:00:27,20220312,🚴🏼_♂️🏃🏼_♂️ Proceso CONSTUCTIVO de LOGOS ✔ _ SHORTS ▶
Tablet,15,0.097,0:00:23,20220312,🚴🏼_♂️🏃🏼_♂️ Proceso CONSTUCTIVO de LOGOS ✔ _ SHORTS ▶
Total,563,3.9054,0:00:24,20210721,Reemplazo de COLOR FÁCIL - YOUTUBE SHORT ►
Teléfono móvil,356,2.2811,0:00:23,20210721,Reemplazo de COLOR FÁCIL - YOUTUBE SHORT ►
Ordenador,178,1.2981,0:00:26,20210721,Reemplazo de COLOR FÁCIL - YOUTUBE SHORT ►
TV,21,0.2461,0:00:42,20210721,Reemplazo de COLOR FÁCIL - YOUTUBE SHORT ►
Tablet,8,0.0801,0:00:36,20210721,Reemplazo de COLOR FÁCIL - YOUTUBE SHORT ►
Total,2475,131.3804,0:03:11,20211117,✅ USA estas TÉCNICAS de DIBUJO para DISEÑAR como PRO 😎 en CorelDRAW ► TUTORIAL
Teléfono móvil,1616,67.5231,0:02:30,20211117,✅ USA estas TÉCNICAS de DIBUJO para DISEÑAR como PRO 😎 en CorelDRAW ► TUTORIAL
Ordenador,653,47.0498,0:04:19,20211117,✅ USA estas TÉCNICAS de DIBUJO para DISEÑAR como PRO 😎 en CorelDRAW ► TUTORIAL
TV,164,13.8008,0:05:02,20211117,✅ USA estas TÉCNICAS de DIBUJO para DISEÑAR como PRO 😎 en CorelDRAW ► TUTORIAL
Tablet,42,3.0067,0:04:17,20211117,✅ USA estas TÉCNICAS de DIBUJO para DISEÑAR como PRO 😎 en CorelDRAW ► TUTORIAL
Total,4068,256.7457,0:03:47,20211209,✔ Estos son los PASO a PASO para CONSTRUIR LOGOS en CorelDRAW
Teléfono móvil,2117,98.9256,0:02:48,20211209,✔ Estos son los PASO a PASO para CONSTRUIR LOGOS en CorelDRAW
Ordenador,1636,129.2289,0:04:44,20211209,✔ Estos son los PASO a PASO para CONSTRUIR LOGOS en CorelDRAW
TV,242,20.4188,0:05:03,20211209,✔ Estos son los PASO a PASO para CONSTRUIR LOGOS en CorelDRAW
Tablet,70,7.8188,0:06:42,20211209,✔ Estos son los PASO a PASO para CONSTRUIR LOGOS en CorelDRAW
Total,1083,64.6315,0:03:34,20210624,🔥  MUST SEE! CorelDRAW BEST Techniques for Beginners & Experts TUTORIAL (2021) ⚓  ►
Teléfono móvil,667,27.3111,0:02:27,20210624,🔥  MUST SEE! CorelDRAW BEST Techniques for Beginners & Experts TUTORIAL (2021) ⚓  ►
Ordenador,320,26.1175,0:04:53,20210624,🔥  MUST SEE! CorelDRAW BEST Techniques for Beginners & Experts TUTORIAL (2021) ⚓  ►
TV,76,9.4277,0:07:26,20210624,🔥  MUST SEE! CorelDRAW BEST Techniques for Beginners & Experts TUTORIAL (2021) ⚓  ►
Tablet,19,1.7272,0:05:27,20210624,🔥  MUST SEE! CorelDRAW BEST Techniques for Beginners & Experts TUTORIAL (2021) ⚓  ►
Total,1190,49.6256,0:02:30,20210715,🔥 CorelDRAW ESSENTIAL Techniques for Beginners & Experts ▶ LOGO TUTORIAL
Teléfono móvil,700,21.5676,0:01:50,20210715,🔥 CorelDRAW ESSENTIAL Techniques for Beginners & Experts ▶ LOGO TUTORIAL
Ordenador,398,21.1685,0:03:11,20210715,🔥 CorelDRAW ESSENTIAL Techniques for Beginners & Experts ▶ LOGO TUTORIAL
TV,67,5.5941,0:05:00,20210715,🔥 CorelDRAW ESSENTIAL Techniques for Beginners & Experts ▶ LOGO TUTORIAL
Tablet,25,1.2954,0:03:06,20210715,🔥 CorelDRAW ESSENTIAL Techniques for Beginners & Experts ▶ LOGO TUTORIAL
Total,2027,109.5547,0:03:14,20210909,📖 3D FLIP PAGE TEXT Effect _ CorelDRAW TUTORIAL
Teléfono móvil,1193,47.1839,0:02:22,20210909,📖 3D FLIP PAGE TEXT Effect _ CorelDRAW TUTORIAL
Ordenador,660,47.2037,0:04:17,20210909,📖 3D FLIP PAGE TEXT Effect _ CorelDRAW TUTORIAL
TV,132,12.2842,0:05:35,20210909,📖 3D FLIP PAGE TEXT Effect _ CorelDRAW TUTORIAL
Tablet,42,2.883,0:04:07,20210909,📖 3D FLIP PAGE TEXT Effect _ CorelDRAW TUTORIAL
Total,1376,83.4713,0:03:38,20211207,🎉🎈 TIPS ESENCIALES para CREAR tu PROPIA TARJETA de CUMPLEAÑOS en CorelDRAW
Teléfono móvil,797,37.202,0:02:48,20211207,🎉🎈 TIPS ESENCIALES para CREAR tu PROPIA TARJETA de CUMPLEAÑOS en CorelDRAW
Ordenador,448,35.5805,0:04:45,20211207,🎉🎈 TIPS ESENCIALES para CREAR tu PROPIA TARJETA de CUMPLEAÑOS en CorelDRAW
TV,102,8.2295,0:04:50,20211207,🎉🎈 TIPS ESENCIALES para CREAR tu PROPIA TARJETA de CUMPLEAÑOS en CorelDRAW
Tablet,29,2.4594,0:05:05,20211207,🎉🎈 TIPS ESENCIALES para CREAR tu PROPIA TARJETA de CUMPLEAÑOS en CorelDRAW
Total,3078,390.6325,0:07:36,20210525,Cómo CREAR una TARJETA de NEGOCIOS VIRTUAL 💳 PASO a PASO ▶ Tutorial CorelDRAW (2021)
Ordenador,1553,228.5091,0:08:49,20210525,Cómo CREAR una TARJETA de NEGOCIOS VIRTUAL 💳 PASO a PASO ▶ Tutorial CorelDRAW (2021)
Teléfono móvil,1265,101.7499,0:04:49,20210525,Cómo CREAR una TARJETA de NEGOCIOS VIRTUAL 💳 PASO a PASO ▶ Tutorial CorelDRAW (2021)
TV,214,52.7451,0:14:47,20210525,Cómo CREAR una TARJETA de NEGOCIOS VIRTUAL 💳 PASO a PASO ▶ Tutorial CorelDRAW (2021)
Tablet,46,7.6284,0:09:57,20210525,Cómo CREAR una TARJETA de NEGOCIOS VIRTUAL 💳 PASO a PASO ▶ Tutorial CorelDRAW (2021)
Total,1675,90.6025,0:03:14,20210930,🧐 El Proceso de DISEÑO de LOGOS _DEFINITIVO_ en CorelDRAW ▶ PASO a PASO
Teléfono móvil,833,37.5693,0:02:42,20210930,🧐 El Proceso de DISEÑO de LOGOS _DEFINITIVO_ en CorelDRAW ▶ PASO a PASO
Ordenador,735,42.3,0:03:27,20210930,🧐 El Proceso de DISEÑO de LOGOS _DEFINITIVO_ en CorelDRAW ▶ PASO a PASO
TV,88,9.1056,0:06:12,20210930,🧐 El Proceso de DISEÑO de LOGOS _DEFINITIVO_ en CorelDRAW ▶ PASO a PASO
Tablet,19,1.6277,0:05:08,20210930,🧐 El Proceso de DISEÑO de LOGOS _DEFINITIVO_ en CorelDRAW ▶ PASO a PASO
Total,4511,238.5745,0:03:10,20220224,✨✔ ARMONIZA tus DISEÑOS si usas estas TÉCNICAS para CREAR LOGOS en CorelDRAW
Teléfono móvil,3157,102.4204,0:01:56,20220224,✨✔ ARMONIZA tus DISEÑOS si usas estas TÉCNICAS para CREAR LOGOS en CorelDRAW
Ordenador,942,97.6643,0:06:13,20220224,✨✔ ARMONIZA tus DISEÑOS si usas estas TÉCNICAS para CREAR LOGOS en CorelDRAW
TV,351,34.6118,0:05:54,20220224,✨✔ ARMONIZA tus DISEÑOS si usas estas TÉCNICAS para CREAR LOGOS en CorelDRAW
Tablet,60,3.8686,0:03:52,20220224,✨✔ ARMONIZA tus DISEÑOS si usas estas TÉCNICAS para CREAR LOGOS en CorelDRAW
Total,868,29.4859,0:02:02,20210914,🧩 EASY ▶ASSEMBLY◀ Techniques for Beginners & Experts ▷ CorelDRAW TUTORIAL 
Teléfono móvil,580,14.7971,0:01:31,20210914,🧩 EASY ▶ASSEMBLY◀ Techniques for Beginners & Experts ▷ CorelDRAW TUTORIAL 
Ordenador,232,11.6543,0:03:00,20210914,🧩 EASY ▶ASSEMBLY◀ Techniques for Beginners & Experts ▷ CorelDRAW TUTORIAL 
TV,42,2.6276,0:03:45,20210914,🧩 EASY ▶ASSEMBLY◀ Techniques for Beginners & Experts ▷ CorelDRAW TUTORIAL 
Tablet,14,0.4069,0:01:44,20210914,🧩 EASY ▶ASSEMBLY◀ Techniques for Beginners & Experts ▷ CorelDRAW TUTORIAL 
Total,3843,207.2046,0:03:14,20211125,🔴 Cómo DISEÑAR LOGOS en POCOS PASOS 🧐 con CorelDRAW ► TUTORIAL
Teléfono móvil,2154,84.8678,0:02:21,20211125,🔴 Cómo DISEÑAR LOGOS en POCOS PASOS 🧐 con CorelDRAW ► TUTORIAL
Ordenador,1383,95.3544,0:04:08,20211125,🔴 Cómo DISEÑAR LOGOS en POCOS PASOS 🧐 con CorelDRAW ► TUTORIAL
TV,241,22.4211,0:05:34,20211125,🔴 Cómo DISEÑAR LOGOS en POCOS PASOS 🧐 con CorelDRAW ► TUTORIAL
Tablet,65,4.5614,0:04:12,20211125,🔴 Cómo DISEÑAR LOGOS en POCOS PASOS 🧐 con CorelDRAW ► TUTORIAL
Total,3381,203.4507,0:03:36,20220210,✔✨Sigue estos MÉTODOS ESENCIALES para CREAR LOGOS en CorelDRAW ▶ TUTORIAL
Teléfono móvil,2118,86.5961,0:02:27,20220210,✔✨Sigue estos MÉTODOS ESENCIALES para CREAR LOGOS en CorelDRAW ▶ TUTORIAL
Ordenador,944,88.2487,0:05:36,20220210,✔✨Sigue estos MÉTODOS ESENCIALES para CREAR LOGOS en CorelDRAW ▶ TUTORIAL
TV,253,23.8458,0:05:39,20220210,✔✨Sigue estos MÉTODOS ESENCIALES para CREAR LOGOS en CorelDRAW ▶ TUTORIAL
Tablet,63,4.6943,0:04:28,20220210,✔✨Sigue estos MÉTODOS ESENCIALES para CREAR LOGOS en CorelDRAW ▶ TUTORIAL
Total,1810,78.4546,0:02:36,20211130,😲 DOMINA la GEOMETRÍA para DISEÑAR LOGOS en CorelDRAW ► TUTORIAL
Teléfono móvil,1111,34.5663,0:01:52,20211130,😲 DOMINA la GEOMETRÍA para DISEÑAR LOGOS en CorelDRAW ► TUTORIAL
Ordenador,540,33.0279,0:03:40,20211130,😲 DOMINA la GEOMETRÍA para DISEÑAR LOGOS en CorelDRAW ► TUTORIAL
TV,131,9.2355,0:04:13,20211130,😲 DOMINA la GEOMETRÍA para DISEÑAR LOGOS en CorelDRAW ► TUTORIAL
Tablet,27,1.6216,0:03:36,20211130,😲 DOMINA la GEOMETRÍA para DISEÑAR LOGOS en CorelDRAW ► TUTORIAL
Total,3044,411.7951,0:08:07,20220426,✨✔ APLICA estas TÉCNICAS AVANZADAS para CREAR LOGOS en CorelDRAW ▶ TUTORIAL
Ordenador,1404,225.8596,0:09:39,20220426,✨✔ APLICA estas TÉCNICAS AVANZADAS para CREAR LOGOS en CorelDRAW ▶ TUTORIAL
Teléfono móvil,1338,110.0786,0:04:56,20220426,✨✔ APLICA estas TÉCNICAS AVANZADAS para CREAR LOGOS en CorelDRAW ▶ TUTORIAL
TV,251,64.0092,0:15:18,20220426,✨✔ APLICA estas TÉCNICAS AVANZADAS para CREAR LOGOS en CorelDRAW ▶ TUTORIAL
Tablet,50,11.2284,0:13:28,20220426,✨✔ APLICA estas TÉCNICAS AVANZADAS para CREAR LOGOS en CorelDRAW ▶ TUTORIAL
Total,1005,7.1678,0:00:25,20220226,🏃🏼_♂️🚴🏼_♂️Construye ASÍ DISEÑO de LOGOS
Teléfono móvil,810,5.8125,0:00:25,20220226,🏃🏼_♂️🚴🏼_♂️Construye ASÍ DISEÑO de LOGOS
Ordenador,154,1.0933,0:00:25,20220226,🏃🏼_♂️🚴🏼_♂️Construye ASÍ DISEÑO de LOGOS
Tablet,27,0.1552,0:00:20,20220226,🏃🏼_♂️🚴🏼_♂️Construye ASÍ DISEÑO de LOGOS
TV,14,0.1068,0:00:27,20220226,🏃🏼_♂️🚴🏼_♂️Construye ASÍ DISEÑO de LOGOS
Total,1219,33.6398,0:01:39,20210831,💡 CorelDRAW KEY 🔑 TIPS for Pro & Beginners _ Lightbulb ICON ▶
Teléfono móvil,724,16.118,0:01:20,20210831,💡 CorelDRAW KEY 🔑 TIPS for Pro & Beginners _ Lightbulb ICON ▶
Ordenador,396,12.8709,0:01:57,20210831,💡 CorelDRAW KEY 🔑 TIPS for Pro & Beginners _ Lightbulb ICON ▶
TV,73,3.599,0:02:57,20210831,💡 CorelDRAW KEY 🔑 TIPS for Pro & Beginners _ Lightbulb ICON ▶
Tablet,25,0.9698,0:02:19,20210831,💡 CorelDRAW KEY 🔑 TIPS for Pro & Beginners _ Lightbulb ICON ▶
Total,3039,172.5609,0:03:24,20220315,🔥 USA LETRAS para CREAR LOGOS si SIGUES estos PASOS ▶ TUTORIAL
Teléfono móvil,1756,72.2628,0:02:28,20220315,🔥 USA LETRAS para CREAR LOGOS si SIGUES estos PASOS ▶ TUTORIAL
Ordenador,1027,77.7065,0:04:32,20220315,🔥 USA LETRAS para CREAR LOGOS si SIGUES estos PASOS ▶ TUTORIAL
TV,196,17.7676,0:05:26,20220315,🔥 USA LETRAS para CREAR LOGOS si SIGUES estos PASOS ▶ TUTORIAL
Tablet,59,4.6848,0:04:45,20220315,🔥 USA LETRAS para CREAR LOGOS si SIGUES estos PASOS ▶ TUTORIAL
Total,1157,34.113,0:01:46,20210802,🌟 CorelDRAW FAST Techniques for Beginners ▶ 3 MIN⏰ TUTORIAL OLYMPIC GAMES Logo
Teléfono móvil,600,14.3229,0:01:25,20210802,🌟 CorelDRAW FAST Techniques for Beginners ▶ 3 MIN⏰ TUTORIAL OLYMPIC GAMES Logo
Ordenador,452,16.6931,0:02:12,20210802,🌟 CorelDRAW FAST Techniques for Beginners ▶ 3 MIN⏰ TUTORIAL OLYMPIC GAMES Logo
TV,85,2.3524,0:01:39,20210802,🌟 CorelDRAW FAST Techniques for Beginners ▶ 3 MIN⏰ TUTORIAL OLYMPIC GAMES Logo
Tablet,20,0.7445,0:02:14,20210802,🌟 CorelDRAW FAST Techniques for Beginners ▶ 3 MIN⏰ TUTORIAL OLYMPIC GAMES Logo
Total,1504,19.6885,0:00:47,20210513,👉 Cuánto ESPACIO OCUPA Corel DRAW ▶
Ordenador,782,9.6053,0:00:44,20210513,👉 Cuánto ESPACIO OCUPA Corel DRAW ▶
Teléfono móvil,618,8.3061,0:00:48,20210513,👉 Cuánto ESPACIO OCUPA Corel DRAW ▶
TV,76,1.4125,0:01:06,20210513,👉 Cuánto ESPACIO OCUPA Corel DRAW ▶
Tablet,27,0.3426,0:00:45,20210513,👉 Cuánto ESPACIO OCUPA Corel DRAW ▶
Total,1230,72.6054,0:03:32,20210610,👉🏼 7 Programas GRATUITOS para EDITAR VÍDEOS 💥 que DEDEBS CONOCER🔥
Teléfono móvil,591,31.0169,0:03:08,20210610,👉🏼 7 Programas GRATUITOS para EDITAR VÍDEOS 💥 que DEDEBS CONOCER🔥
Ordenador,547,31.1021,0:03:24,20210610,👉🏼 7 Programas GRATUITOS para EDITAR VÍDEOS 💥 que DEDEBS CONOCER🔥
TV,72,9.5234,0:07:56,20210610,👉🏼 7 Programas GRATUITOS para EDITAR VÍDEOS 💥 que DEDEBS CONOCER🔥
Tablet,20,0.9629,0:02:53,20210610,👉🏼 7 Programas GRATUITOS para EDITAR VÍDEOS 💥 que DEDEBS CONOCER🔥
Total,1645,83.985,0:03:03,20210824,📌 Learn the CorelDRAW BEST Techniques for LOGO Design
Ordenador,767,41.7601,0:03:16,20210824,📌 Learn the CorelDRAW BEST Techniques for LOGO Design
Teléfono móvil,755,29.8704,0:02:22,20210824,📌 Learn the CorelDRAW BEST Techniques for LOGO Design
TV,95,10.0048,0:06:19,20210824,📌 Learn the CorelDRAW BEST Techniques for LOGO Design
Tablet,28,2.3498,0:05:02,20210824,📌 Learn the CorelDRAW BEST Techniques for LOGO Design
Total,986,7.2706,0:00:26,20210804,🤯 Técnicas para DISEÑAR LOGOS increíbles en CorelDRAW
Teléfono móvil,856,6.3598,0:00:26,20210804,🤯 Técnicas para DISEÑAR LOGOS increíbles en CorelDRAW
Ordenador,98,0.6806,0:00:25,20210804,🤯 Técnicas para DISEÑAR LOGOS increíbles en CorelDRAW
TV,22,0.19,0:00:31,20210804,🤯 Técnicas para DISEÑAR LOGOS increíbles en CorelDRAW
Tablet,10,0.0402,0:00:14,20210804,🤯 Técnicas para DISEÑAR LOGOS increíbles en CorelDRAW
Total,2251,177.1279,0:04:43,20211014,🎇 COMBINA estas TÉCNICAS para _CREAR LOGOS INCREÍBLES_ en CorelDRAW
Teléfono móvil,1283,67.7553,0:03:10,20211014,🎇 COMBINA estas TÉCNICAS para _CREAR LOGOS INCREÍBLES_ en CorelDRAW
Ordenador,709,68.7622,0:05:49,20211014,🎇 COMBINA estas TÉCNICAS para _CREAR LOGOS INCREÍBLES_ en CorelDRAW
TV,212,35.0042,0:09:54,20211014,🎇 COMBINA estas TÉCNICAS para _CREAR LOGOS INCREÍBLES_ en CorelDRAW
Tablet,44,5.2302,0:07:07,20211014,🎇 COMBINA estas TÉCNICAS para _CREAR LOGOS INCREÍBLES_ en CorelDRAW
Total,625,6.3257,0:00:36,20210722,CÓMO VECTORIZAR PAISAJES_ Tutorial práctico
Teléfono móvil,464,4.5582,0:00:35,20210722,CÓMO VECTORIZAR PAISAJES_ Tutorial práctico
Ordenador,121,1.2794,0:00:38,20210722,CÓMO VECTORIZAR PAISAJES_ Tutorial práctico
TV,23,0.2965,0:00:46,20210722,CÓMO VECTORIZAR PAISAJES_ Tutorial práctico
Tablet,17,0.1916,0:00:40,20210722,CÓMO VECTORIZAR PAISAJES_ Tutorial práctico
Total,1392,59.9538,0:02:35,20211028,🐱_👤Con estos MÉTODOS PRÁCTICOS 🧐 puedes DISEÑAR LOGOS Fácilmente en CorelDRAW
Teléfono móvil,911,28.0786,0:01:50,20211028,🐱_👤Con estos MÉTODOS PRÁCTICOS 🧐 puedes DISEÑAR LOGOS Fácilmente en CorelDRAW
Ordenador,348,22.1716,0:03:49,20211028,🐱_👤Con estos MÉTODOS PRÁCTICOS 🧐 puedes DISEÑAR LOGOS Fácilmente en CorelDRAW
TV,105,8.7609,0:05:00,20211028,🐱_👤Con estos MÉTODOS PRÁCTICOS 🧐 puedes DISEÑAR LOGOS Fácilmente en CorelDRAW
Tablet,28,0.9427,0:02:01,20211028,🐱_👤Con estos MÉTODOS PRÁCTICOS 🧐 puedes DISEÑAR LOGOS Fácilmente en CorelDRAW
Total,2390,170.4774,0:04:16,20211102,🎱🥌 La MEJOR FORMA de APLICAR TEXTURAS 3D ⚙ a LOGOS en CorelDRAW
Teléfono móvil,1321,67.8868,0:03:05,20211102,🎱🥌 La MEJOR FORMA de APLICAR TEXTURAS 3D ⚙ a LOGOS en CorelDRAW
Ordenador,862,76.4727,0:05:19,20211102,🎱🥌 La MEJOR FORMA de APLICAR TEXTURAS 3D ⚙ a LOGOS en CorelDRAW
TV,151,19.0709,0:07:34,20211102,🎱🥌 La MEJOR FORMA de APLICAR TEXTURAS 3D ⚙ a LOGOS en CorelDRAW
Tablet,55,6.8501,0:07:28,20211102,🎱🥌 La MEJOR FORMA de APLICAR TEXTURAS 3D ⚙ a LOGOS en CorelDRAW
Total,1167,52.0842,0:02:40,20210817,🔥 CorelDRAW Tips & Tricks for Beginners & Experts ▶ LOGO TUTORIAL
Teléfono móvil,671,22.8512,0:02:02,20210817,🔥 CorelDRAW Tips & Tricks for Beginners & Experts ▶ LOGO TUTORIAL
Ordenador,404,22.5054,0:03:20,20210817,🔥 CorelDRAW Tips & Tricks for Beginners & Experts ▶ LOGO TUTORIAL
TV,70,5.6407,0:04:50,20210817,🔥 CorelDRAW Tips & Tricks for Beginners & Experts ▶ LOGO TUTORIAL
Tablet,21,1.0861,0:03:06,20210817,🔥 CorelDRAW Tips & Tricks for Beginners & Experts ▶ LOGO TUTORIAL
Total,1161,57.3995,0:02:57,20210721,💚 CorelDRAW EASIEST Techniques for Beginners & Experts (💗+🎀) ▶ LOGO Tutorial
Teléfono móvil,691,23.6922,0:02:03,20210721,💚 CorelDRAW EASIEST Techniques for Beginners & Experts (💗+🎀) ▶ LOGO Tutorial
Ordenador,379,25.3992,0:04:01,20210721,💚 CorelDRAW EASIEST Techniques for Beginners & Experts (💗+🎀) ▶ LOGO Tutorial
TV,71,6.9147,0:05:50,20210721,💚 CorelDRAW EASIEST Techniques for Beginners & Experts (💗+🎀) ▶ LOGO Tutorial
Tablet,20,1.3934,0:04:10,20210721,💚 CorelDRAW EASIEST Techniques for Beginners & Experts (💗+🎀) ▶ LOGO Tutorial
Total,476,4.5199,0:00:34,20210922,😃 Te ENSEÑO cómo es el PROCESO de DISEÑO
Teléfono móvil,305,2.759,0:00:32,20210922,😃 Te ENSEÑO cómo es el PROCESO de DISEÑO
Ordenador,145,1.4558,0:00:36,20210922,😃 Te ENSEÑO cómo es el PROCESO de DISEÑO
TV,15,0.1842,0:00:44,20210922,😃 Te ENSEÑO cómo es el PROCESO de DISEÑO
Tablet,11,0.121,0:00:39,20210922,😃 Te ENSEÑO cómo es el PROCESO de DISEÑO
Total,1606,82.2658,0:03:04,20210810,🔥 CorelDRAW ADVANCE Techniques for Beginners & Experts _ LOGO TUTORIAL ▶
Teléfono móvil,881,33.0232,0:02:14,20210810,🔥 CorelDRAW ADVANCE Techniques for Beginners & Experts _ LOGO TUTORIAL ▶
Ordenador,616,37.9119,0:03:41,20210810,🔥 CorelDRAW ADVANCE Techniques for Beginners & Experts _ LOGO TUTORIAL ▶
TV,92,10.1768,0:06:38,20210810,🔥 CorelDRAW ADVANCE Techniques for Beginners & Experts _ LOGO TUTORIAL ▶
Tablet,17,1.1539,0:04:04,20210810,🔥 CorelDRAW ADVANCE Techniques for Beginners & Experts _ LOGO TUTORIAL ▶
Total,3571,240.4057,0:04:02,20220120,🧐 PRESTA mucha ATENCIÓN a estos DETALLES para DISEÑAR LOGOS en CorelDRAW 😱
Teléfono móvil,1981,91.2947,0:02:45,20220120,🧐 PRESTA mucha ATENCIÓN a estos DETALLES para DISEÑAR LOGOS en CorelDRAW 😱
Ordenador,1268,116.1984,0:05:29,20220120,🧐 PRESTA mucha ATENCIÓN a estos DETALLES para DISEÑAR LOGOS en CorelDRAW 😱
TV,269,27.5245,0:06:08,20220120,🧐 PRESTA mucha ATENCIÓN a estos DETALLES para DISEÑAR LOGOS en CorelDRAW 😱
Tablet,53,5.3881,0:06:05,20220120,🧐 PRESTA mucha ATENCIÓN a estos DETALLES para DISEÑAR LOGOS en CorelDRAW 😱
Total,292,2.0601,0:00:25,20210730,🤯 Nueva SERIE en DelcaVideography ▶ LOGOS EXPRESS ›› Parte 1 ‹‹ SHORTS
Teléfono móvil,225,1.4311,0:00:22,20210730,🤯 Nueva SERIE en DelcaVideography ▶ LOGOS EXPRESS ›› Parte 1 ‹‹ SHORTS
Ordenador,44,0.3603,0:00:29,20210730,🤯 Nueva SERIE en DelcaVideography ▶ LOGOS EXPRESS ›› Parte 1 ‹‹ SHORTS
TV,15,0.1909,0:00:45,20210730,🤯 Nueva SERIE en DelcaVideography ▶ LOGOS EXPRESS ›› Parte 1 ‹‹ SHORTS
Tablet,8,0.0778,0:00:35,20210730,🤯 Nueva SERIE en DelcaVideography ▶ LOGOS EXPRESS ›› Parte 1 ‹‹ SHORTS
Total,9866,271.8139,0:01:39,20210510,👉 Estos son los REQUISITOS para INSTALAR Corel DRAW ▶
Ordenador,5495,139.4144,0:01:31,20210510,👉 Estos son los REQUISITOS para INSTALAR Corel DRAW ▶
Teléfono móvil,4069,119.6787,0:01:45,20210510,👉 Estos son los REQUISITOS para INSTALAR Corel DRAW ▶
TV,194,9.2129,0:02:50,20210510,👉 Estos son los REQUISITOS para INSTALAR Corel DRAW ▶
Tablet,106,3.4361,0:01:56,20210510,👉 Estos son los REQUISITOS para INSTALAR Corel DRAW ▶
Total,5283,225.6908,0:02:33,20220427,Estas son las ÚLTIMAS NOVEDADES de COREL DRAW 2022
Ordenador,3298,136.2957,0:02:28,20220427,Estas son las ÚLTIMAS NOVEDADES de COREL DRAW 2022
Teléfono móvil,1634,65.4028,0:02:24,20220427,Estas son las ÚLTIMAS NOVEDADES de COREL DRAW 2022
TV,270,18.2797,0:04:03,20220427,Estas son las ÚLTIMAS NOVEDADES de COREL DRAW 2022
Tablet,80,5.5478,0:04:09,20220427,Estas son las ÚLTIMAS NOVEDADES de COREL DRAW 2022
Total,2425,252.7545,0:06:15,20210907,⚡ CorelDRAW ›NEW YORK CITY‹ 🗽 Retro NEON Design TUTORIAL
Teléfono móvil,1298,93.7102,0:04:19,20210907,⚡ CorelDRAW ›NEW YORK CITY‹ 🗽 Retro NEON Design TUTORIAL
Ordenador,894,120.5281,0:08:05,20210907,⚡ CorelDRAW ›NEW YORK CITY‹ 🗽 Retro NEON Design TUTORIAL
TV,168,29.9296,0:10:41,20210907,⚡ CorelDRAW ›NEW YORK CITY‹ 🗽 Retro NEON Design TUTORIAL
Tablet,64,8.3543,0:07:49,20210907,⚡ CorelDRAW ›NEW YORK CITY‹ 🗽 Retro NEON Design TUTORIAL
Total,2099,59.92,0:01:42,20220222,😎 Así FUNCIONAN los PAQUETES de EFECTOS de MOVAVI ▶
Ordenador,1324,38.9867,0:01:46,20220222,😎 Así FUNCIONAN los PAQUETES de EFECTOS de MOVAVI ▶
Teléfono móvil,705,18.0511,0:01:32,20220222,😎 Así FUNCIONAN los PAQUETES de EFECTOS de MOVAVI ▶
TV,48,1.9644,0:02:27,20220222,😎 Así FUNCIONAN los PAQUETES de EFECTOS de MOVAVI ▶
Tablet,21,0.9171,0:02:37,20220222,😎 Así FUNCIONAN los PAQUETES de EFECTOS de MOVAVI ▶
Total,1511,78.0586,0:03:05,20210713,🔥 CorelDRAW BASIC Techniques for Beginners & Experts ▶ 3D LOGO TUTORIAL
Teléfono móvil,906,33.3864,0:02:12,20210713,🔥 CorelDRAW BASIC Techniques for Beginners & Experts ▶ 3D LOGO TUTORIAL
Ordenador,480,32.4985,0:04:03,20210713,🔥 CorelDRAW BASIC Techniques for Beginners & Experts ▶ 3D LOGO TUTORIAL
TV,99,10.2359,0:06:12,20210713,🔥 CorelDRAW BASIC Techniques for Beginners & Experts ▶ 3D LOGO TUTORIAL
Tablet,26,1.9378,0:04:28,20210713,🔥 CorelDRAW BASIC Techniques for Beginners & Experts ▶ 3D LOGO TUTORIAL
Total,1525,60.954,0:02:23,20210727,🔥 LOGO TUTORIAL ▶ CorelDRAW MUST KNOWN Techniques for Beginners & Experts
Teléfono móvil,861,28.1459,0:01:57,20210727,🔥 LOGO TUTORIAL ▶ CorelDRAW MUST KNOWN Techniques for Beginners & Experts
Ordenador,547,25.19,0:02:45,20210727,🔥 LOGO TUTORIAL ▶ CorelDRAW MUST KNOWN Techniques for Beginners & Experts
TV,83,5.5194,0:03:59,20210727,🔥 LOGO TUTORIAL ▶ CorelDRAW MUST KNOWN Techniques for Beginners & Experts
Tablet,32,1.7453,0:03:16,20210727,🔥 LOGO TUTORIAL ▶ CorelDRAW MUST KNOWN Techniques for Beginners & Experts
Total,4248,391.6548,0:05:31,20211012,💪🏼 DOMINA esta TÉCNICA para diseñar LOGOS como este en CorelDRAW 🍺
Teléfono móvil,2084,128.189,0:03:41,20211012,💪🏼 DOMINA esta TÉCNICA para diseñar LOGOS como este en CorelDRAW 🍺
Ordenador,1796,207.9883,0:06:56,20211012,💪🏼 DOMINA esta TÉCNICA para diseñar LOGOS como este en CorelDRAW 🍺
TV,308,48.4932,0:09:26,20211012,💪🏼 DOMINA esta TÉCNICA para diseñar LOGOS como este en CorelDRAW 🍺
Tablet,59,6.6956,0:06:48,20211012,💪🏼 DOMINA esta TÉCNICA para diseñar LOGOS como este en CorelDRAW 🍺
Total,13756,424.2588,0:01:51,20211202,✔✨ Aprende LA TÉCNICA CREATIVA para CREAR LOGOS GRATIS en CorelDRAW ▶ TUTORIAL
Teléfono móvil,10554,235.9539,0:01:20,20211202,✔✨ Aprende LA TÉCNICA CREATIVA para CREAR LOGOS GRATIS en CorelDRAW ▶ TUTORIAL
Ordenador,1919,117.504,0:03:40,20211202,✔✨ Aprende LA TÉCNICA CREATIVA para CREAR LOGOS GRATIS en CorelDRAW ▶ TUTORIAL
TV,985,57.6114,0:03:30,20211202,✔✨ Aprende LA TÉCNICA CREATIVA para CREAR LOGOS GRATIS en CorelDRAW ▶ TUTORIAL
Tablet,292,12.0973,0:02:29,20211202,✔✨ Aprende LA TÉCNICA CREATIVA para CREAR LOGOS GRATIS en CorelDRAW ▶ TUTORIAL
Total,1377,47.2637,0:02:03,20220208,⚡ Cómo CREAR 7 EFECTOS GLITCH PRO con MOVAVI Video Editor Plus 2022 ▶ TUTORIAL
Teléfono móvil,648,15.1694,0:01:24,20220208,⚡ Cómo CREAR 7 EFECTOS GLITCH PRO con MOVAVI Video Editor Plus 2022 ▶ TUTORIAL
Ordenador,642,29.1902,0:02:43,20220208,⚡ Cómo CREAR 7 EFECTOS GLITCH PRO con MOVAVI Video Editor Plus 2022 ▶ TUTORIAL
TV,63,1.9355,0:01:50,20220208,⚡ Cómo CREAR 7 EFECTOS GLITCH PRO con MOVAVI Video Editor Plus 2022 ▶ TUTORIAL
Tablet,24,0.9686,0:02:25,20220208,⚡ Cómo CREAR 7 EFECTOS GLITCH PRO con MOVAVI Video Editor Plus 2022 ▶ TUTORIAL
Total,1824,10.7921,0:00:21,20220325,🤔 USA esta forma para CREAR DISEÑOS
Teléfono móvil,1492,8.8624,0:00:21,20220325,🤔 USA esta forma para CREAR DISEÑOS
Ordenador,245,1.4343,0:00:21,20220325,🤔 USA esta forma para CREAR DISEÑOS
TV,44,0.2692,0:00:22,20220325,🤔 USA esta forma para CREAR DISEÑOS
Tablet,42,0.2193,0:00:18,20220325,🤔 USA esta forma para CREAR DISEÑOS
Total,637,6.0713,0:00:34,20210724,💚🏃_♀️ CorelDRAW ▶ SPEEDRUN MONSTER Short
Teléfono móvil,550,5.1171,0:00:33,20210724,💚🏃_♀️ CorelDRAW ▶ SPEEDRUN MONSTER Short
Ordenador,71,0.6834,0:00:34,20210724,💚🏃_♀️ CorelDRAW ▶ SPEEDRUN MONSTER Short
TV,9,0.1275,0:00:50,20210724,💚🏃_♀️ CorelDRAW ▶ SPEEDRUN MONSTER Short
Tablet,7,0.1433,0:01:13,20210724,💚🏃_♀️ CorelDRAW ▶ SPEEDRUN MONSTER Short
Total,5159,248.5148,0:02:53,20220127,✔✨ Sigue el PROCESO PASO a PASO y APRENDE A CREAR LOGOS en CorelDRAW ► TUTORIAL
Teléfono móvil,3425,104.4164,0:01:49,20220127,✔✨ Sigue el PROCESO PASO a PASO y APRENDE A CREAR LOGOS en CorelDRAW ► TUTORIAL
Ordenador,1158,102.3531,0:05:18,20220127,✔✨ Sigue el PROCESO PASO a PASO y APRENDE A CREAR LOGOS en CorelDRAW ► TUTORIAL
TV,456,35.3997,0:04:39,20220127,✔✨ Sigue el PROCESO PASO a PASO y APRENDE A CREAR LOGOS en CorelDRAW ► TUTORIAL
Tablet,119,6.3354,0:03:11,20220127,✔✨ Sigue el PROCESO PASO a PASO y APRENDE A CREAR LOGOS en CorelDRAW ► TUTORIAL
Total,1314,85.342,0:03:53,20211216,🤘🏼 Así PODRÁS crear INTROS ANIMADAS para tu TRABAJO y REDES SOCIALES en MINUTOS
Teléfono móvil,781,34.113,0:02:37,20211216,🤘🏼 Así PODRÁS crear INTROS ANIMADAS para tu TRABAJO y REDES SOCIALES en MINUTOS
Ordenador,398,35.8355,0:05:24,20211216,🤘🏼 Así PODRÁS crear INTROS ANIMADAS para tu TRABAJO y REDES SOCIALES en MINUTOS
TV,103,11.6825,0:06:48,20211216,🤘🏼 Así PODRÁS crear INTROS ANIMADAS para tu TRABAJO y REDES SOCIALES en MINUTOS
Tablet,31,3.7015,0:07:09,20211216,🤘🏼 Así PODRÁS crear INTROS ANIMADAS para tu TRABAJO y REDES SOCIALES en MINUTOS
Total,151522,5615.8666,0:02:13,20211123,✔✨ Sigue estos MÉTODOS para DISEÑAR tus LOGOS en CorelDRAW ► TUTORIAL
Teléfono móvil,119255,2994.8084,0:01:30,20211123,✔✨ Sigue estos MÉTODOS para DISEÑAR tus LOGOS en CorelDRAW ► TUTORIAL
Ordenador,22552,1912.6522,0:05:05,20211123,✔✨ Sigue estos MÉTODOS para DISEÑAR tus LOGOS en CorelDRAW ► TUTORIAL
TV,7219,594.3505,0:04:56,20211123,✔✨ Sigue estos MÉTODOS para DISEÑAR tus LOGOS en CorelDRAW ► TUTORIAL
Tablet,2470,111.0052,0:02:41,20211123,✔✨ Sigue estos MÉTODOS para DISEÑAR tus LOGOS en CorelDRAW ► TUTORIAL
Total,1962,23.559,0:00:43,20210518,💙 Curso VEGAS PRO en YOUTUBE 2021 (Entrenamiento Online) ▶
Ordenador,1246,13.8537,0:00:40,20210518,💙 Curso VEGAS PRO en YOUTUBE 2021 (Entrenamiento Online) ▶
Teléfono móvil,615,8.1804,0:00:47,20210518,💙 Curso VEGAS PRO en YOUTUBE 2021 (Entrenamiento Online) ▶
TV,77,1.1704,0:00:54,20210518,💙 Curso VEGAS PRO en YOUTUBE 2021 (Entrenamiento Online) ▶
Tablet,24,0.3545,0:00:53,20210518,💙 Curso VEGAS PRO en YOUTUBE 2021 (Entrenamiento Online) ▶
Total,1380,11.3996,0:00:29,20210921,😜 Te enseño el BORRADOR de un archivo de CorelDRAW
Teléfono móvil,1150,9.261,0:00:28,20210921,😜 Te enseño el BORRADOR de un archivo de CorelDRAW
Ordenador,196,1.7231,0:00:31,20210921,😜 Te enseño el BORRADOR de un archivo de CorelDRAW
TV,23,0.3047,0:00:47,20210921,😜 Te enseño el BORRADOR de un archivo de CorelDRAW
Tablet,11,0.1108,0:00:36,20210921,😜 Te enseño el BORRADOR de un archivo de CorelDRAW
Total,2188,159.1404,0:04:21,20220303,🧐 Sigue ESTE ORDEN en tus PROYECTOS ⭐ para CREAR LOGOS ASÍ en CorelDRAW
Teléfono móvil,1300,62.6795,0:02:53,20220303,🧐 Sigue ESTE ORDEN en tus PROYECTOS ⭐ para CREAR LOGOS ASÍ en CorelDRAW
Ordenador,703,72.9194,0:06:13,20220303,🧐 Sigue ESTE ORDEN en tus PROYECTOS ⭐ para CREAR LOGOS ASÍ en CorelDRAW
TV,136,17.4073,0:07:40,20220303,🧐 Sigue ESTE ORDEN en tus PROYECTOS ⭐ para CREAR LOGOS ASÍ en CorelDRAW
Tablet,49,6.1341,0:07:30,20220303,🧐 Sigue ESTE ORDEN en tus PROYECTOS ⭐ para CREAR LOGOS ASÍ en CorelDRAW
Total,2183,206.4005,0:05:40,20210923,🌟 AMAZING PERSPECTIVE Tips ▶ CREATE 3D TEXT in CorelDRAW
Teléfono móvil,1110,70.9577,0:03:50,20210923,🌟 AMAZING PERSPECTIVE Tips ▶ CREATE 3D TEXT in CorelDRAW
Ordenador,843,99.4922,0:07:04,20210923,🌟 AMAZING PERSPECTIVE Tips ▶ CREATE 3D TEXT in CorelDRAW
TV,181,28.9428,0:09:35,20210923,🌟 AMAZING PERSPECTIVE Tips ▶ CREATE 3D TEXT in CorelDRAW
Tablet,47,6.5835,0:08:24,20210923,🌟 AMAZING PERSPECTIVE Tips ▶ CREATE 3D TEXT in CorelDRAW
Total,2458,160.598,0:03:55,20220331,✨✔ DISEÑA como un PROFESIONAL si SIGUES estos PASOS en CorelDRAW
Teléfono móvil,1364,57.9891,0:02:33,20220331,✨✔ DISEÑA como un PROFESIONAL si SIGUES estos PASOS en CorelDRAW
Ordenador,865,80.6137,0:05:35,20220331,✨✔ DISEÑA como un PROFESIONAL si SIGUES estos PASOS en CorelDRAW
TV,179,16.4621,0:05:31,20220331,✨✔ DISEÑA como un PROFESIONAL si SIGUES estos PASOS en CorelDRAW
Tablet,49,5.5329,0:06:46,20220331,✨✔ DISEÑA como un PROFESIONAL si SIGUES estos PASOS en CorelDRAW
Total,2821,160.71,0:03:25,20211104,🧐 DOMINA las MEJORES TÉCNICAS para CREAR LOGOS en CorelDRAW ▶ TUTORIAL
Teléfono móvil,1777,74.3557,0:02:30,20211104,🧐 DOMINA las MEJORES TÉCNICAS para CREAR LOGOS en CorelDRAW ▶ TUTORIAL
Ordenador,805,61.9129,0:04:36,20211104,🧐 DOMINA las MEJORES TÉCNICAS para CREAR LOGOS en CorelDRAW ▶ TUTORIAL
TV,203,21.8563,0:06:27,20211104,🧐 DOMINA las MEJORES TÉCNICAS para CREAR LOGOS en CorelDRAW ▶ TUTORIAL
Tablet,36,2.5851,0:04:18,20211104,🧐 DOMINA las MEJORES TÉCNICAS para CREAR LOGOS en CorelDRAW ▶ TUTORIAL
Total,637,2.7719,0:00:15,20210729,Wow! De un simple círculo a ESTO!!! LOGO TUTOTIAL
Teléfono móvil,542,2.2995,0:00:15,20210729,Wow! De un simple círculo a ESTO!!! LOGO TUTOTIAL
Ordenador,70,0.3312,0:00:17,20210729,Wow! De un simple círculo a ESTO!!! LOGO TUTOTIAL
TV,20,0.1074,0:00:19,20210729,Wow! De un simple círculo a ESTO!!! LOGO TUTOTIAL
Tablet,5,0.0337,0:00:24,20210729,Wow! De un simple círculo a ESTO!!! LOGO TUTOTIAL
Total,4034,357.6949,0:05:19,20211214,🤫 Pon en PRÁCTICA el SECRETO para DISEÑAR este LOGO en CorelDRAW ▶▶ TUTORIAL
Teléfono móvil,1987,134.8209,0:04:04,20211214,🤫 Pon en PRÁCTICA el SECRETO para DISEÑAR este LOGO en CorelDRAW ▶▶ TUTORIAL
Ordenador,1690,168.5413,0:05:59,20211214,🤫 Pon en PRÁCTICA el SECRETO para DISEÑAR este LOGO en CorelDRAW ▶▶ TUTORIAL
TV,265,40.3946,0:09:08,20211214,🤫 Pon en PRÁCTICA el SECRETO para DISEÑAR este LOGO en CorelDRAW ▶▶ TUTORIAL
Tablet,92,13.9381,0:09:05,20211214,🤫 Pon en PRÁCTICA el SECRETO para DISEÑAR este LOGO en CorelDRAW ▶▶ TUTORIAL
Total,3011,59.3655,0:01:10,20210506,👉 Cuánto CUESTA 💲 CorelDRAW ▶ 
Teléfono móvil,1483,29.0357,0:01:10,20210506,👉 Cuánto CUESTA 💲 CorelDRAW ▶ 
Ordenador,1295,24.61,0:01:08,20210506,👉 Cuánto CUESTA 💲 CorelDRAW ▶ 
TV,164,4.1978,0:01:32,20210506,👉 Cuánto CUESTA 💲 CorelDRAW ▶ 
Tablet,68,1.4925,0:01:19,20210506,👉 Cuánto CUESTA 💲 CorelDRAW ▶ 
Total,3034,200.6775,0:03:58,20211019,Si USAS esta TÉCNICA 🧐 puedes CREAR muchos LOGOS ▶ CorelDRAW
Teléfono móvil,1666,76.9388,0:02:46,20211019,Si USAS esta TÉCNICA 🧐 puedes CREAR muchos LOGOS ▶ CorelDRAW
Ordenador,1033,91.2048,0:05:17,20211019,Si USAS esta TÉCNICA 🧐 puedes CREAR muchos LOGOS ▶ CorelDRAW
TV,275,27.5857,0:06:01,20211019,Si USAS esta TÉCNICA 🧐 puedes CREAR muchos LOGOS ▶ CorelDRAW
Tablet,59,4.7493,0:04:49,20211019,Si USAS esta TÉCNICA 🧐 puedes CREAR muchos LOGOS ▶ CorelDRAW
Total,4130,523.1473,0:07:36,20210928,🤜🏼 La MASTERCLASS que BUSCABAS 👉🏼  Técnicas AVANZADAS para DISEÑADORES CorelDRAW
Teléfono móvil,1870,134.9264,0:04:19,20210928,🤜🏼 La MASTERCLASS que BUSCABAS 👉🏼  Técnicas AVANZADAS para DISEÑADORES CorelDRAW
Ordenador,1689,262.931,0:09:20,20210928,🤜🏼 La MASTERCLASS que BUSCABAS 👉🏼  Técnicas AVANZADAS para DISEÑADORES CorelDRAW
TV,490,110.8092,0:13:34,20210928,🤜🏼 La MASTERCLASS que BUSCABAS 👉🏼  Técnicas AVANZADAS para DISEÑADORES CorelDRAW
Tablet,79,13.3696,0:10:09,20210928,🤜🏼 La MASTERCLASS que BUSCABAS 👉🏼  Técnicas AVANZADAS para DISEÑADORES CorelDRAW
Total,11619,740.5416,0:03:49,20220203,✔✨ DESCUBRE estas TÉCNICAS para CREAR DISEÑOS orgánicos en ▶ TUTORIAL
Teléfono móvil,7114,288.0134,0:02:25,20220203,✔✨ DESCUBRE estas TÉCNICAS para CREAR DISEÑOS orgánicos en ▶ TUTORIAL
Ordenador,3428,326.7397,0:05:43,20220203,✔✨ DESCUBRE estas TÉCNICAS para CREAR DISEÑOS orgánicos en ▶ TUTORIAL
TV,880,109.0042,0:07:25,20220203,✔✨ DESCUBRE estas TÉCNICAS para CREAR DISEÑOS orgánicos en ▶ TUTORIAL
Tablet,193,16.1901,0:05:01,20220203,✔✨ DESCUBRE estas TÉCNICAS para CREAR DISEÑOS orgánicos en ▶ TUTORIAL
Total,1867,84.2964,0:02:42,20210805,🔴 CorelDRAW MUST KNOWN Techniques for Beginners & Experts ▶ 3D LOGO TUTORIAL
Teléfono móvil,1158,38.481,0:01:59,20210805,🔴 CorelDRAW MUST KNOWN Techniques for Beginners & Experts ▶ 3D LOGO TUTORIAL
Ordenador,533,32.8757,0:03:42,20210805,🔴 CorelDRAW MUST KNOWN Techniques for Beginners & Experts ▶ 3D LOGO TUTORIAL
TV,138,10.8486,0:04:43,20210805,🔴 CorelDRAW MUST KNOWN Techniques for Beginners & Experts ▶ 3D LOGO TUTORIAL
Tablet,37,2.0906,0:03:23,20210805,🔴 CorelDRAW MUST KNOWN Techniques for Beginners & Experts ▶ 3D LOGO TUTORIAL
Total,1811,142.3578,0:04:42,20210916,✒️APRENDE a ILUSTRAR ASÍ en CorelDRAW ✍️ TRUCOS & CONSEJOS CLAVE
Teléfono móvil,1059,63.2742,0:03:35,20210916,✒️APRENDE a ILUSTRAR ASÍ en CorelDRAW ✍️ TRUCOS & CONSEJOS CLAVE
Ordenador,588,57.2487,0:05:50,20210916,✒️APRENDE a ILUSTRAR ASÍ en CorelDRAW ✍️ TRUCOS & CONSEJOS CLAVE
TV,131,17.9698,0:08:13,20210916,✒️APRENDE a ILUSTRAR ASÍ en CorelDRAW ✍️ TRUCOS & CONSEJOS CLAVE
Tablet,32,3.5336,0:06:37,20210916,✒️APRENDE a ILUSTRAR ASÍ en CorelDRAW ✍️ TRUCOS & CONSEJOS CLAVE
Total,1018,35.7847,0:02:06,20210819,Tips BÁSICOS para CREAR LOGOS EFICIENTES ▶ TUTORIAL CorelDRAW
Teléfono móvil,589,16.8436,0:01:42,20210819,Tips BÁSICOS para CREAR LOGOS EFICIENTES ▶ TUTORIAL CorelDRAW
Ordenador,356,14.9962,0:02:31,20210819,Tips BÁSICOS para CREAR LOGOS EFICIENTES ▶ TUTORIAL CorelDRAW
TV,52,3.1896,0:03:40,20210819,Tips BÁSICOS para CREAR LOGOS EFICIENTES ▶ TUTORIAL CorelDRAW
Tablet,19,0.626,0:01:58,20210819,Tips BÁSICOS para CREAR LOGOS EFICIENTES ▶ TUTORIAL CorelDRAW
Total,962,44.1079,0:02:45,20210921,🖱 EFECTO de PROYECCIÓN BÁSICA ▶ Tips para DISEÑAR en CorelDRAW
Teléfono móvil,554,20.4383,0:02:12,20210921,🖱 EFECTO de PROYECCIÓN BÁSICA ▶ Tips para DISEÑAR en CorelDRAW
Ordenador,341,18.751,0:03:17,20210921,🖱 EFECTO de PROYECCIÓN BÁSICA ▶ Tips para DISEÑAR en CorelDRAW
TV,48,3.615,0:04:31,20210921,🖱 EFECTO de PROYECCIÓN BÁSICA ▶ Tips para DISEÑAR en CorelDRAW
Tablet,18,1.1873,0:03:57,20210921,🖱 EFECTO de PROYECCIÓN BÁSICA ▶ Tips para DISEÑAR en CorelDRAW
Total,5936,243.6507,0:02:27,20210520,👉 Estas son las PRINCIPALES HERRAMIENTAS 🛠 de Corel Draw ▶
Ordenador,3157,134.8584,0:02:33,20210520,👉 Estas son las PRINCIPALES HERRAMIENTAS 🛠 de Corel Draw ▶
Teléfono móvil,2433,90.1251,0:02:13,20210520,👉 Estas son las PRINCIPALES HERRAMIENTAS 🛠 de Corel Draw ▶
TV,250,14.3422,0:03:26,20210520,👉 Estas son las PRINCIPALES HERRAMIENTAS 🛠 de Corel Draw ▶
Tablet,95,4.2487,0:02:41,20210520,👉 Estas son las PRINCIPALES HERRAMIENTAS 🛠 de Corel Draw ▶
Total,939,47.1552,0:03:00,20210701,🔥 CorelDRAW BEST Techniques for BEGINNERS & EXPERTS Tutorial ▶ SnowFlake ❄ (2021) 👉🏼
Teléfono móvil,518,19.731,0:02:17,20210701,🔥 CorelDRAW BEST Techniques for BEGINNERS & EXPERTS Tutorial ▶ SnowFlake ❄ (2021) 👉🏼
Ordenador,337,19.0006,0:03:22,20210701,🔥 CorelDRAW BEST Techniques for BEGINNERS & EXPERTS Tutorial ▶ SnowFlake ❄ (2021) 👉🏼
TV,63,7.2477,0:06:54,20210701,🔥 CorelDRAW BEST Techniques for BEGINNERS & EXPERTS Tutorial ▶ SnowFlake ❄ (2021) 👉🏼
Tablet,20,1.1754,0:03:31,20210701,🔥 CorelDRAW BEST Techniques for BEGINNERS & EXPERTS Tutorial ▶ SnowFlake ❄ (2021) 👉🏼
Total,476,2.4621,0:00:18,20210810,Quieres saber CÓMO se HACE este logo
Teléfono móvil,390,1.9274,0:00:17,20210810,Quieres saber CÓMO se HACE este logo
Ordenador,73,0.4696,0:00:23,20210810,Quieres saber CÓMO se HACE este logo
TV,8,0.0401,0:00:18,20210810,Quieres saber CÓMO se HACE este logo
Tablet,5,0.025,0:00:17,20210810,Quieres saber CÓMO se HACE este logo
Total,1187,12.2984,0:00:37,20210819,Speedrun LOGO MAKER Tutorial (1min)
Teléfono móvil,1010,10.3311,0:00:36,20210819,Speedrun LOGO MAKER Tutorial (1min)
Ordenador,145,1.6409,0:00:40,20210819,Speedrun LOGO MAKER Tutorial (1min)
TV,20,0.2518,0:00:45,20210819,Speedrun LOGO MAKER Tutorial (1min)
Tablet,12,0.0746,0:00:22,20210819,Speedrun LOGO MAKER Tutorial (1min)
Total,1697,80.1163,0:02:49,20210722,🔥 CorelDRAW GREAT Techniques for Beginners & Experts ▶ LOGO TUTORIAL (🌸+♻)
Teléfono móvil,980,33.8548,0:02:04,20210722,🔥 CorelDRAW GREAT Techniques for Beginners & Experts ▶ LOGO TUTORIAL (🌸+♻)
Ordenador,583,35.8936,0:03:41,20210722,🔥 CorelDRAW GREAT Techniques for Beginners & Experts ▶ LOGO TUTORIAL (🌸+♻)
TV,106,8.9119,0:05:02,20210722,🔥 CorelDRAW GREAT Techniques for Beginners & Experts ▶ LOGO TUTORIAL (🌸+♻)
Tablet,28,1.456,0:03:07,20210722,🔥 CorelDRAW GREAT Techniques for Beginners & Experts ▶ LOGO TUTORIAL (🌸+♻)
Total,1486,66.1176,0:02:40,20210812,🔥 CorelDRAW KEY Techniques for Beginners & Experts ▶ LOGO TUTORIAL
Teléfono móvil,908,30.5149,0:02:00,20210812,🔥 CorelDRAW KEY Techniques for Beginners & Experts ▶ LOGO TUTORIAL
Ordenador,455,26.3033,0:03:28,20210812,🔥 CorelDRAW KEY Techniques for Beginners & Experts ▶ LOGO TUTORIAL
TV,99,8.356,0:05:03,20210812,🔥 CorelDRAW KEY Techniques for Beginners & Experts ▶ LOGO TUTORIAL
Tablet,22,0.937,0:02:33,20210812,🔥 CorelDRAW KEY Techniques for Beginners & Experts ▶ LOGO TUTORIAL
Total,1759,101.0199,0:03:26,20211026,🐝 ESTA es la FORMA INTELIGENTE 😱 de usar la GEOMETRÍA para DISEÑAR ▶ CorelDRAW
Teléfono móvil,1095,43.4535,0:02:22,20211026,🐝 ESTA es la FORMA INTELIGENTE 😱 de usar la GEOMETRÍA para DISEÑAR ▶ CorelDRAW
Ordenador,514,41.853,0:04:53,20211026,🐝 ESTA es la FORMA INTELIGENTE 😱 de usar la GEOMETRÍA para DISEÑAR ▶ CorelDRAW
TV,116,12.9298,0:06:41,20211026,🐝 ESTA es la FORMA INTELIGENTE 😱 de usar la GEOMETRÍA para DISEÑAR ▶ CorelDRAW
Tablet,33,2.5692,0:04:40,20211026,🐝 ESTA es la FORMA INTELIGENTE 😱 de usar la GEOMETRÍA para DISEÑAR ▶ CorelDRAW
Total,584,5.8118,0:00:35,20210924,😊  Te ENSEÑO archivo de Trabajo en CorelDRAW
Teléfono móvil,401,3.7066,0:00:33,20210924,😊  Te ENSEÑO archivo de Trabajo en CorelDRAW
Ordenador,152,1.7083,0:00:40,20210924,😊  Te ENSEÑO archivo de Trabajo en CorelDRAW
TV,24,0.296,0:00:44,20210924,😊  Te ENSEÑO archivo de Trabajo en CorelDRAW
Tablet,6,0.0971,0:00:58,20210924,😊  Te ENSEÑO archivo de Trabajo en CorelDRAW
Total,1609,70.5007,0:02:37,20210706,🔥 CorelDRAW Best Geometry Tricks Logo TUTORIAL ▶▶ MICROSOFT EDGE 👉🏼
Teléfono móvil,952,33.9508,0:02:08,20210706,🔥 CorelDRAW Best Geometry Tricks Logo TUTORIAL ▶▶ MICROSOFT EDGE 👉🏼
Ordenador,546,29.3116,0:03:13,20210706,🔥 CorelDRAW Best Geometry Tricks Logo TUTORIAL ▶▶ MICROSOFT EDGE 👉🏼
TV,85,6.026,0:04:15,20210706,🔥 CorelDRAW Best Geometry Tricks Logo TUTORIAL ▶▶ MICROSOFT EDGE 👉🏼
Tablet,26,1.2123,0:02:47,20210706,🔥 CorelDRAW Best Geometry Tricks Logo TUTORIAL ▶▶ MICROSOFT EDGE 👉🏼
Total,3674,234.8777,0:03:50,20220217,😎 DOMINA estas TÉCNICAS de DISEÑO para CREAR LOGOS en CorelDRAW ▶ TUTORIAL
Teléfono móvil,2227,99.6446,0:02:41,20220217,😎 DOMINA estas TÉCNICAS de DISEÑO para CREAR LOGOS en CorelDRAW ▶ TUTORIAL
Ordenador,1131,104.9499,0:05:34,20220217,😎 DOMINA estas TÉCNICAS de DISEÑO para CREAR LOGOS en CorelDRAW ▶ TUTORIAL
TV,264,26.3803,0:05:59,20220217,😎 DOMINA estas TÉCNICAS de DISEÑO para CREAR LOGOS en CorelDRAW ▶ TUTORIAL
Tablet,49,3.6462,0:04:27,20220217,😎 DOMINA estas TÉCNICAS de DISEÑO para CREAR LOGOS en CorelDRAW ▶ TUTORIAL
Total,2699,242.7542,0:05:23,20220322,✨✔ CONOCE el PASO a PASO para CREAR este LOGO en CorelDRAW ▶ TUTORIAL
Teléfono móvil,1431,79.995,0:03:21,20220322,✨✔ CONOCE el PASO a PASO para CREAR este LOGO en CorelDRAW ▶ TUTORIAL
Ordenador,1080,133.5309,0:07:25,20220322,✨✔ CONOCE el PASO a PASO para CREAR este LOGO en CorelDRAW ▶ TUTORIAL
TV,155,25.2421,0:09:46,20220322,✨✔ CONOCE el PASO a PASO para CREAR este LOGO en CorelDRAW ▶ TUTORIAL
Tablet,33,3.9863,0:07:14,20220322,✨✔ CONOCE el PASO a PASO para CREAR este LOGO en CorelDRAW ▶ TUTORIAL
Total,1575,13.1204,0:00:29,20220225,🏃🏼_♂️🚴🏼_♂️Así CREAS LOGOS en CorelDRAW como un PRO
Teléfono móvil,1453,12.0223,0:00:29,20220225,🏃🏼_♂️🚴🏼_♂️Así CREAS LOGOS en CorelDRAW como un PRO
Ordenador,94,0.8919,0:00:34,20220225,🏃🏼_♂️🚴🏼_♂️Así CREAS LOGOS en CorelDRAW como un PRO
TV,14,0.0767,0:00:19,20220225,🏃🏼_♂️🚴🏼_♂️Así CREAS LOGOS en CorelDRAW como un PRO
Tablet,14,0.1295,0:00:33,20220225,🏃🏼_♂️🚴🏼_♂️Así CREAS LOGOS en CorelDRAW como un PRO
Total,891,34.521,0:02:19,20210708,🔥 CorelDRAW BEST Techniques for Beginner & Experts TUTORIAL ▶ S Loop (2021) 👉🏼
Teléfono móvil,527,15.3322,0:01:44,20210708,🔥 CorelDRAW BEST Techniques for Beginner & Experts TUTORIAL ▶ S Loop (2021) 👉🏼
Ordenador,288,13.4692,0:02:48,20210708,🔥 CorelDRAW BEST Techniques for Beginner & Experts TUTORIAL ▶ S Loop (2021) 👉🏼
TV,56,4.1574,0:04:27,20210708,🔥 CorelDRAW BEST Techniques for Beginner & Experts TUTORIAL ▶ S Loop (2021) 👉🏼
Tablet,20,1.5622,0:04:41,20210708,🔥 CorelDRAW BEST Techniques for Beginner & Experts TUTORIAL ▶ S Loop (2021) 👉🏼
Total,1796,89.6495,0:02:59,20211021,✒️ + 🐧Aprende a COMBINAR CONCEPTOS 😏 para DISEÑAR en CorelDRAW
Teléfono móvil,1244,43.7561,0:02:06,20211021,✒️ + 🐧Aprende a COMBINAR CONCEPTOS 😏 para DISEÑAR en CorelDRAW
Ordenador,423,34.7127,0:04:55,20211021,✒️ + 🐧Aprende a COMBINAR CONCEPTOS 😏 para DISEÑAR en CorelDRAW
TV,102,9.2873,0:05:27,20211021,✒️ + 🐧Aprende a COMBINAR CONCEPTOS 😏 para DISEÑAR en CorelDRAW
Tablet,27,1.8934,0:04:12,20211021,✒️ + 🐧Aprende a COMBINAR CONCEPTOS 😏 para DISEÑAR en CorelDRAW
Total,1430,78.4329,0:03:17,20210729,🔥 CorelDRAW AMAZING Techniques for Beginners & Experts ▶ LOGO TUTORIAL
Teléfono móvil,727,32.1314,0:02:39,20210729,🔥 CorelDRAW AMAZING Techniques for Beginners & Experts ▶ LOGO TUTORIAL
Ordenador,600,37.8105,0:03:46,20210729,🔥 CorelDRAW AMAZING Techniques for Beginners & Experts ▶ LOGO TUTORIAL
TV,79,7.2141,0:05:28,20210729,🔥 CorelDRAW AMAZING Techniques for Beginners & Experts ▶ LOGO TUTORIAL
Tablet,23,1.2745,0:03:19,20210729,🔥 CorelDRAW AMAZING Techniques for Beginners & Experts ▶ LOGO TUTORIAL
