area_geografica,visualizaciones,tiempo_de_visualizacion_(horas),duracion_media_de_las_visualizaciones,fecha_publicacion,nombre_video
Total,1594,62.1296,0:02:20,20210826,🔗 LOGO TUTORIAL CorelDRAW ›BASIC‹ Tips & Tricks 💚 for Beginners & Experts
MX,209,7.7539,0:02:13,20210826,🔗 LOGO TUTORIAL CorelDRAW ›BASIC‹ Tips & Tricks 💚 for Beginners & Experts
PE,183,6.2119,0:02:02,20210826,🔗 LOGO TUTORIAL CorelDRAW ›BASIC‹ Tips & Tricks 💚 for Beginners & Experts
CO,121,6.0305,0:02:59,20210826,🔗 LOGO TUTORIAL CorelDRAW ›BASIC‹ Tips & Tricks 💚 for Beginners & Experts
AR,89,2.4924,0:01:40,20210826,🔗 LOGO TUTORIAL CorelDRAW ›BASIC‹ Tips & Tricks 💚 for Beginners & Experts
ES,14,0.3799,0:01:37,20210826,🔗 LOGO TUTORIAL CorelDRAW ›BASIC‹ Tips & Tricks 💚 for Beginners & Experts
US,11,0.3653,0:01:59,20210826,🔗 LOGO TUTORIAL CorelDRAW ›BASIC‹ Tips & Tricks 💚 for Beginners & Experts
Total,13062,589.1126,0:02:42,20220118,🤯 APRENDE a DISEÑAR LOGOS con ESTA TÉCNICA SECRETA en CorelDRAW
MX,2736,113.4461,0:02:29,20220118,🤯 APRENDE a DISEÑAR LOGOS con ESTA TÉCNICA SECRETA en CorelDRAW
PE,1385,71.5598,0:03:06,20220118,🤯 APRENDE a DISEÑAR LOGOS con ESTA TÉCNICA SECRETA en CorelDRAW
CO,894,50.6471,0:03:23,20220118,🤯 APRENDE a DISEÑAR LOGOS con ESTA TÉCNICA SECRETA en CorelDRAW
AR,638,27.1378,0:02:33,20220118,🤯 APRENDE a DISEÑAR LOGOS con ESTA TÉCNICA SECRETA en CorelDRAW
EC,533,17.2654,0:01:56,20220118,🤯 APRENDE a DISEÑAR LOGOS con ESTA TÉCNICA SECRETA en CorelDRAW
US,449,16.4854,0:02:12,20220118,🤯 APRENDE a DISEÑAR LOGOS con ESTA TÉCNICA SECRETA en CorelDRAW
BO,424,16.2055,0:02:17,20220118,🤯 APRENDE a DISEÑAR LOGOS con ESTA TÉCNICA SECRETA en CorelDRAW
VE,363,18.4465,0:03:02,20220118,🤯 APRENDE a DISEÑAR LOGOS con ESTA TÉCNICA SECRETA en CorelDRAW
ES,324,17.033,0:03:09,20220118,🤯 APRENDE a DISEÑAR LOGOS con ESTA TÉCNICA SECRETA en CorelDRAW
BR,240,10.0211,0:02:30,20220118,🤯 APRENDE a DISEÑAR LOGOS con ESTA TÉCNICA SECRETA en CorelDRAW
DO,235,8.0253,0:02:02,20220118,🤯 APRENDE a DISEÑAR LOGOS con ESTA TÉCNICA SECRETA en CorelDRAW
GT,223,7.1287,0:01:55,20220118,🤯 APRENDE a DISEÑAR LOGOS con ESTA TÉCNICA SECRETA en CorelDRAW
CL,121,4.0286,0:01:59,20220118,🤯 APRENDE a DISEÑAR LOGOS con ESTA TÉCNICA SECRETA en CorelDRAW
SV,91,3.7793,0:02:29,20220118,🤯 APRENDE a DISEÑAR LOGOS con ESTA TÉCNICA SECRETA en CorelDRAW
PA,68,1.7184,0:01:30,20220118,🤯 APRENDE a DISEÑAR LOGOS con ESTA TÉCNICA SECRETA en CorelDRAW
HN,58,1.7036,0:01:45,20220118,🤯 APRENDE a DISEÑAR LOGOS con ESTA TÉCNICA SECRETA en CorelDRAW
ID,46,0.7749,0:01:00,20220118,🤯 APRENDE a DISEÑAR LOGOS con ESTA TÉCNICA SECRETA en CorelDRAW
CR,31,1.3476,0:02:36,20220118,🤯 APRENDE a DISEÑAR LOGOS con ESTA TÉCNICA SECRETA en CorelDRAW
PY,31,1.0034,0:01:56,20220118,🤯 APRENDE a DISEÑAR LOGOS con ESTA TÉCNICA SECRETA en CorelDRAW
NI,23,0.5427,0:01:24,20220118,🤯 APRENDE a DISEÑAR LOGOS con ESTA TÉCNICA SECRETA en CorelDRAW
PR,15,0.1165,0:00:27,20220118,🤯 APRENDE a DISEÑAR LOGOS con ESTA TÉCNICA SECRETA en CorelDRAW
BD,14,0.2845,0:01:13,20220118,🤯 APRENDE a DISEÑAR LOGOS con ESTA TÉCNICA SECRETA en CorelDRAW
KR,10,0.4556,0:02:44,20220118,🤯 APRENDE a DISEÑAR LOGOS con ESTA TÉCNICA SECRETA en CorelDRAW
Total,2181,113.9934,0:03:08,20211111,🧐 La TABLETA GRÁFICA más BARATA y VENDIDA ¿Merece la pena_ Review VEIKK S640
MX,153,9.5887,0:03:45,20211111,🧐 La TABLETA GRÁFICA más BARATA y VENDIDA ¿Merece la pena_ Review VEIKK S640
CO,83,4.8987,0:03:32,20211111,🧐 La TABLETA GRÁFICA más BARATA y VENDIDA ¿Merece la pena_ Review VEIKK S640
PE,63,3.6839,0:03:30,20211111,🧐 La TABLETA GRÁFICA más BARATA y VENDIDA ¿Merece la pena_ Review VEIKK S640
AR,28,1.1406,0:02:26,20211111,🧐 La TABLETA GRÁFICA más BARATA y VENDIDA ¿Merece la pena_ Review VEIKK S640
ES,21,1.6054,0:04:35,20211111,🧐 La TABLETA GRÁFICA más BARATA y VENDIDA ¿Merece la pena_ Review VEIKK S640
US,11,0.7385,0:04:01,20211111,🧐 La TABLETA GRÁFICA más BARATA y VENDIDA ¿Merece la pena_ Review VEIKK S640
Total,2047,173.0057,0:05:04,20220419,🤯 CONSEJOS PRÁCTICOS para CREAR LOGOS en CorelDRAW ▶ TUTORIAL
MX,189,13.7628,0:04:22,20220419,🤯 CONSEJOS PRÁCTICOS para CREAR LOGOS en CorelDRAW ▶ TUTORIAL
PE,119,9.4415,0:04:45,20220419,🤯 CONSEJOS PRÁCTICOS para CREAR LOGOS en CorelDRAW ▶ TUTORIAL
CO,102,7.6162,0:04:28,20220419,🤯 CONSEJOS PRÁCTICOS para CREAR LOGOS en CorelDRAW ▶ TUTORIAL
AR,65,4.4238,0:04:05,20220419,🤯 CONSEJOS PRÁCTICOS para CREAR LOGOS en CorelDRAW ▶ TUTORIAL
ES,29,2.7155,0:05:37,20220419,🤯 CONSEJOS PRÁCTICOS para CREAR LOGOS en CorelDRAW ▶ TUTORIAL
BR,18,1.0233,0:03:24,20220419,🤯 CONSEJOS PRÁCTICOS para CREAR LOGOS en CorelDRAW ▶ TUTORIAL
VE,11,1.1885,0:06:28,20220419,🤯 CONSEJOS PRÁCTICOS para CREAR LOGOS en CorelDRAW ▶ TUTORIAL
EC,0,0.0,,20220419,🤯 CONSEJOS PRÁCTICOS para CREAR LOGOS en CorelDRAW ▶ TUTORIAL
Total,1322,55.4837,0:02:31,20210902,CorelDRAW MAGIC ››Text EFFECT‹‹ 🌟 TIPS Tutorial ▶
MX,213,9.5573,0:02:41,20210902,CorelDRAW MAGIC ››Text EFFECT‹‹ 🌟 TIPS Tutorial ▶
CO,119,5.2141,0:02:37,20210902,CorelDRAW MAGIC ››Text EFFECT‹‹ 🌟 TIPS Tutorial ▶
PE,108,3.4507,0:01:55,20210902,CorelDRAW MAGIC ››Text EFFECT‹‹ 🌟 TIPS Tutorial ▶
AR,74,3.4894,0:02:49,20210902,CorelDRAW MAGIC ››Text EFFECT‹‹ 🌟 TIPS Tutorial ▶
ES,33,1.47,0:02:40,20210902,CorelDRAW MAGIC ››Text EFFECT‹‹ 🌟 TIPS Tutorial ▶
VE,0,0.0,,20210902,CorelDRAW MAGIC ››Text EFFECT‹‹ 🌟 TIPS Tutorial ▶
Total,840,8.3036,0:00:35,20210725,🐙 LOGOTIPO + ILUSTRACIÓN Speedrun SHORT en Corel DRAW
MX,45,0.419,0:00:33,20210725,🐙 LOGOTIPO + ILUSTRACIÓN Speedrun SHORT en Corel DRAW
ES,13,0.0865,0:00:23,20210725,🐙 LOGOTIPO + ILUSTRACIÓN Speedrun SHORT en Corel DRAW
CO,12,0.1048,0:00:31,20210725,🐙 LOGOTIPO + ILUSTRACIÓN Speedrun SHORT en Corel DRAW
AR,10,0.0796,0:00:28,20210725,🐙 LOGOTIPO + ILUSTRACIÓN Speedrun SHORT en Corel DRAW
Total,796,36.2929,0:02:44,20210629,⚡ CorelDRAW BEST Techniques for BEGINNERS & EXPERTS TUTORIAL YIN YANG TUTORIAL (2021) ☯
MX,82,3.6852,0:02:41,20210629,⚡ CorelDRAW BEST Techniques for BEGINNERS & EXPERTS TUTORIAL YIN YANG TUTORIAL (2021) ☯
CO,49,2.9651,0:03:37,20210629,⚡ CorelDRAW BEST Techniques for BEGINNERS & EXPERTS TUTORIAL YIN YANG TUTORIAL (2021) ☯
PE,29,1.7072,0:03:31,20210629,⚡ CorelDRAW BEST Techniques for BEGINNERS & EXPERTS TUTORIAL YIN YANG TUTORIAL (2021) ☯
AR,28,1.1557,0:02:28,20210629,⚡ CorelDRAW BEST Techniques for BEGINNERS & EXPERTS TUTORIAL YIN YANG TUTORIAL (2021) ☯
CL,0,0.0,,20210629,⚡ CorelDRAW BEST Techniques for BEGINNERS & EXPERTS TUTORIAL YIN YANG TUTORIAL (2021) ☯
Total,2948,222.2494,0:04:31,20211109,🧐 Te ENSEÑO estas TÉCNICAS de DIBUJO para DISEÑAR en CorelDRAW 🏠 ► TUTORIAL
MX,324,22.1448,0:04:06,20211109,🧐 Te ENSEÑO estas TÉCNICAS de DIBUJO para DISEÑAR en CorelDRAW 🏠 ► TUTORIAL
PE,230,19.3011,0:05:02,20211109,🧐 Te ENSEÑO estas TÉCNICAS de DIBUJO para DISEÑAR en CorelDRAW 🏠 ► TUTORIAL
CO,167,13.5849,0:04:52,20211109,🧐 Te ENSEÑO estas TÉCNICAS de DIBUJO para DISEÑAR en CorelDRAW 🏠 ► TUTORIAL
AR,73,4.1675,0:03:25,20211109,🧐 Te ENSEÑO estas TÉCNICAS de DIBUJO para DISEÑAR en CorelDRAW 🏠 ► TUTORIAL
ES,36,2.76,0:04:36,20211109,🧐 Te ENSEÑO estas TÉCNICAS de DIBUJO para DISEÑAR en CorelDRAW 🏠 ► TUTORIAL
US,33,2.6038,0:04:44,20211109,🧐 Te ENSEÑO estas TÉCNICAS de DIBUJO para DISEÑAR en CorelDRAW 🏠 ► TUTORIAL
VE,14,0.7548,0:03:14,20211109,🧐 Te ENSEÑO estas TÉCNICAS de DIBUJO para DISEÑAR en CorelDRAW 🏠 ► TUTORIAL
BR,13,0.849,0:03:55,20211109,🧐 Te ENSEÑO estas TÉCNICAS de DIBUJO para DISEÑAR en CorelDRAW 🏠 ► TUTORIAL
EC,13,0.4335,0:02:00,20211109,🧐 Te ENSEÑO estas TÉCNICAS de DIBUJO para DISEÑAR en CorelDRAW 🏠 ► TUTORIAL
BO,10,0.5793,0:03:28,20211109,🧐 Te ENSEÑO estas TÉCNICAS de DIBUJO para DISEÑAR en CorelDRAW 🏠 ► TUTORIAL
CL,10,0.4276,0:02:33,20211109,🧐 Te ENSEÑO estas TÉCNICAS de DIBUJO para DISEÑAR en CorelDRAW 🏠 ► TUTORIAL
Total,722,4.5453,0:00:22,20211122,¿Puedes adivinar lo que es_ DelcaVideography #short
MX,118,0.8248,0:00:25,20211122,¿Puedes adivinar lo que es_ DelcaVideography #short
CO,38,0.2125,0:00:20,20211122,¿Puedes adivinar lo que es_ DelcaVideography #short
AR,30,0.1713,0:00:20,20211122,¿Puedes adivinar lo que es_ DelcaVideography #short
PE,15,0.0848,0:00:20,20211122,¿Puedes adivinar lo que es_ DelcaVideography #short
CL,14,0.105,0:00:26,20211122,¿Puedes adivinar lo que es_ DelcaVideography #short
US,11,0.0761,0:00:24,20211122,¿Puedes adivinar lo que es_ DelcaVideography #short
Total,6466,570.5199,0:05:17,20220125,🔥 Sigue esta ESTRATEGIA para CREAR tus LOGOS (Bien EXPLICADO⚡) en CorelDRAW
MX,691,47.2603,0:04:06,20220125,🔥 Sigue esta ESTRATEGIA para CREAR tus LOGOS (Bien EXPLICADO⚡) en CorelDRAW
PE,548,43.109,0:04:43,20220125,🔥 Sigue esta ESTRATEGIA para CREAR tus LOGOS (Bien EXPLICADO⚡) en CorelDRAW
CO,371,35.058,0:05:40,20220125,🔥 Sigue esta ESTRATEGIA para CREAR tus LOGOS (Bien EXPLICADO⚡) en CorelDRAW
AR,158,12.5628,0:04:46,20220125,🔥 Sigue esta ESTRATEGIA para CREAR tus LOGOS (Bien EXPLICADO⚡) en CorelDRAW
KH,115,1.4914,0:00:46,20220125,🔥 Sigue esta ESTRATEGIA para CREAR tus LOGOS (Bien EXPLICADO⚡) en CorelDRAW
US,110,4.902,0:02:40,20220125,🔥 Sigue esta ESTRATEGIA para CREAR tus LOGOS (Bien EXPLICADO⚡) en CorelDRAW
EC,109,4.7893,0:02:38,20220125,🔥 Sigue esta ESTRATEGIA para CREAR tus LOGOS (Bien EXPLICADO⚡) en CorelDRAW
VE,84,9.9088,0:07:04,20220125,🔥 Sigue esta ESTRATEGIA para CREAR tus LOGOS (Bien EXPLICADO⚡) en CorelDRAW
BO,80,4.3681,0:03:16,20220125,🔥 Sigue esta ESTRATEGIA para CREAR tus LOGOS (Bien EXPLICADO⚡) en CorelDRAW
ES,78,4.2749,0:03:17,20220125,🔥 Sigue esta ESTRATEGIA para CREAR tus LOGOS (Bien EXPLICADO⚡) en CorelDRAW
BR,72,5.7158,0:04:45,20220125,🔥 Sigue esta ESTRATEGIA para CREAR tus LOGOS (Bien EXPLICADO⚡) en CorelDRAW
CL,45,1.4858,0:01:58,20220125,🔥 Sigue esta ESTRATEGIA para CREAR tus LOGOS (Bien EXPLICADO⚡) en CorelDRAW
VN,41,0.4777,0:00:41,20220125,🔥 Sigue esta ESTRATEGIA para CREAR tus LOGOS (Bien EXPLICADO⚡) en CorelDRAW
DO,29,1.7729,0:03:40,20220125,🔥 Sigue esta ESTRATEGIA para CREAR tus LOGOS (Bien EXPLICADO⚡) en CorelDRAW
ID,24,1.2851,0:03:12,20220125,🔥 Sigue esta ESTRATEGIA para CREAR tus LOGOS (Bien EXPLICADO⚡) en CorelDRAW
SV,23,1.534,0:04:00,20220125,🔥 Sigue esta ESTRATEGIA para CREAR tus LOGOS (Bien EXPLICADO⚡) en CorelDRAW
PY,20,1.4903,0:04:28,20220125,🔥 Sigue esta ESTRATEGIA para CREAR tus LOGOS (Bien EXPLICADO⚡) en CorelDRAW
UY,11,0.011,0:00:03,20220125,🔥 Sigue esta ESTRATEGIA para CREAR tus LOGOS (Bien EXPLICADO⚡) en CorelDRAW
GT,10,0.5184,0:03:06,20220125,🔥 Sigue esta ESTRATEGIA para CREAR tus LOGOS (Bien EXPLICADO⚡) en CorelDRAW
Total,951,41.2375,0:02:36,20220215,🔥 Cómo CREAR una INTRO para tu CANAL de YOUTUBE 💗 en un PAR de MINUTOS ▶ TUTORIAL
MX,142,6.8118,0:02:52,20220215,🔥 Cómo CREAR una INTRO para tu CANAL de YOUTUBE 💗 en un PAR de MINUTOS ▶ TUTORIAL
PE,75,2.8288,0:02:15,20220215,🔥 Cómo CREAR una INTRO para tu CANAL de YOUTUBE 💗 en un PAR de MINUTOS ▶ TUTORIAL
CO,72,4.2753,0:03:33,20220215,🔥 Cómo CREAR una INTRO para tu CANAL de YOUTUBE 💗 en un PAR de MINUTOS ▶ TUTORIAL
ES,47,2.0417,0:02:36,20220215,🔥 Cómo CREAR una INTRO para tu CANAL de YOUTUBE 💗 en un PAR de MINUTOS ▶ TUTORIAL
AR,27,1.331,0:02:57,20220215,🔥 Cómo CREAR una INTRO para tu CANAL de YOUTUBE 💗 en un PAR de MINUTOS ▶ TUTORIAL
VE,10,0.5117,0:03:04,20220215,🔥 Cómo CREAR una INTRO para tu CANAL de YOUTUBE 💗 en un PAR de MINUTOS ▶ TUTORIAL
US,0,0.0,,20220215,🔥 Cómo CREAR una INTRO para tu CANAL de YOUTUBE 💗 en un PAR de MINUTOS ▶ TUTORIAL
Total,827,6.4061,0:00:27,20220228,🏃🏼_♂️🚴🏼_♂️ Creación de DISEÑO CREATIVO de LOGOS _ DelcaVideography ▶ Short
MX,88,1.606,0:01:05,20220228,🏃🏼_♂️🚴🏼_♂️ Creación de DISEÑO CREATIVO de LOGOS _ DelcaVideography ▶ Short
AR,53,0.2706,0:00:18,20220228,🏃🏼_♂️🚴🏼_♂️ Creación de DISEÑO CREATIVO de LOGOS _ DelcaVideography ▶ Short
CO,31,0.2387,0:00:27,20220228,🏃🏼_♂️🚴🏼_♂️ Creación de DISEÑO CREATIVO de LOGOS _ DelcaVideography ▶ Short
PE,12,0.0817,0:00:24,20220228,🏃🏼_♂️🚴🏼_♂️ Creación de DISEÑO CREATIVO de LOGOS _ DelcaVideography ▶ Short
CL,11,0.064,0:00:20,20220228,🏃🏼_♂️🚴🏼_♂️ Creación de DISEÑO CREATIVO de LOGOS _ DelcaVideography ▶ Short
VE,11,0.1046,0:00:34,20220228,🏃🏼_♂️🚴🏼_♂️ Creación de DISEÑO CREATIVO de LOGOS _ DelcaVideography ▶ Short
Total,828,17.2807,0:01:15,20211002,😎 Este CONSEJO MEJORARÁ tu EXPERIENCIA con mis TUTORIALES
MX,90,1.4783,0:00:59,20211002,😎 Este CONSEJO MEJORARÁ tu EXPERIENCIA con mis TUTORIALES
CO,79,1.8146,0:01:22,20211002,😎 Este CONSEJO MEJORARÁ tu EXPERIENCIA con mis TUTORIALES
PE,75,1.7315,0:01:23,20211002,😎 Este CONSEJO MEJORARÁ tu EXPERIENCIA con mis TUTORIALES
AR,42,1.066,0:01:31,20211002,😎 Este CONSEJO MEJORARÁ tu EXPERIENCIA con mis TUTORIALES
ES,24,0.5481,0:01:22,20211002,😎 Este CONSEJO MEJORARÁ tu EXPERIENCIA con mis TUTORIALES
Total,2344,95.3512,0:02:26,20210601,Cómo CONVERTIR CLIPS DE VIDEO a GIF ANIMADOS usando Vegas PRO
CO,34,1.4204,0:02:30,20210601,Cómo CONVERTIR CLIPS DE VIDEO a GIF ANIMADOS usando Vegas PRO
MX,33,1.3866,0:02:31,20210601,Cómo CONVERTIR CLIPS DE VIDEO a GIF ANIMADOS usando Vegas PRO
AR,22,1.2392,0:03:22,20210601,Cómo CONVERTIR CLIPS DE VIDEO a GIF ANIMADOS usando Vegas PRO
ES,13,0.5381,0:02:29,20210601,Cómo CONVERTIR CLIPS DE VIDEO a GIF ANIMADOS usando Vegas PRO
Total,711,6.5255,0:00:33,20210726,🦊🏃_♀️ The Fox Design SHORT
CO,11,0.0847,0:00:27,20210726,🦊🏃_♀️ The Fox Design SHORT
Total,1881,111.3451,0:03:33,20220301,✔💪🏼 Sigue estas TÉCNICAS para CREAR LOGOS en CorelDRAW ▶ TUTORIAL
MX,221,12.5,0:03:23,20220301,✔💪🏼 Sigue estas TÉCNICAS para CREAR LOGOS en CorelDRAW ▶ TUTORIAL
PE,157,8.4087,0:03:12,20220301,✔💪🏼 Sigue estas TÉCNICAS para CREAR LOGOS en CorelDRAW ▶ TUTORIAL
CO,114,8.7086,0:04:35,20220301,✔💪🏼 Sigue estas TÉCNICAS para CREAR LOGOS en CorelDRAW ▶ TUTORIAL
AR,67,2.068,0:01:51,20220301,✔💪🏼 Sigue estas TÉCNICAS para CREAR LOGOS en CorelDRAW ▶ TUTORIAL
ES,34,1.9885,0:03:30,20220301,✔💪🏼 Sigue estas TÉCNICAS para CREAR LOGOS en CorelDRAW ▶ TUTORIAL
VE,34,2.2822,0:04:01,20220301,✔💪🏼 Sigue estas TÉCNICAS para CREAR LOGOS en CorelDRAW ▶ TUTORIAL
HN,12,1.0453,0:05:13,20220301,✔💪🏼 Sigue estas TÉCNICAS para CREAR LOGOS en CorelDRAW ▶ TUTORIAL
US,12,0.0591,0:00:17,20220301,✔💪🏼 Sigue estas TÉCNICAS para CREAR LOGOS en CorelDRAW ▶ TUTORIAL
EC,11,0.482,0:02:37,20220301,✔💪🏼 Sigue estas TÉCNICAS para CREAR LOGOS en CorelDRAW ▶ TUTORIAL
BR,10,1.0138,0:06:04,20220301,✔💪🏼 Sigue estas TÉCNICAS para CREAR LOGOS en CorelDRAW ▶ TUTORIAL
CL,0,0.0,,20220301,✔💪🏼 Sigue estas TÉCNICAS para CREAR LOGOS en CorelDRAW ▶ TUTORIAL
Total,918,4.2187,0:00:16,20211215,👌🏼 Te DOY un TRUCO SECRETO 🤯 para HACER INTROS INCREÍBLES y en POCOS PASOS
MX,78,0.3701,0:00:17,20211215,👌🏼 Te DOY un TRUCO SECRETO 🤯 para HACER INTROS INCREÍBLES y en POCOS PASOS
CO,65,0.2577,0:00:14,20211215,👌🏼 Te DOY un TRUCO SECRETO 🤯 para HACER INTROS INCREÍBLES y en POCOS PASOS
PE,47,0.2179,0:00:16,20211215,👌🏼 Te DOY un TRUCO SECRETO 🤯 para HACER INTROS INCREÍBLES y en POCOS PASOS
AR,41,0.196,0:00:17,20211215,👌🏼 Te DOY un TRUCO SECRETO 🤯 para HACER INTROS INCREÍBLES y en POCOS PASOS
ES,35,0.1628,0:00:16,20211215,👌🏼 Te DOY un TRUCO SECRETO 🤯 para HACER INTROS INCREÍBLES y en POCOS PASOS
VE,13,0.0499,0:00:13,20211215,👌🏼 Te DOY un TRUCO SECRETO 🤯 para HACER INTROS INCREÍBLES y en POCOS PASOS
Total,961,36.8612,0:02:18,20211005,👌🏼 EASY Design LOGO Process in CorelDRAW ▶ BEST Tips and Tricks 
MX,125,4.4302,0:02:07,20211005,👌🏼 EASY Design LOGO Process in CorelDRAW ▶ BEST Tips and Tricks 
CO,84,3.1409,0:02:14,20211005,👌🏼 EASY Design LOGO Process in CorelDRAW ▶ BEST Tips and Tricks 
PE,58,2.409,0:02:29,20211005,👌🏼 EASY Design LOGO Process in CorelDRAW ▶ BEST Tips and Tricks 
AR,39,1.2969,0:01:59,20211005,👌🏼 EASY Design LOGO Process in CorelDRAW ▶ BEST Tips and Tricks 
VE,0,0.0,,20211005,👌🏼 EASY Design LOGO Process in CorelDRAW ▶ BEST Tips and Tricks 
Total,1759,81.2212,0:02:46,20211008,🤔🧠 Procesos de DISEÑO INTELIGENTES en CorelDRAW 🖋 Tips & Tricks
MX,235,10.6827,0:02:43,20211008,🤔🧠 Procesos de DISEÑO INTELIGENTES en CorelDRAW 🖋 Tips & Tricks
CO,115,4.4854,0:02:20,20211008,🤔🧠 Procesos de DISEÑO INTELIGENTES en CorelDRAW 🖋 Tips & Tricks
PE,109,3.3329,0:01:50,20211008,🤔🧠 Procesos de DISEÑO INTELIGENTES en CorelDRAW 🖋 Tips & Tricks
AR,70,2.2858,0:01:57,20211008,🤔🧠 Procesos de DISEÑO INTELIGENTES en CorelDRAW 🖋 Tips & Tricks
ES,15,0.6237,0:02:29,20211008,🤔🧠 Procesos de DISEÑO INTELIGENTES en CorelDRAW 🖋 Tips & Tricks
US,13,0.5293,0:02:26,20211008,🤔🧠 Procesos de DISEÑO INTELIGENTES en CorelDRAW 🖋 Tips & Tricks
VE,12,0.5738,0:02:52,20211008,🤔🧠 Procesos de DISEÑO INTELIGENTES en CorelDRAW 🖋 Tips & Tricks
CL,0,0.0,,20211008,🤔🧠 Procesos de DISEÑO INTELIGENTES en CorelDRAW 🖋 Tips & Tricks
Total,3178,295.7803,0:05:35,20210615,🔥 APRENDE a EDITAR VIDEOS con Windows 10 😮 _TUTORIAL COMPLETO_ ▶ 
ES,172,15.0251,0:05:14,20210615,🔥 APRENDE a EDITAR VIDEOS con Windows 10 😮 _TUTORIAL COMPLETO_ ▶ 
MX,60,5.4194,0:05:25,20210615,🔥 APRENDE a EDITAR VIDEOS con Windows 10 😮 _TUTORIAL COMPLETO_ ▶ 
CO,50,5.6879,0:06:49,20210615,🔥 APRENDE a EDITAR VIDEOS con Windows 10 😮 _TUTORIAL COMPLETO_ ▶ 
PE,21,2.1536,0:06:09,20210615,🔥 APRENDE a EDITAR VIDEOS con Windows 10 😮 _TUTORIAL COMPLETO_ ▶ 
AR,11,1.3434,0:07:19,20210615,🔥 APRENDE a EDITAR VIDEOS con Windows 10 😮 _TUTORIAL COMPLETO_ ▶ 
Total,3184,233.7504,0:04:24,20220308,✔✨ Sigue estos PASOS para CREAR DISEÑOS IMPOSIBLES con CorelDRAW ▶ TUTORIAL
MX,558,31.9068,0:03:25,20220308,✔✨ Sigue estos PASOS para CREAR DISEÑOS IMPOSIBLES con CorelDRAW ▶ TUTORIAL
PE,351,23.0542,0:03:56,20220308,✔✨ Sigue estos PASOS para CREAR DISEÑOS IMPOSIBLES con CorelDRAW ▶ TUTORIAL
CO,281,23.7674,0:05:04,20220308,✔✨ Sigue estos PASOS para CREAR DISEÑOS IMPOSIBLES con CorelDRAW ▶ TUTORIAL
AR,130,7.5412,0:03:28,20220308,✔✨ Sigue estos PASOS para CREAR DISEÑOS IMPOSIBLES con CorelDRAW ▶ TUTORIAL
VE,45,3.2557,0:04:20,20220308,✔✨ Sigue estos PASOS para CREAR DISEÑOS IMPOSIBLES con CorelDRAW ▶ TUTORIAL
ES,35,3.8283,0:06:33,20220308,✔✨ Sigue estos PASOS para CREAR DISEÑOS IMPOSIBLES con CorelDRAW ▶ TUTORIAL
EC,34,2.0339,0:03:35,20220308,✔✨ Sigue estos PASOS para CREAR DISEÑOS IMPOSIBLES con CorelDRAW ▶ TUTORIAL
US,34,1.7783,0:03:08,20220308,✔✨ Sigue estos PASOS para CREAR DISEÑOS IMPOSIBLES con CorelDRAW ▶ TUTORIAL
BO,24,0.9983,0:02:29,20220308,✔✨ Sigue estos PASOS para CREAR DISEÑOS IMPOSIBLES con CorelDRAW ▶ TUTORIAL
BR,16,1.113,0:04:10,20220308,✔✨ Sigue estos PASOS para CREAR DISEÑOS IMPOSIBLES con CorelDRAW ▶ TUTORIAL
Total,929,3.1681,0:00:12,20211201,Si lo QUIERES lo APRENDES 😉 ▶ Logo TUTORIALES en CorelDRAW
MX,13,0.0493,0:00:13,20211201,Si lo QUIERES lo APRENDES 😉 ▶ Logo TUTORIALES en CorelDRAW
Total,2338,131.0947,0:03:21,20220405,✨✔ APLICA TODAS las TÉCNICAS para CREAR LOGOS en CorelDRAW ▶ TUTORIAL
MX,303,14.3909,0:02:50,20220405,✨✔ APLICA TODAS las TÉCNICAS para CREAR LOGOS en CorelDRAW ▶ TUTORIAL
PE,234,14.8583,0:03:48,20220405,✨✔ APLICA TODAS las TÉCNICAS para CREAR LOGOS en CorelDRAW ▶ TUTORIAL
CO,200,9.5472,0:02:51,20220405,✨✔ APLICA TODAS las TÉCNICAS para CREAR LOGOS en CorelDRAW ▶ TUTORIAL
AR,63,4.1645,0:03:57,20220405,✨✔ APLICA TODAS las TÉCNICAS para CREAR LOGOS en CorelDRAW ▶ TUTORIAL
ES,36,1.7587,0:02:55,20220405,✨✔ APLICA TODAS las TÉCNICAS para CREAR LOGOS en CorelDRAW ▶ TUTORIAL
VE,13,0.966,0:04:27,20220405,✨✔ APLICA TODAS las TÉCNICAS para CREAR LOGOS en CorelDRAW ▶ TUTORIAL
Total,41179,1429.967,0:02:05,20210503,👉 Cómo poner la BARRA de HERRAMIENTAS 🛠 de Corel Draw ▶
MX,9373,328.7956,0:02:06,20210503,👉 Cómo poner la BARRA de HERRAMIENTAS 🛠 de Corel Draw ▶
PE,7474,251.2799,0:02:01,20210503,👉 Cómo poner la BARRA de HERRAMIENTAS 🛠 de Corel Draw ▶
CO,4856,174.4965,0:02:09,20210503,👉 Cómo poner la BARRA de HERRAMIENTAS 🛠 de Corel Draw ▶
AR,3666,119.7456,0:01:57,20210503,👉 Cómo poner la BARRA de HERRAMIENTAS 🛠 de Corel Draw ▶
ES,29,0.907,0:01:52,20210503,👉 Cómo poner la BARRA de HERRAMIENTAS 🛠 de Corel Draw ▶
VE,12,0.2736,0:01:22,20210503,👉 Cómo poner la BARRA de HERRAMIENTAS 🛠 de Corel Draw ▶
EC,11,0.3655,0:01:59,20210503,👉 Cómo poner la BARRA de HERRAMIENTAS 🛠 de Corel Draw ▶
PY,10,0.2965,0:01:46,20210503,👉 Cómo poner la BARRA de HERRAMIENTAS 🛠 de Corel Draw ▶
US,10,0.3809,0:02:17,20210503,👉 Cómo poner la BARRA de HERRAMIENTAS 🛠 de Corel Draw ▶
HN,0,0.0,,20210503,👉 Cómo poner la BARRA de HERRAMIENTAS 🛠 de Corel Draw ▶
NI,0,0.0,,20210503,👉 Cómo poner la BARRA de HERRAMIENTAS 🛠 de Corel Draw ▶
Total,1814,80.1881,0:02:39,20210803,💧 Las MEJORES Técnicas para RENDERIZAR en CorelDRAW ▶ LOGO TUTORIAL
MX,164,7.5799,0:02:46,20210803,💧 Las MEJORES Técnicas para RENDERIZAR en CorelDRAW ▶ LOGO TUTORIAL
PE,105,4.7424,0:02:42,20210803,💧 Las MEJORES Técnicas para RENDERIZAR en CorelDRAW ▶ LOGO TUTORIAL
CO,88,4.1808,0:02:51,20210803,💧 Las MEJORES Técnicas para RENDERIZAR en CorelDRAW ▶ LOGO TUTORIAL
AR,64,3.1011,0:02:54,20210803,💧 Las MEJORES Técnicas para RENDERIZAR en CorelDRAW ▶ LOGO TUTORIAL
ES,12,0.9246,0:04:37,20210803,💧 Las MEJORES Técnicas para RENDERIZAR en CorelDRAW ▶ LOGO TUTORIAL
Total,466,14.0877,0:01:48,20220421,🎧🔊 Te MUESTRO CÓMO INSTALÉ las Espumas Acústicas en mi ESTUDIO ⚡
MX,60,1.7437,0:01:44,20220421,🎧🔊 Te MUESTRO CÓMO INSTALÉ las Espumas Acústicas en mi ESTUDIO ⚡
CO,44,1.088,0:01:29,20220421,🎧🔊 Te MUESTRO CÓMO INSTALÉ las Espumas Acústicas en mi ESTUDIO ⚡
PE,35,1.1734,0:02:00,20220421,🎧🔊 Te MUESTRO CÓMO INSTALÉ las Espumas Acústicas en mi ESTUDIO ⚡
AR,24,0.7994,0:01:59,20220421,🎧🔊 Te MUESTRO CÓMO INSTALÉ las Espumas Acústicas en mi ESTUDIO ⚡
Total,1027,11.0127,0:00:38,20220414,⚡ Contrucción de LOGOS PASO a PASO en CorelDRAW ▶ SHORTS
NI,41,0.584,0:00:51,20220414,⚡ Contrucción de LOGOS PASO a PASO en CorelDRAW ▶ SHORTS
MX,13,0.1094,0:00:30,20220414,⚡ Contrucción de LOGOS PASO a PASO en CorelDRAW ▶ SHORTS
PE,10,0.0618,0:00:22,20220414,⚡ Contrucción de LOGOS PASO a PASO en CorelDRAW ▶ SHORTS
Total,864,8.4556,0:00:35,20220312,🚴🏼_♂️🏃🏼_♂️ Proceso CONSTUCTIVO de LOGOS ✔ _ SHORTS ▶
MX,38,0.407,0:00:38,20220312,🚴🏼_♂️🏃🏼_♂️ Proceso CONSTUCTIVO de LOGOS ✔ _ SHORTS ▶
CO,27,0.2524,0:00:33,20220312,🚴🏼_♂️🏃🏼_♂️ Proceso CONSTUCTIVO de LOGOS ✔ _ SHORTS ▶
PE,23,0.1601,0:00:25,20220312,🚴🏼_♂️🏃🏼_♂️ Proceso CONSTUCTIVO de LOGOS ✔ _ SHORTS ▶
Total,563,3.9054,0:00:24,20210721,Reemplazo de COLOR FÁCIL - YOUTUBE SHORT ►
MX,13,0.1217,0:00:33,20210721,Reemplazo de COLOR FÁCIL - YOUTUBE SHORT ►
Total,2475,131.3804,0:03:11,20211117,✅ USA estas TÉCNICAS de DIBUJO para DISEÑAR como PRO 😎 en CorelDRAW ► TUTORIAL
MX,323,15.9274,0:02:57,20211117,✅ USA estas TÉCNICAS de DIBUJO para DISEÑAR como PRO 😎 en CorelDRAW ► TUTORIAL
PE,159,8.8844,0:03:21,20211117,✅ USA estas TÉCNICAS de DIBUJO para DISEÑAR como PRO 😎 en CorelDRAW ► TUTORIAL
CO,153,8.7154,0:03:25,20211117,✅ USA estas TÉCNICAS de DIBUJO para DISEÑAR como PRO 😎 en CorelDRAW ► TUTORIAL
AR,84,5.4579,0:03:53,20211117,✅ USA estas TÉCNICAS de DIBUJO para DISEÑAR como PRO 😎 en CorelDRAW ► TUTORIAL
ES,63,3.0392,0:02:53,20211117,✅ USA estas TÉCNICAS de DIBUJO para DISEÑAR como PRO 😎 en CorelDRAW ► TUTORIAL
VE,24,1.5211,0:03:48,20211117,✅ USA estas TÉCNICAS de DIBUJO para DISEÑAR como PRO 😎 en CorelDRAW ► TUTORIAL
ID,19,0.1908,0:00:36,20211117,✅ USA estas TÉCNICAS de DIBUJO para DISEÑAR como PRO 😎 en CorelDRAW ► TUTORIAL
CL,15,0.4896,0:01:57,20211117,✅ USA estas TÉCNICAS de DIBUJO para DISEÑAR como PRO 😎 en CorelDRAW ► TUTORIAL
BO,14,0.7864,0:03:22,20211117,✅ USA estas TÉCNICAS de DIBUJO para DISEÑAR como PRO 😎 en CorelDRAW ► TUTORIAL
EC,13,0.7019,0:03:14,20211117,✅ USA estas TÉCNICAS de DIBUJO para DISEÑAR como PRO 😎 en CorelDRAW ► TUTORIAL
US,13,1.1985,0:05:31,20211117,✅ USA estas TÉCNICAS de DIBUJO para DISEÑAR como PRO 😎 en CorelDRAW ► TUTORIAL
DO,11,0.6351,0:03:27,20211117,✅ USA estas TÉCNICAS de DIBUJO para DISEÑAR como PRO 😎 en CorelDRAW ► TUTORIAL
BR,0,0.0,,20211117,✅ USA estas TÉCNICAS de DIBUJO para DISEÑAR como PRO 😎 en CorelDRAW ► TUTORIAL
Total,4068,256.7457,0:03:47,20211209,✔ Estos son los PASO a PASO para CONSTRUIR LOGOS en CorelDRAW
MX,323,15.8853,0:02:57,20211209,✔ Estos son los PASO a PASO para CONSTRUIR LOGOS en CorelDRAW
PE,301,16.6375,0:03:18,20211209,✔ Estos son los PASO a PASO para CONSTRUIR LOGOS en CorelDRAW
CO,175,9.0637,0:03:06,20211209,✔ Estos son los PASO a PASO para CONSTRUIR LOGOS en CorelDRAW
AR,121,5.8762,0:02:54,20211209,✔ Estos son los PASO a PASO para CONSTRUIR LOGOS en CorelDRAW
US,42,1.5151,0:02:09,20211209,✔ Estos son los PASO a PASO para CONSTRUIR LOGOS en CorelDRAW
ES,38,2.4988,0:03:56,20211209,✔ Estos son los PASO a PASO para CONSTRUIR LOGOS en CorelDRAW
VE,15,0.7999,0:03:11,20211209,✔ Estos son los PASO a PASO para CONSTRUIR LOGOS en CorelDRAW
BR,10,0.3716,0:02:13,20211209,✔ Estos son los PASO a PASO para CONSTRUIR LOGOS en CorelDRAW
UY,0,0.0,,20211209,✔ Estos son los PASO a PASO para CONSTRUIR LOGOS en CorelDRAW
Total,1083,64.6315,0:03:34,20210624,🔥  MUST SEE! CorelDRAW BEST Techniques for Beginners & Experts TUTORIAL (2021) ⚓  ►
MX,78,4.1652,0:03:12,20210624,🔥  MUST SEE! CorelDRAW BEST Techniques for Beginners & Experts TUTORIAL (2021) ⚓  ►
CO,55,3.1928,0:03:28,20210624,🔥  MUST SEE! CorelDRAW BEST Techniques for Beginners & Experts TUTORIAL (2021) ⚓  ►
PE,27,1.9646,0:04:21,20210624,🔥  MUST SEE! CorelDRAW BEST Techniques for Beginners & Experts TUTORIAL (2021) ⚓  ►
AR,18,0.7459,0:02:29,20210624,🔥  MUST SEE! CorelDRAW BEST Techniques for Beginners & Experts TUTORIAL (2021) ⚓  ►
US,10,0.7179,0:04:18,20210624,🔥  MUST SEE! CorelDRAW BEST Techniques for Beginners & Experts TUTORIAL (2021) ⚓  ►
Total,1190,49.6256,0:02:30,20210715,🔥 CorelDRAW ESSENTIAL Techniques for Beginners & Experts ▶ LOGO TUTORIAL
MX,100,4.5353,0:02:43,20210715,🔥 CorelDRAW ESSENTIAL Techniques for Beginners & Experts ▶ LOGO TUTORIAL
CO,74,4.1869,0:03:23,20210715,🔥 CorelDRAW ESSENTIAL Techniques for Beginners & Experts ▶ LOGO TUTORIAL
PE,56,2.9297,0:03:08,20210715,🔥 CorelDRAW ESSENTIAL Techniques for Beginners & Experts ▶ LOGO TUTORIAL
AR,47,2.6331,0:03:21,20210715,🔥 CorelDRAW ESSENTIAL Techniques for Beginners & Experts ▶ LOGO TUTORIAL
ES,11,0.5902,0:03:13,20210715,🔥 CorelDRAW ESSENTIAL Techniques for Beginners & Experts ▶ LOGO TUTORIAL
Total,2027,109.5547,0:03:14,20210909,📖 3D FLIP PAGE TEXT Effect _ CorelDRAW TUTORIAL
MX,272,15.485,0:03:24,20210909,📖 3D FLIP PAGE TEXT Effect _ CorelDRAW TUTORIAL
CO,178,9.457,0:03:11,20210909,📖 3D FLIP PAGE TEXT Effect _ CorelDRAW TUTORIAL
PE,126,6.575,0:03:07,20210909,📖 3D FLIP PAGE TEXT Effect _ CorelDRAW TUTORIAL
AR,75,2.9637,0:02:22,20210909,📖 3D FLIP PAGE TEXT Effect _ CorelDRAW TUTORIAL
ES,30,1.2641,0:02:31,20210909,📖 3D FLIP PAGE TEXT Effect _ CorelDRAW TUTORIAL
BO,10,0.1689,0:01:00,20210909,📖 3D FLIP PAGE TEXT Effect _ CorelDRAW TUTORIAL
Total,1376,83.4713,0:03:38,20211207,🎉🎈 TIPS ESENCIALES para CREAR tu PROPIA TARJETA de CUMPLEAÑOS en CorelDRAW
MX,136,6.9203,0:03:03,20211207,🎉🎈 TIPS ESENCIALES para CREAR tu PROPIA TARJETA de CUMPLEAÑOS en CorelDRAW
PE,116,5.8401,0:03:01,20211207,🎉🎈 TIPS ESENCIALES para CREAR tu PROPIA TARJETA de CUMPLEAÑOS en CorelDRAW
CO,79,3.8294,0:02:54,20211207,🎉🎈 TIPS ESENCIALES para CREAR tu PROPIA TARJETA de CUMPLEAÑOS en CorelDRAW
AR,37,1.1663,0:01:53,20211207,🎉🎈 TIPS ESENCIALES para CREAR tu PROPIA TARJETA de CUMPLEAÑOS en CorelDRAW
ES,36,2.034,0:03:23,20211207,🎉🎈 TIPS ESENCIALES para CREAR tu PROPIA TARJETA de CUMPLEAÑOS en CorelDRAW
US,25,1.1011,0:02:38,20211207,🎉🎈 TIPS ESENCIALES para CREAR tu PROPIA TARJETA de CUMPLEAÑOS en CorelDRAW
BO,10,0.7384,0:04:25,20211207,🎉🎈 TIPS ESENCIALES para CREAR tu PROPIA TARJETA de CUMPLEAÑOS en CorelDRAW
EC,10,0.4531,0:02:43,20211207,🎉🎈 TIPS ESENCIALES para CREAR tu PROPIA TARJETA de CUMPLEAÑOS en CorelDRAW
Total,3078,390.6325,0:07:36,20210525,Cómo CREAR una TARJETA de NEGOCIOS VIRTUAL 💳 PASO a PASO ▶ Tutorial CorelDRAW (2021)
MX,160,23.6491,0:08:52,20210525,Cómo CREAR una TARJETA de NEGOCIOS VIRTUAL 💳 PASO a PASO ▶ Tutorial CorelDRAW (2021)
CO,75,10.3139,0:08:15,20210525,Cómo CREAR una TARJETA de NEGOCIOS VIRTUAL 💳 PASO a PASO ▶ Tutorial CorelDRAW (2021)
PE,58,8.033,0:08:18,20210525,Cómo CREAR una TARJETA de NEGOCIOS VIRTUAL 💳 PASO a PASO ▶ Tutorial CorelDRAW (2021)
AR,45,7.1161,0:09:29,20210525,Cómo CREAR una TARJETA de NEGOCIOS VIRTUAL 💳 PASO a PASO ▶ Tutorial CorelDRAW (2021)
ES,16,2.4804,0:09:18,20210525,Cómo CREAR una TARJETA de NEGOCIOS VIRTUAL 💳 PASO a PASO ▶ Tutorial CorelDRAW (2021)
HN,0,0.0,,20210525,Cómo CREAR una TARJETA de NEGOCIOS VIRTUAL 💳 PASO a PASO ▶ Tutorial CorelDRAW (2021)
US,0,0.0,,20210525,Cómo CREAR una TARJETA de NEGOCIOS VIRTUAL 💳 PASO a PASO ▶ Tutorial CorelDRAW (2021)
Total,1675,90.6025,0:03:14,20210930,🧐 El Proceso de DISEÑO de LOGOS _DEFINITIVO_ en CorelDRAW ▶ PASO a PASO
MX,169,8.4698,0:03:00,20210930,🧐 El Proceso de DISEÑO de LOGOS _DEFINITIVO_ en CorelDRAW ▶ PASO a PASO
CO,98,5.0843,0:03:06,20210930,🧐 El Proceso de DISEÑO de LOGOS _DEFINITIVO_ en CorelDRAW ▶ PASO a PASO
PE,81,4.4279,0:03:16,20210930,🧐 El Proceso de DISEÑO de LOGOS _DEFINITIVO_ en CorelDRAW ▶ PASO a PASO
AR,44,2.0827,0:02:50,20210930,🧐 El Proceso de DISEÑO de LOGOS _DEFINITIVO_ en CorelDRAW ▶ PASO a PASO
ES,13,0.4791,0:02:12,20210930,🧐 El Proceso de DISEÑO de LOGOS _DEFINITIVO_ en CorelDRAW ▶ PASO a PASO
US,13,0.6335,0:02:55,20210930,🧐 El Proceso de DISEÑO de LOGOS _DEFINITIVO_ en CorelDRAW ▶ PASO a PASO
Total,4511,238.5745,0:03:10,20220224,✨✔ ARMONIZA tus DISEÑOS si usas estas TÉCNICAS para CREAR LOGOS en CorelDRAW
MX,918,37.9373,0:02:28,20220224,✨✔ ARMONIZA tus DISEÑOS si usas estas TÉCNICAS para CREAR LOGOS en CorelDRAW
PE,506,27.6996,0:03:17,20220224,✨✔ ARMONIZA tus DISEÑOS si usas estas TÉCNICAS para CREAR LOGOS en CorelDRAW
CO,273,13.141,0:02:53,20220224,✨✔ ARMONIZA tus DISEÑOS si usas estas TÉCNICAS para CREAR LOGOS en CorelDRAW
AR,193,7.6958,0:02:23,20220224,✨✔ ARMONIZA tus DISEÑOS si usas estas TÉCNICAS para CREAR LOGOS en CorelDRAW
ID,192,3.3543,0:01:02,20220224,✨✔ ARMONIZA tus DISEÑOS si usas estas TÉCNICAS para CREAR LOGOS en CorelDRAW
US,119,3.545,0:01:47,20220224,✨✔ ARMONIZA tus DISEÑOS si usas estas TÉCNICAS para CREAR LOGOS en CorelDRAW
BO,114,3.6451,0:01:55,20220224,✨✔ ARMONIZA tus DISEÑOS si usas estas TÉCNICAS para CREAR LOGOS en CorelDRAW
EC,73,2.5923,0:02:07,20220224,✨✔ ARMONIZA tus DISEÑOS si usas estas TÉCNICAS para CREAR LOGOS en CorelDRAW
ES,58,2.669,0:02:45,20220224,✨✔ ARMONIZA tus DISEÑOS si usas estas TÉCNICAS para CREAR LOGOS en CorelDRAW
VE,37,2.7279,0:04:25,20220224,✨✔ ARMONIZA tus DISEÑOS si usas estas TÉCNICAS para CREAR LOGOS en CorelDRAW
VN,28,0.1899,0:00:24,20220224,✨✔ ARMONIZA tus DISEÑOS si usas estas TÉCNICAS para CREAR LOGOS en CorelDRAW
BR,20,1.0098,0:03:01,20220224,✨✔ ARMONIZA tus DISEÑOS si usas estas TÉCNICAS para CREAR LOGOS en CorelDRAW
CL,15,0.0843,0:00:20,20220224,✨✔ ARMONIZA tus DISEÑOS si usas estas TÉCNICAS para CREAR LOGOS en CorelDRAW
DO,14,0.0834,0:00:21,20220224,✨✔ ARMONIZA tus DISEÑOS si usas estas TÉCNICAS para CREAR LOGOS en CorelDRAW
GT,10,0.4455,0:02:40,20220224,✨✔ ARMONIZA tus DISEÑOS si usas estas TÉCNICAS para CREAR LOGOS en CorelDRAW
IN,10,0.0979,0:00:35,20220224,✨✔ ARMONIZA tus DISEÑOS si usas estas TÉCNICAS para CREAR LOGOS en CorelDRAW
Total,868,29.4859,0:02:02,20210914,🧩 EASY ▶ASSEMBLY◀ Techniques for Beginners & Experts ▷ CorelDRAW TUTORIAL 
MX,126,4.4509,0:02:07,20210914,🧩 EASY ▶ASSEMBLY◀ Techniques for Beginners & Experts ▷ CorelDRAW TUTORIAL 
CO,83,2.29,0:01:39,20210914,🧩 EASY ▶ASSEMBLY◀ Techniques for Beginners & Experts ▷ CorelDRAW TUTORIAL 
PE,45,1.2231,0:01:37,20210914,🧩 EASY ▶ASSEMBLY◀ Techniques for Beginners & Experts ▷ CorelDRAW TUTORIAL 
AR,38,0.9011,0:01:25,20210914,🧩 EASY ▶ASSEMBLY◀ Techniques for Beginners & Experts ▷ CorelDRAW TUTORIAL 
ES,24,0.5337,0:01:20,20210914,🧩 EASY ▶ASSEMBLY◀ Techniques for Beginners & Experts ▷ CorelDRAW TUTORIAL 
CL,10,0.1887,0:01:07,20210914,🧩 EASY ▶ASSEMBLY◀ Techniques for Beginners & Experts ▷ CorelDRAW TUTORIAL 
BO,0,0.0,,20210914,🧩 EASY ▶ASSEMBLY◀ Techniques for Beginners & Experts ▷ CorelDRAW TUTORIAL 
EC,0,0.0,,20210914,🧩 EASY ▶ASSEMBLY◀ Techniques for Beginners & Experts ▷ CorelDRAW TUTORIAL 
Total,3843,207.2046,0:03:14,20211125,🔴 Cómo DISEÑAR LOGOS en POCOS PASOS 🧐 con CorelDRAW ► TUTORIAL
MX,407,19.4783,0:02:52,20211125,🔴 Cómo DISEÑAR LOGOS en POCOS PASOS 🧐 con CorelDRAW ► TUTORIAL
PE,187,9.4597,0:03:02,20211125,🔴 Cómo DISEÑAR LOGOS en POCOS PASOS 🧐 con CorelDRAW ► TUTORIAL
CO,149,8.351,0:03:21,20211125,🔴 Cómo DISEÑAR LOGOS en POCOS PASOS 🧐 con CorelDRAW ► TUTORIAL
AR,93,4.3284,0:02:47,20211125,🔴 Cómo DISEÑAR LOGOS en POCOS PASOS 🧐 con CorelDRAW ► TUTORIAL
ES,34,2.5503,0:04:30,20211125,🔴 Cómo DISEÑAR LOGOS en POCOS PASOS 🧐 con CorelDRAW ► TUTORIAL
VE,24,1.1003,0:02:45,20211125,🔴 Cómo DISEÑAR LOGOS en POCOS PASOS 🧐 con CorelDRAW ► TUTORIAL
BR,15,0.6373,0:02:32,20211125,🔴 Cómo DISEÑAR LOGOS en POCOS PASOS 🧐 con CorelDRAW ► TUTORIAL
US,14,0.9625,0:04:07,20211125,🔴 Cómo DISEÑAR LOGOS en POCOS PASOS 🧐 con CorelDRAW ► TUTORIAL
HN,0,0.0,,20211125,🔴 Cómo DISEÑAR LOGOS en POCOS PASOS 🧐 con CorelDRAW ► TUTORIAL
Total,3381,203.4507,0:03:36,20220210,✔✨Sigue estos MÉTODOS ESENCIALES para CREAR LOGOS en CorelDRAW ▶ TUTORIAL
MX,627,29.3857,0:02:48,20220210,✔✨Sigue estos MÉTODOS ESENCIALES para CREAR LOGOS en CorelDRAW ▶ TUTORIAL
PE,344,21.1825,0:03:41,20220210,✔✨Sigue estos MÉTODOS ESENCIALES para CREAR LOGOS en CorelDRAW ▶ TUTORIAL
CO,256,18.7778,0:04:24,20220210,✔✨Sigue estos MÉTODOS ESENCIALES para CREAR LOGOS en CorelDRAW ▶ TUTORIAL
AR,216,8.7912,0:02:26,20220210,✔✨Sigue estos MÉTODOS ESENCIALES para CREAR LOGOS en CorelDRAW ▶ TUTORIAL
ES,60,3.8366,0:03:50,20220210,✔✨Sigue estos MÉTODOS ESENCIALES para CREAR LOGOS en CorelDRAW ▶ TUTORIAL
US,50,1.7435,0:02:05,20220210,✔✨Sigue estos MÉTODOS ESENCIALES para CREAR LOGOS en CorelDRAW ▶ TUTORIAL
VE,38,2.9706,0:04:41,20220210,✔✨Sigue estos MÉTODOS ESENCIALES para CREAR LOGOS en CorelDRAW ▶ TUTORIAL
BR,30,1.9836,0:03:58,20220210,✔✨Sigue estos MÉTODOS ESENCIALES para CREAR LOGOS en CorelDRAW ▶ TUTORIAL
ID,29,0.4679,0:00:58,20220210,✔✨Sigue estos MÉTODOS ESENCIALES para CREAR LOGOS en CorelDRAW ▶ TUTORIAL
BO,20,1.3732,0:04:07,20220210,✔✨Sigue estos MÉTODOS ESENCIALES para CREAR LOGOS en CorelDRAW ▶ TUTORIAL
EC,20,0.8558,0:02:34,20220210,✔✨Sigue estos MÉTODOS ESENCIALES para CREAR LOGOS en CorelDRAW ▶ TUTORIAL
DO,10,0.1074,0:00:38,20220210,✔✨Sigue estos MÉTODOS ESENCIALES para CREAR LOGOS en CorelDRAW ▶ TUTORIAL
SV,0,0.0,,20220210,✔✨Sigue estos MÉTODOS ESENCIALES para CREAR LOGOS en CorelDRAW ▶ TUTORIAL
Total,1810,78.4546,0:02:36,20211130,😲 DOMINA la GEOMETRÍA para DISEÑAR LOGOS en CorelDRAW ► TUTORIAL
MX,236,9.7,0:02:27,20211130,😲 DOMINA la GEOMETRÍA para DISEÑAR LOGOS en CorelDRAW ► TUTORIAL
PE,140,6.0536,0:02:35,20211130,😲 DOMINA la GEOMETRÍA para DISEÑAR LOGOS en CorelDRAW ► TUTORIAL
CO,91,3.4801,0:02:17,20211130,😲 DOMINA la GEOMETRÍA para DISEÑAR LOGOS en CorelDRAW ► TUTORIAL
AR,45,1.4398,0:01:55,20211130,😲 DOMINA la GEOMETRÍA para DISEÑAR LOGOS en CorelDRAW ► TUTORIAL
ES,40,2.2866,0:03:25,20211130,😲 DOMINA la GEOMETRÍA para DISEÑAR LOGOS en CorelDRAW ► TUTORIAL
US,11,0.4997,0:02:43,20211130,😲 DOMINA la GEOMETRÍA para DISEÑAR LOGOS en CorelDRAW ► TUTORIAL
VE,10,0.4122,0:02:28,20211130,😲 DOMINA la GEOMETRÍA para DISEÑAR LOGOS en CorelDRAW ► TUTORIAL
Total,3044,411.7951,0:08:07,20220426,✨✔ APLICA estas TÉCNICAS AVANZADAS para CREAR LOGOS en CorelDRAW ▶ TUTORIAL
MX,174,17.6521,0:06:05,20220426,✨✔ APLICA estas TÉCNICAS AVANZADAS para CREAR LOGOS en CorelDRAW ▶ TUTORIAL
PE,166,16.2884,0:05:53,20220426,✨✔ APLICA estas TÉCNICAS AVANZADAS para CREAR LOGOS en CorelDRAW ▶ TUTORIAL
CO,143,22.649,0:09:30,20220426,✨✔ APLICA estas TÉCNICAS AVANZADAS para CREAR LOGOS en CorelDRAW ▶ TUTORIAL
AR,70,5.3772,0:04:36,20220426,✨✔ APLICA estas TÉCNICAS AVANZADAS para CREAR LOGOS en CorelDRAW ▶ TUTORIAL
ES,34,3.6307,0:06:24,20220426,✨✔ APLICA estas TÉCNICAS AVANZADAS para CREAR LOGOS en CorelDRAW ▶ TUTORIAL
VE,29,4.621,0:09:33,20220426,✨✔ APLICA estas TÉCNICAS AVANZADAS para CREAR LOGOS en CorelDRAW ▶ TUTORIAL
US,17,1.0713,0:03:46,20220426,✨✔ APLICA estas TÉCNICAS AVANZADAS para CREAR LOGOS en CorelDRAW ▶ TUTORIAL
BR,12,1.2127,0:06:03,20220426,✨✔ APLICA estas TÉCNICAS AVANZADAS para CREAR LOGOS en CorelDRAW ▶ TUTORIAL
BO,10,0.3069,0:01:50,20220426,✨✔ APLICA estas TÉCNICAS AVANZADAS para CREAR LOGOS en CorelDRAW ▶ TUTORIAL
Total,1005,7.1678,0:00:25,20220226,🏃🏼_♂️🚴🏼_♂️Construye ASÍ DISEÑO de LOGOS
MX,27,0.1609,0:00:21,20220226,🏃🏼_♂️🚴🏼_♂️Construye ASÍ DISEÑO de LOGOS
AR,21,0.2246,0:00:38,20220226,🏃🏼_♂️🚴🏼_♂️Construye ASÍ DISEÑO de LOGOS
PE,11,0.0604,0:00:19,20220226,🏃🏼_♂️🚴🏼_♂️Construye ASÍ DISEÑO de LOGOS
CO,10,0.0695,0:00:25,20220226,🏃🏼_♂️🚴🏼_♂️Construye ASÍ DISEÑO de LOGOS
Total,1219,33.6398,0:01:39,20210831,💡 CorelDRAW KEY 🔑 TIPS for Pro & Beginners _ Lightbulb ICON ▶
MX,159,4.6349,0:01:44,20210831,💡 CorelDRAW KEY 🔑 TIPS for Pro & Beginners _ Lightbulb ICON ▶
CO,98,2.3568,0:01:26,20210831,💡 CorelDRAW KEY 🔑 TIPS for Pro & Beginners _ Lightbulb ICON ▶
PE,93,2.4908,0:01:36,20210831,💡 CorelDRAW KEY 🔑 TIPS for Pro & Beginners _ Lightbulb ICON ▶
AR,44,1.4048,0:01:54,20210831,💡 CorelDRAW KEY 🔑 TIPS for Pro & Beginners _ Lightbulb ICON ▶
ES,22,0.3859,0:01:03,20210831,💡 CorelDRAW KEY 🔑 TIPS for Pro & Beginners _ Lightbulb ICON ▶
US,11,0.3025,0:01:38,20210831,💡 CorelDRAW KEY 🔑 TIPS for Pro & Beginners _ Lightbulb ICON ▶
Total,3039,172.5609,0:03:24,20220315,🔥 USA LETRAS para CREAR LOGOS si SIGUES estos PASOS ▶ TUTORIAL
MX,339,19.65,0:03:28,20220315,🔥 USA LETRAS para CREAR LOGOS si SIGUES estos PASOS ▶ TUTORIAL
PE,228,12.8839,0:03:23,20220315,🔥 USA LETRAS para CREAR LOGOS si SIGUES estos PASOS ▶ TUTORIAL
CO,226,13.9895,0:03:42,20220315,🔥 USA LETRAS para CREAR LOGOS si SIGUES estos PASOS ▶ TUTORIAL
AR,118,6.7691,0:03:26,20220315,🔥 USA LETRAS para CREAR LOGOS si SIGUES estos PASOS ▶ TUTORIAL
ES,50,4.3994,0:05:16,20220315,🔥 USA LETRAS para CREAR LOGOS si SIGUES estos PASOS ▶ TUTORIAL
IN,38,0.0291,0:00:02,20220315,🔥 USA LETRAS para CREAR LOGOS si SIGUES estos PASOS ▶ TUTORIAL
VE,33,3.361,0:06:06,20220315,🔥 USA LETRAS para CREAR LOGOS si SIGUES estos PASOS ▶ TUTORIAL
ID,31,0.4731,0:00:54,20220315,🔥 USA LETRAS para CREAR LOGOS si SIGUES estos PASOS ▶ TUTORIAL
US,16,0.4566,0:01:42,20220315,🔥 USA LETRAS para CREAR LOGOS si SIGUES estos PASOS ▶ TUTORIAL
BR,14,0.575,0:02:27,20220315,🔥 USA LETRAS para CREAR LOGOS si SIGUES estos PASOS ▶ TUTORIAL
DO,12,0.7527,0:03:45,20220315,🔥 USA LETRAS para CREAR LOGOS si SIGUES estos PASOS ▶ TUTORIAL
EC,11,0.3925,0:02:08,20220315,🔥 USA LETRAS para CREAR LOGOS si SIGUES estos PASOS ▶ TUTORIAL
Total,1157,34.113,0:01:46,20210802,🌟 CorelDRAW FAST Techniques for Beginners ▶ 3 MIN⏰ TUTORIAL OLYMPIC GAMES Logo
MX,70,2.0815,0:01:47,20210802,🌟 CorelDRAW FAST Techniques for Beginners ▶ 3 MIN⏰ TUTORIAL OLYMPIC GAMES Logo
PE,57,1.7739,0:01:52,20210802,🌟 CorelDRAW FAST Techniques for Beginners ▶ 3 MIN⏰ TUTORIAL OLYMPIC GAMES Logo
CO,42,1.4251,0:02:02,20210802,🌟 CorelDRAW FAST Techniques for Beginners ▶ 3 MIN⏰ TUTORIAL OLYMPIC GAMES Logo
AR,17,0.4058,0:01:25,20210802,🌟 CorelDRAW FAST Techniques for Beginners ▶ 3 MIN⏰ TUTORIAL OLYMPIC GAMES Logo
HN,14,0.7144,0:03:03,20210802,🌟 CorelDRAW FAST Techniques for Beginners ▶ 3 MIN⏰ TUTORIAL OLYMPIC GAMES Logo
PY,0,0.0,,20210802,🌟 CorelDRAW FAST Techniques for Beginners ▶ 3 MIN⏰ TUTORIAL OLYMPIC GAMES Logo
Total,1504,19.6885,0:00:47,20210513,👉 Cuánto ESPACIO OCUPA Corel DRAW ▶
MX,49,0.6881,0:00:50,20210513,👉 Cuánto ESPACIO OCUPA Corel DRAW ▶
CO,30,0.4244,0:00:50,20210513,👉 Cuánto ESPACIO OCUPA Corel DRAW ▶
PE,22,0.2971,0:00:48,20210513,👉 Cuánto ESPACIO OCUPA Corel DRAW ▶
AR,13,0.1642,0:00:45,20210513,👉 Cuánto ESPACIO OCUPA Corel DRAW ▶
Total,1230,72.6054,0:03:32,20210610,👉🏼 7 Programas GRATUITOS para EDITAR VÍDEOS 💥 que DEDEBS CONOCER🔥
MX,61,5.3641,0:05:16,20210610,👉🏼 7 Programas GRATUITOS para EDITAR VÍDEOS 💥 que DEDEBS CONOCER🔥
CO,51,4.3075,0:05:04,20210610,👉🏼 7 Programas GRATUITOS para EDITAR VÍDEOS 💥 que DEDEBS CONOCER🔥
AR,42,2.8812,0:04:06,20210610,👉🏼 7 Programas GRATUITOS para EDITAR VÍDEOS 💥 que DEDEBS CONOCER🔥
ES,27,1.144,0:02:32,20210610,👉🏼 7 Programas GRATUITOS para EDITAR VÍDEOS 💥 que DEDEBS CONOCER🔥
PE,13,0.981,0:04:31,20210610,👉🏼 7 Programas GRATUITOS para EDITAR VÍDEOS 💥 que DEDEBS CONOCER🔥
DO,11,0.1249,0:00:40,20210610,👉🏼 7 Programas GRATUITOS para EDITAR VÍDEOS 💥 que DEDEBS CONOCER🔥
Total,1645,83.985,0:03:03,20210824,📌 Learn the CorelDRAW BEST Techniques for LOGO Design
MX,112,5.4406,0:02:54,20210824,📌 Learn the CorelDRAW BEST Techniques for LOGO Design
CO,79,5.2665,0:03:59,20210824,📌 Learn the CorelDRAW BEST Techniques for LOGO Design
PE,69,3.5696,0:03:06,20210824,📌 Learn the CorelDRAW BEST Techniques for LOGO Design
AR,34,2.3267,0:04:06,20210824,📌 Learn the CorelDRAW BEST Techniques for LOGO Design
VE,11,0.4135,0:02:15,20210824,📌 Learn the CorelDRAW BEST Techniques for LOGO Design
US,10,0.3715,0:02:13,20210824,📌 Learn the CorelDRAW BEST Techniques for LOGO Design
Total,986,7.2706,0:00:26,20210804,🤯 Técnicas para DISEÑAR LOGOS increíbles en CorelDRAW
MX,32,0.2445,0:00:27,20210804,🤯 Técnicas para DISEÑAR LOGOS increíbles en CorelDRAW
CO,11,0.0636,0:00:20,20210804,🤯 Técnicas para DISEÑAR LOGOS increíbles en CorelDRAW
PE,11,0.0947,0:00:31,20210804,🤯 Técnicas para DISEÑAR LOGOS increíbles en CorelDRAW
Total,2251,177.1279,0:04:43,20211014,🎇 COMBINA estas TÉCNICAS para _CREAR LOGOS INCREÍBLES_ en CorelDRAW
MX,295,21.6257,0:04:23,20211014,🎇 COMBINA estas TÉCNICAS para _CREAR LOGOS INCREÍBLES_ en CorelDRAW
PE,160,14.0408,0:05:15,20211014,🎇 COMBINA estas TÉCNICAS para _CREAR LOGOS INCREÍBLES_ en CorelDRAW
CO,159,12.6165,0:04:45,20211014,🎇 COMBINA estas TÉCNICAS para _CREAR LOGOS INCREÍBLES_ en CorelDRAW
AR,46,2.3969,0:03:07,20211014,🎇 COMBINA estas TÉCNICAS para _CREAR LOGOS INCREÍBLES_ en CorelDRAW
ES,43,3.5098,0:04:53,20211014,🎇 COMBINA estas TÉCNICAS para _CREAR LOGOS INCREÍBLES_ en CorelDRAW
US,23,1.466,0:03:49,20211014,🎇 COMBINA estas TÉCNICAS para _CREAR LOGOS INCREÍBLES_ en CorelDRAW
VE,13,1.0461,0:04:49,20211014,🎇 COMBINA estas TÉCNICAS para _CREAR LOGOS INCREÍBLES_ en CorelDRAW
BR,0,0.0,,20211014,🎇 COMBINA estas TÉCNICAS para _CREAR LOGOS INCREÍBLES_ en CorelDRAW
CL,0,0.0,,20211014,🎇 COMBINA estas TÉCNICAS para _CREAR LOGOS INCREÍBLES_ en CorelDRAW
EC,0,0.0,,20211014,🎇 COMBINA estas TÉCNICAS para _CREAR LOGOS INCREÍBLES_ en CorelDRAW
Total,625,6.3257,0:00:36,20210722,CÓMO VECTORIZAR PAISAJES_ Tutorial práctico
MX,38,0.3455,0:00:32,20210722,CÓMO VECTORIZAR PAISAJES_ Tutorial práctico
AR,11,0.062,0:00:20,20210722,CÓMO VECTORIZAR PAISAJES_ Tutorial práctico
Total,1392,59.9538,0:02:35,20211028,🐱_👤Con estos MÉTODOS PRÁCTICOS 🧐 puedes DISEÑAR LOGOS Fácilmente en CorelDRAW
MX,218,7.3609,0:02:01,20211028,🐱_👤Con estos MÉTODOS PRÁCTICOS 🧐 puedes DISEÑAR LOGOS Fácilmente en CorelDRAW
CO,161,6.6672,0:02:29,20211028,🐱_👤Con estos MÉTODOS PRÁCTICOS 🧐 puedes DISEÑAR LOGOS Fácilmente en CorelDRAW
PE,131,6.3062,0:02:53,20211028,🐱_👤Con estos MÉTODOS PRÁCTICOS 🧐 puedes DISEÑAR LOGOS Fácilmente en CorelDRAW
AR,62,2.918,0:02:49,20211028,🐱_👤Con estos MÉTODOS PRÁCTICOS 🧐 puedes DISEÑAR LOGOS Fácilmente en CorelDRAW
ES,36,1.4349,0:02:23,20211028,🐱_👤Con estos MÉTODOS PRÁCTICOS 🧐 puedes DISEÑAR LOGOS Fácilmente en CorelDRAW
US,11,0.7077,0:03:51,20211028,🐱_👤Con estos MÉTODOS PRÁCTICOS 🧐 puedes DISEÑAR LOGOS Fácilmente en CorelDRAW
BO,10,0.7452,0:04:28,20211028,🐱_👤Con estos MÉTODOS PRÁCTICOS 🧐 puedes DISEÑAR LOGOS Fácilmente en CorelDRAW
Total,2390,170.4774,0:04:16,20211102,🎱🥌 La MEJOR FORMA de APLICAR TEXTURAS 3D ⚙ a LOGOS en CorelDRAW
MX,290,21.2562,0:04:23,20211102,🎱🥌 La MEJOR FORMA de APLICAR TEXTURAS 3D ⚙ a LOGOS en CorelDRAW
PE,157,9.5888,0:03:39,20211102,🎱🥌 La MEJOR FORMA de APLICAR TEXTURAS 3D ⚙ a LOGOS en CorelDRAW
CO,150,9.6798,0:03:52,20211102,🎱🥌 La MEJOR FORMA de APLICAR TEXTURAS 3D ⚙ a LOGOS en CorelDRAW
AR,74,3.8508,0:03:07,20211102,🎱🥌 La MEJOR FORMA de APLICAR TEXTURAS 3D ⚙ a LOGOS en CorelDRAW
ES,46,2.9269,0:03:49,20211102,🎱🥌 La MEJOR FORMA de APLICAR TEXTURAS 3D ⚙ a LOGOS en CorelDRAW
VE,27,1.7767,0:03:56,20211102,🎱🥌 La MEJOR FORMA de APLICAR TEXTURAS 3D ⚙ a LOGOS en CorelDRAW
US,24,1.6411,0:04:06,20211102,🎱🥌 La MEJOR FORMA de APLICAR TEXTURAS 3D ⚙ a LOGOS en CorelDRAW
BR,12,0.7947,0:03:58,20211102,🎱🥌 La MEJOR FORMA de APLICAR TEXTURAS 3D ⚙ a LOGOS en CorelDRAW
EC,12,0.3249,0:01:37,20211102,🎱🥌 La MEJOR FORMA de APLICAR TEXTURAS 3D ⚙ a LOGOS en CorelDRAW
Total,1167,52.0842,0:02:40,20210817,🔥 CorelDRAW Tips & Tricks for Beginners & Experts ▶ LOGO TUTORIAL
MX,185,8.1924,0:02:39,20210817,🔥 CorelDRAW Tips & Tricks for Beginners & Experts ▶ LOGO TUTORIAL
CO,117,5.694,0:02:55,20210817,🔥 CorelDRAW Tips & Tricks for Beginners & Experts ▶ LOGO TUTORIAL
PE,93,3.7901,0:02:26,20210817,🔥 CorelDRAW Tips & Tricks for Beginners & Experts ▶ LOGO TUTORIAL
AR,65,2.9653,0:02:44,20210817,🔥 CorelDRAW Tips & Tricks for Beginners & Experts ▶ LOGO TUTORIAL
EC,13,0.887,0:04:05,20210817,🔥 CorelDRAW Tips & Tricks for Beginners & Experts ▶ LOGO TUTORIAL
ES,13,0.3864,0:01:46,20210817,🔥 CorelDRAW Tips & Tricks for Beginners & Experts ▶ LOGO TUTORIAL
US,12,0.3306,0:01:39,20210817,🔥 CorelDRAW Tips & Tricks for Beginners & Experts ▶ LOGO TUTORIAL
VE,10,0.6513,0:03:54,20210817,🔥 CorelDRAW Tips & Tricks for Beginners & Experts ▶ LOGO TUTORIAL
BR,0,0.0,,20210817,🔥 CorelDRAW Tips & Tricks for Beginners & Experts ▶ LOGO TUTORIAL
Total,1161,57.3995,0:02:57,20210721,💚 CorelDRAW EASIEST Techniques for Beginners & Experts (💗+🎀) ▶ LOGO Tutorial
MX,114,6.3585,0:03:20,20210721,💚 CorelDRAW EASIEST Techniques for Beginners & Experts (💗+🎀) ▶ LOGO Tutorial
PE,72,3.5791,0:02:58,20210721,💚 CorelDRAW EASIEST Techniques for Beginners & Experts (💗+🎀) ▶ LOGO Tutorial
CO,63,3.8792,0:03:41,20210721,💚 CorelDRAW EASIEST Techniques for Beginners & Experts (💗+🎀) ▶ LOGO Tutorial
AR,49,2.241,0:02:44,20210721,💚 CorelDRAW EASIEST Techniques for Beginners & Experts (💗+🎀) ▶ LOGO Tutorial
ES,19,0.908,0:02:52,20210721,💚 CorelDRAW EASIEST Techniques for Beginners & Experts (💗+🎀) ▶ LOGO Tutorial
BR,11,0.2994,0:01:37,20210721,💚 CorelDRAW EASIEST Techniques for Beginners & Experts (💗+🎀) ▶ LOGO Tutorial
Total,476,4.5199,0:00:34,20210922,😃 Te ENSEÑO cómo es el PROCESO de DISEÑO
MX,56,0.541,0:00:34,20210922,😃 Te ENSEÑO cómo es el PROCESO de DISEÑO
CO,36,0.3811,0:00:38,20210922,😃 Te ENSEÑO cómo es el PROCESO de DISEÑO
PE,33,0.3484,0:00:38,20210922,😃 Te ENSEÑO cómo es el PROCESO de DISEÑO
AR,19,0.1702,0:00:32,20210922,😃 Te ENSEÑO cómo es el PROCESO de DISEÑO
Total,1606,82.2658,0:03:04,20210810,🔥 CorelDRAW ADVANCE Techniques for Beginners & Experts _ LOGO TUTORIAL ▶
MX,236,13.3413,0:03:23,20210810,🔥 CorelDRAW ADVANCE Techniques for Beginners & Experts _ LOGO TUTORIAL ▶
PE,142,6.3742,0:02:41,20210810,🔥 CorelDRAW ADVANCE Techniques for Beginners & Experts _ LOGO TUTORIAL ▶
CO,120,8.5282,0:04:15,20210810,🔥 CorelDRAW ADVANCE Techniques for Beginners & Experts _ LOGO TUTORIAL ▶
AR,44,2.6771,0:03:39,20210810,🔥 CorelDRAW ADVANCE Techniques for Beginners & Experts _ LOGO TUTORIAL ▶
IN,23,0.1441,0:00:22,20210810,🔥 CorelDRAW ADVANCE Techniques for Beginners & Experts _ LOGO TUTORIAL ▶
ES,15,0.6409,0:02:33,20210810,🔥 CorelDRAW ADVANCE Techniques for Beginners & Experts _ LOGO TUTORIAL ▶
US,12,0.5136,0:02:34,20210810,🔥 CorelDRAW ADVANCE Techniques for Beginners & Experts _ LOGO TUTORIAL ▶
Total,3571,240.4057,0:04:02,20220120,🧐 PRESTA mucha ATENCIÓN a estos DETALLES para DISEÑAR LOGOS en CorelDRAW 😱
MX,463,27.2383,0:03:31,20220120,🧐 PRESTA mucha ATENCIÓN a estos DETALLES para DISEÑAR LOGOS en CorelDRAW 😱
PE,313,16.7693,0:03:12,20220120,🧐 PRESTA mucha ATENCIÓN a estos DETALLES para DISEÑAR LOGOS en CorelDRAW 😱
CO,289,19.4023,0:04:01,20220120,🧐 PRESTA mucha ATENCIÓN a estos DETALLES para DISEÑAR LOGOS en CorelDRAW 😱
AR,143,8.1905,0:03:26,20220120,🧐 PRESTA mucha ATENCIÓN a estos DETALLES para DISEÑAR LOGOS en CorelDRAW 😱
ES,78,5.3621,0:04:07,20220120,🧐 PRESTA mucha ATENCIÓN a estos DETALLES para DISEÑAR LOGOS en CorelDRAW 😱
VE,64,4.7664,0:04:28,20220120,🧐 PRESTA mucha ATENCIÓN a estos DETALLES para DISEÑAR LOGOS en CorelDRAW 😱
BR,52,3.438,0:03:58,20220120,🧐 PRESTA mucha ATENCIÓN a estos DETALLES para DISEÑAR LOGOS en CorelDRAW 😱
US,31,1.6797,0:03:15,20220120,🧐 PRESTA mucha ATENCIÓN a estos DETALLES para DISEÑAR LOGOS en CorelDRAW 😱
BO,23,0.7493,0:01:57,20220120,🧐 PRESTA mucha ATENCIÓN a estos DETALLES para DISEÑAR LOGOS en CorelDRAW 😱
EC,22,0.8597,0:02:20,20220120,🧐 PRESTA mucha ATENCIÓN a estos DETALLES para DISEÑAR LOGOS en CorelDRAW 😱
DO,11,1.3258,0:07:13,20220120,🧐 PRESTA mucha ATENCIÓN a estos DETALLES para DISEÑAR LOGOS en CorelDRAW 😱
PY,11,0.5227,0:02:51,20220120,🧐 PRESTA mucha ATENCIÓN a estos DETALLES para DISEÑAR LOGOS en CorelDRAW 😱
Total,292,2.0601,0:00:25,20210730,🤯 Nueva SERIE en DelcaVideography ▶ LOGOS EXPRESS ›› Parte 1 ‹‹ SHORTS
MX,11,0.1435,0:00:46,20210730,🤯 Nueva SERIE en DelcaVideography ▶ LOGOS EXPRESS ›› Parte 1 ‹‹ SHORTS
Total,9866,271.8139,0:01:39,20210510,👉 Estos son los REQUISITOS para INSTALAR Corel DRAW ▶
PE,722,19.748,0:01:38,20210510,👉 Estos son los REQUISITOS para INSTALAR Corel DRAW ▶
MX,181,5.2224,0:01:43,20210510,👉 Estos son los REQUISITOS para INSTALAR Corel DRAW ▶
CO,60,2.2612,0:02:15,20210510,👉 Estos son los REQUISITOS para INSTALAR Corel DRAW ▶
AR,32,0.9081,0:01:42,20210510,👉 Estos son los REQUISITOS para INSTALAR Corel DRAW ▶
ES,14,0.2276,0:00:58,20210510,👉 Estos son los REQUISITOS para INSTALAR Corel DRAW ▶
Total,5283,225.6908,0:02:33,20220427,Estas son las ÚLTIMAS NOVEDADES de COREL DRAW 2022
PE,423,16.6883,0:02:22,20220427,Estas son las ÚLTIMAS NOVEDADES de COREL DRAW 2022
MX,207,9.1282,0:02:38,20220427,Estas son las ÚLTIMAS NOVEDADES de COREL DRAW 2022
CO,106,6.9361,0:03:55,20220427,Estas son las ÚLTIMAS NOVEDADES de COREL DRAW 2022
AR,48,2.4643,0:03:04,20220427,Estas son las ÚLTIMAS NOVEDADES de COREL DRAW 2022
ES,35,1.728,0:02:57,20220427,Estas son las ÚLTIMAS NOVEDADES de COREL DRAW 2022
VE,16,1.1205,0:04:12,20220427,Estas son las ÚLTIMAS NOVEDADES de COREL DRAW 2022
US,13,0.8299,0:03:49,20220427,Estas son las ÚLTIMAS NOVEDADES de COREL DRAW 2022
EC,12,0.5879,0:02:56,20220427,Estas son las ÚLTIMAS NOVEDADES de COREL DRAW 2022
Total,2425,252.7545,0:06:15,20210907,⚡ CorelDRAW ›NEW YORK CITY‹ 🗽 Retro NEON Design TUTORIAL
MX,238,21.1429,0:05:19,20210907,⚡ CorelDRAW ›NEW YORK CITY‹ 🗽 Retro NEON Design TUTORIAL
PE,134,10.1981,0:04:33,20210907,⚡ CorelDRAW ›NEW YORK CITY‹ 🗽 Retro NEON Design TUTORIAL
CO,131,12.1517,0:05:33,20210907,⚡ CorelDRAW ›NEW YORK CITY‹ 🗽 Retro NEON Design TUTORIAL
AR,74,5.9318,0:04:48,20210907,⚡ CorelDRAW ›NEW YORK CITY‹ 🗽 Retro NEON Design TUTORIAL
ES,24,1.3362,0:03:20,20210907,⚡ CorelDRAW ›NEW YORK CITY‹ 🗽 Retro NEON Design TUTORIAL
US,15,0.1453,0:00:34,20210907,⚡ CorelDRAW ›NEW YORK CITY‹ 🗽 Retro NEON Design TUTORIAL
BR,12,1.3187,0:06:35,20210907,⚡ CorelDRAW ›NEW YORK CITY‹ 🗽 Retro NEON Design TUTORIAL
Total,2099,59.92,0:01:42,20220222,😎 Así FUNCIONAN los PAQUETES de EFECTOS de MOVAVI ▶
MX,105,2.1614,0:01:14,20220222,😎 Así FUNCIONAN los PAQUETES de EFECTOS de MOVAVI ▶
PE,54,1.2062,0:01:20,20220222,😎 Así FUNCIONAN los PAQUETES de EFECTOS de MOVAVI ▶
CO,52,1.8366,0:02:07,20220222,😎 Así FUNCIONAN los PAQUETES de EFECTOS de MOVAVI ▶
ES,35,0.5393,0:00:55,20220222,😎 Así FUNCIONAN los PAQUETES de EFECTOS de MOVAVI ▶
AR,21,0.5365,0:01:31,20220222,😎 Así FUNCIONAN los PAQUETES de EFECTOS de MOVAVI ▶
CL,10,0.0786,0:00:28,20220222,😎 Así FUNCIONAN los PAQUETES de EFECTOS de MOVAVI ▶
US,10,0.1292,0:00:46,20220222,😎 Así FUNCIONAN los PAQUETES de EFECTOS de MOVAVI ▶
Total,1511,78.0586,0:03:05,20210713,🔥 CorelDRAW BASIC Techniques for Beginners & Experts ▶ 3D LOGO TUTORIAL
MX,199,8.8937,0:02:40,20210713,🔥 CorelDRAW BASIC Techniques for Beginners & Experts ▶ 3D LOGO TUTORIAL
CO,129,5.6979,0:02:39,20210713,🔥 CorelDRAW BASIC Techniques for Beginners & Experts ▶ 3D LOGO TUTORIAL
PE,129,8.7196,0:04:03,20210713,🔥 CorelDRAW BASIC Techniques for Beginners & Experts ▶ 3D LOGO TUTORIAL
AR,52,2.3438,0:02:42,20210713,🔥 CorelDRAW BASIC Techniques for Beginners & Experts ▶ 3D LOGO TUTORIAL
ES,15,0.7618,0:03:02,20210713,🔥 CorelDRAW BASIC Techniques for Beginners & Experts ▶ 3D LOGO TUTORIAL
VE,12,1.5145,0:07:34,20210713,🔥 CorelDRAW BASIC Techniques for Beginners & Experts ▶ 3D LOGO TUTORIAL
BR,11,0.601,0:03:16,20210713,🔥 CorelDRAW BASIC Techniques for Beginners & Experts ▶ 3D LOGO TUTORIAL
CL,0,0.0,,20210713,🔥 CorelDRAW BASIC Techniques for Beginners & Experts ▶ 3D LOGO TUTORIAL
Total,1525,60.954,0:02:23,20210727,🔥 LOGO TUTORIAL ▶ CorelDRAW MUST KNOWN Techniques for Beginners & Experts
MX,174,6.5559,0:02:15,20210727,🔥 LOGO TUTORIAL ▶ CorelDRAW MUST KNOWN Techniques for Beginners & Experts
CO,117,5.8589,0:03:00,20210727,🔥 LOGO TUTORIAL ▶ CorelDRAW MUST KNOWN Techniques for Beginners & Experts
PE,115,4.4781,0:02:20,20210727,🔥 LOGO TUTORIAL ▶ CorelDRAW MUST KNOWN Techniques for Beginners & Experts
AR,73,3.676,0:03:01,20210727,🔥 LOGO TUTORIAL ▶ CorelDRAW MUST KNOWN Techniques for Beginners & Experts
IN,26,0.2434,0:00:33,20210727,🔥 LOGO TUTORIAL ▶ CorelDRAW MUST KNOWN Techniques for Beginners & Experts
ES,13,0.4344,0:02:00,20210727,🔥 LOGO TUTORIAL ▶ CorelDRAW MUST KNOWN Techniques for Beginners & Experts
VE,10,0.4437,0:02:39,20210727,🔥 LOGO TUTORIAL ▶ CorelDRAW MUST KNOWN Techniques for Beginners & Experts
BO,0,0.0,,20210727,🔥 LOGO TUTORIAL ▶ CorelDRAW MUST KNOWN Techniques for Beginners & Experts
Total,4248,391.6548,0:05:31,20211012,💪🏼 DOMINA esta TÉCNICA para diseñar LOGOS como este en CorelDRAW 🍺
MX,388,29.8072,0:04:36,20211012,💪🏼 DOMINA esta TÉCNICA para diseñar LOGOS como este en CorelDRAW 🍺
PE,350,27.6595,0:04:44,20211012,💪🏼 DOMINA esta TÉCNICA para diseñar LOGOS como este en CorelDRAW 🍺
CO,227,20.9747,0:05:32,20211012,💪🏼 DOMINA esta TÉCNICA para diseñar LOGOS como este en CorelDRAW 🍺
AR,112,9.0282,0:04:50,20211012,💪🏼 DOMINA esta TÉCNICA para diseñar LOGOS como este en CorelDRAW 🍺
ES,43,2.859,0:03:59,20211012,💪🏼 DOMINA esta TÉCNICA para diseñar LOGOS como este en CorelDRAW 🍺
VE,24,2.0967,0:05:14,20211012,💪🏼 DOMINA esta TÉCNICA para diseñar LOGOS como este en CorelDRAW 🍺
US,19,2.1469,0:06:46,20211012,💪🏼 DOMINA esta TÉCNICA para diseñar LOGOS como este en CorelDRAW 🍺
BR,14,1.2798,0:05:29,20211012,💪🏼 DOMINA esta TÉCNICA para diseñar LOGOS como este en CorelDRAW 🍺
CL,11,1.0922,0:05:57,20211012,💪🏼 DOMINA esta TÉCNICA para diseñar LOGOS como este en CorelDRAW 🍺
BO,10,0.2693,0:01:36,20211012,💪🏼 DOMINA esta TÉCNICA para diseñar LOGOS como este en CorelDRAW 🍺
IN,10,0.3441,0:02:03,20211012,💪🏼 DOMINA esta TÉCNICA para diseñar LOGOS como este en CorelDRAW 🍺
SV,0,0.0,,20211012,💪🏼 DOMINA esta TÉCNICA para diseñar LOGOS como este en CorelDRAW 🍺
Total,13756,424.2588,0:01:51,20211202,✔✨ Aprende LA TÉCNICA CREATIVA para CREAR LOGOS GRATIS en CorelDRAW ▶ TUTORIAL
MX,2631,80.4901,0:01:50,20211202,✔✨ Aprende LA TÉCNICA CREATIVA para CREAR LOGOS GRATIS en CorelDRAW ▶ TUTORIAL
PE,2036,61.4241,0:01:48,20211202,✔✨ Aprende LA TÉCNICA CREATIVA para CREAR LOGOS GRATIS en CorelDRAW ▶ TUTORIAL
CO,1163,38.7271,0:01:59,20211202,✔✨ Aprende LA TÉCNICA CREATIVA para CREAR LOGOS GRATIS en CorelDRAW ▶ TUTORIAL
AR,717,19.869,0:01:39,20211202,✔✨ Aprende LA TÉCNICA CREATIVA para CREAR LOGOS GRATIS en CorelDRAW ▶ TUTORIAL
EC,495,12.3973,0:01:30,20211202,✔✨ Aprende LA TÉCNICA CREATIVA para CREAR LOGOS GRATIS en CorelDRAW ▶ TUTORIAL
BO,444,9.7289,0:01:18,20211202,✔✨ Aprende LA TÉCNICA CREATIVA para CREAR LOGOS GRATIS en CorelDRAW ▶ TUTORIAL
DO,397,10.6586,0:01:36,20211202,✔✨ Aprende LA TÉCNICA CREATIVA para CREAR LOGOS GRATIS en CorelDRAW ▶ TUTORIAL
US,395,10.1989,0:01:32,20211202,✔✨ Aprende LA TÉCNICA CREATIVA para CREAR LOGOS GRATIS en CorelDRAW ▶ TUTORIAL
VE,348,11.1347,0:01:55,20211202,✔✨ Aprende LA TÉCNICA CREATIVA para CREAR LOGOS GRATIS en CorelDRAW ▶ TUTORIAL
ES,320,8.3432,0:01:33,20211202,✔✨ Aprende LA TÉCNICA CREATIVA para CREAR LOGOS GRATIS en CorelDRAW ▶ TUTORIAL
CL,283,6.7241,0:01:25,20211202,✔✨ Aprende LA TÉCNICA CREATIVA para CREAR LOGOS GRATIS en CorelDRAW ▶ TUTORIAL
ID,249,3.1913,0:00:46,20211202,✔✨ Aprende LA TÉCNICA CREATIVA para CREAR LOGOS GRATIS en CorelDRAW ▶ TUTORIAL
IN,217,1.9816,0:00:32,20211202,✔✨ Aprende LA TÉCNICA CREATIVA para CREAR LOGOS GRATIS en CorelDRAW ▶ TUTORIAL
BR,193,6.255,0:01:56,20211202,✔✨ Aprende LA TÉCNICA CREATIVA para CREAR LOGOS GRATIS en CorelDRAW ▶ TUTORIAL
GT,121,2.4505,0:01:12,20211202,✔✨ Aprende LA TÉCNICA CREATIVA para CREAR LOGOS GRATIS en CorelDRAW ▶ TUTORIAL
SV,78,1.124,0:00:51,20211202,✔✨ Aprende LA TÉCNICA CREATIVA para CREAR LOGOS GRATIS en CorelDRAW ▶ TUTORIAL
TH,76,0.6021,0:00:28,20211202,✔✨ Aprende LA TÉCNICA CREATIVA para CREAR LOGOS GRATIS en CorelDRAW ▶ TUTORIAL
VN,76,0.7284,0:00:34,20211202,✔✨ Aprende LA TÉCNICA CREATIVA para CREAR LOGOS GRATIS en CorelDRAW ▶ TUTORIAL
HN,62,1.1514,0:01:06,20211202,✔✨ Aprende LA TÉCNICA CREATIVA para CREAR LOGOS GRATIS en CorelDRAW ▶ TUTORIAL
PA,60,1.6301,0:01:37,20211202,✔✨ Aprende LA TÉCNICA CREATIVA para CREAR LOGOS GRATIS en CorelDRAW ▶ TUTORIAL
CR,47,1.218,0:01:33,20211202,✔✨ Aprende LA TÉCNICA CREATIVA para CREAR LOGOS GRATIS en CorelDRAW ▶ TUTORIAL
KR,37,0.3319,0:00:32,20211202,✔✨ Aprende LA TÉCNICA CREATIVA para CREAR LOGOS GRATIS en CorelDRAW ▶ TUTORIAL
NI,37,1.2455,0:02:01,20211202,✔✨ Aprende LA TÉCNICA CREATIVA para CREAR LOGOS GRATIS en CorelDRAW ▶ TUTORIAL
PH,33,0.4478,0:00:48,20211202,✔✨ Aprende LA TÉCNICA CREATIVA para CREAR LOGOS GRATIS en CorelDRAW ▶ TUTORIAL
UY,31,0.9968,0:01:55,20211202,✔✨ Aprende LA TÉCNICA CREATIVA para CREAR LOGOS GRATIS en CorelDRAW ▶ TUTORIAL
JP,30,0.8767,0:01:45,20211202,✔✨ Aprende LA TÉCNICA CREATIVA para CREAR LOGOS GRATIS en CorelDRAW ▶ TUTORIAL
PY,24,0.3615,0:00:54,20211202,✔✨ Aprende LA TÉCNICA CREATIVA para CREAR LOGOS GRATIS en CorelDRAW ▶ TUTORIAL
MY,12,0.0686,0:00:20,20211202,✔✨ Aprende LA TÉCNICA CREATIVA para CREAR LOGOS GRATIS en CorelDRAW ▶ TUTORIAL
MA,10,0.0686,0:00:24,20211202,✔✨ Aprende LA TÉCNICA CREATIVA para CREAR LOGOS GRATIS en CorelDRAW ▶ TUTORIAL
Total,1377,47.2637,0:02:03,20220208,⚡ Cómo CREAR 7 EFECTOS GLITCH PRO con MOVAVI Video Editor Plus 2022 ▶ TUTORIAL
MX,121,2.6222,0:01:18,20220208,⚡ Cómo CREAR 7 EFECTOS GLITCH PRO con MOVAVI Video Editor Plus 2022 ▶ TUTORIAL
CO,110,3.6551,0:01:59,20220208,⚡ Cómo CREAR 7 EFECTOS GLITCH PRO con MOVAVI Video Editor Plus 2022 ▶ TUTORIAL
PE,59,1.4699,0:01:29,20220208,⚡ Cómo CREAR 7 EFECTOS GLITCH PRO con MOVAVI Video Editor Plus 2022 ▶ TUTORIAL
AR,41,0.9664,0:01:24,20220208,⚡ Cómo CREAR 7 EFECTOS GLITCH PRO con MOVAVI Video Editor Plus 2022 ▶ TUTORIAL
ES,16,0.2835,0:01:03,20220208,⚡ Cómo CREAR 7 EFECTOS GLITCH PRO con MOVAVI Video Editor Plus 2022 ▶ TUTORIAL
VE,16,0.8855,0:03:19,20220208,⚡ Cómo CREAR 7 EFECTOS GLITCH PRO con MOVAVI Video Editor Plus 2022 ▶ TUTORIAL
CL,10,0.1308,0:00:47,20220208,⚡ Cómo CREAR 7 EFECTOS GLITCH PRO con MOVAVI Video Editor Plus 2022 ▶ TUTORIAL
Total,1824,10.7921,0:00:21,20220325,🤔 USA esta forma para CREAR DISEÑOS
CO,48,0.3225,0:00:24,20220325,🤔 USA esta forma para CREAR DISEÑOS
MX,34,0.2008,0:00:21,20220325,🤔 USA esta forma para CREAR DISEÑOS
PE,23,0.1629,0:00:25,20220325,🤔 USA esta forma para CREAR DISEÑOS
AR,13,0.0559,0:00:15,20220325,🤔 USA esta forma para CREAR DISEÑOS
Total,637,6.0713,0:00:34,20210724,💚🏃_♀️ CorelDRAW ▶ SPEEDRUN MONSTER Short
MX,44,0.2873,0:00:23,20210724,💚🏃_♀️ CorelDRAW ▶ SPEEDRUN MONSTER Short
CO,12,0.1094,0:00:32,20210724,💚🏃_♀️ CorelDRAW ▶ SPEEDRUN MONSTER Short
PE,11,0.0781,0:00:25,20210724,💚🏃_♀️ CorelDRAW ▶ SPEEDRUN MONSTER Short
AR,10,0.0812,0:00:29,20210724,💚🏃_♀️ CorelDRAW ▶ SPEEDRUN MONSTER Short
Total,5159,248.5148,0:02:53,20220127,✔✨ Sigue el PROCESO PASO a PASO y APRENDE A CREAR LOGOS en CorelDRAW ► TUTORIAL
MX,1052,46.6523,0:02:39,20220127,✔✨ Sigue el PROCESO PASO a PASO y APRENDE A CREAR LOGOS en CorelDRAW ► TUTORIAL
PE,734,32.0003,0:02:36,20220127,✔✨ Sigue el PROCESO PASO a PASO y APRENDE A CREAR LOGOS en CorelDRAW ► TUTORIAL
CO,493,29.6499,0:03:36,20220127,✔✨ Sigue el PROCESO PASO a PASO y APRENDE A CREAR LOGOS en CorelDRAW ► TUTORIAL
AR,260,10.3513,0:02:23,20220127,✔✨ Sigue el PROCESO PASO a PASO y APRENDE A CREAR LOGOS en CorelDRAW ► TUTORIAL
BO,136,4.8439,0:02:08,20220127,✔✨ Sigue el PROCESO PASO a PASO y APRENDE A CREAR LOGOS en CorelDRAW ► TUTORIAL
US,124,3.6103,0:01:44,20220127,✔✨ Sigue el PROCESO PASO a PASO y APRENDE A CREAR LOGOS en CorelDRAW ► TUTORIAL
EC,123,4.7928,0:02:20,20220127,✔✨ Sigue el PROCESO PASO a PASO y APRENDE A CREAR LOGOS en CorelDRAW ► TUTORIAL
VE,102,6.4086,0:03:46,20220127,✔✨ Sigue el PROCESO PASO a PASO y APRENDE A CREAR LOGOS en CorelDRAW ► TUTORIAL
BR,55,2.9791,0:03:14,20220127,✔✨ Sigue el PROCESO PASO a PASO y APRENDE A CREAR LOGOS en CorelDRAW ► TUTORIAL
ID,50,0.8579,0:01:01,20220127,✔✨ Sigue el PROCESO PASO a PASO y APRENDE A CREAR LOGOS en CorelDRAW ► TUTORIAL
ES,47,2.7319,0:03:29,20220127,✔✨ Sigue el PROCESO PASO a PASO y APRENDE A CREAR LOGOS en CorelDRAW ► TUTORIAL
PH,17,0.3581,0:01:15,20220127,✔✨ Sigue el PROCESO PASO a PASO y APRENDE A CREAR LOGOS en CorelDRAW ► TUTORIAL
UY,15,0.6909,0:02:45,20220127,✔✨ Sigue el PROCESO PASO a PASO y APRENDE A CREAR LOGOS en CorelDRAW ► TUTORIAL
IN,14,0.2177,0:00:55,20220127,✔✨ Sigue el PROCESO PASO a PASO y APRENDE A CREAR LOGOS en CorelDRAW ► TUTORIAL
DO,10,0.2297,0:01:22,20220127,✔✨ Sigue el PROCESO PASO a PASO y APRENDE A CREAR LOGOS en CorelDRAW ► TUTORIAL
Total,1314,85.342,0:03:53,20211216,🤘🏼 Así PODRÁS crear INTROS ANIMADAS para tu TRABAJO y REDES SOCIALES en MINUTOS
MX,129,7.762,0:03:36,20211216,🤘🏼 Así PODRÁS crear INTROS ANIMADAS para tu TRABAJO y REDES SOCIALES en MINUTOS
PE,54,3.8941,0:04:19,20211216,🤘🏼 Así PODRÁS crear INTROS ANIMADAS para tu TRABAJO y REDES SOCIALES en MINUTOS
CO,52,5.9365,0:06:50,20211216,🤘🏼 Así PODRÁS crear INTROS ANIMADAS para tu TRABAJO y REDES SOCIALES en MINUTOS
ES,15,0.8616,0:03:26,20211216,🤘🏼 Así PODRÁS crear INTROS ANIMADAS para tu TRABAJO y REDES SOCIALES en MINUTOS
AR,13,0.9774,0:04:30,20211216,🤘🏼 Así PODRÁS crear INTROS ANIMADAS para tu TRABAJO y REDES SOCIALES en MINUTOS
Total,151522,5615.8666,0:02:13,20211123,✔✨ Sigue estos MÉTODOS para DISEÑAR tus LOGOS en CorelDRAW ► TUTORIAL
ID,30605,471.681,0:00:55,20211123,✔✨ Sigue estos MÉTODOS para DISEÑAR tus LOGOS en CorelDRAW ► TUTORIAL
MX,23476,992.1708,0:02:32,20211123,✔✨ Sigue estos MÉTODOS para DISEÑAR tus LOGOS en CorelDRAW ► TUTORIAL
PE,16422,999.1291,0:03:39,20211123,✔✨ Sigue estos MÉTODOS para DISEÑAR tus LOGOS en CorelDRAW ► TUTORIAL
BR,13107,311.6914,0:01:25,20211123,✔✨ Sigue estos MÉTODOS para DISEÑAR tus LOGOS en CorelDRAW ► TUTORIAL
CO,7535,371.1904,0:02:57,20211123,✔✨ Sigue estos MÉTODOS para DISEÑAR tus LOGOS en CorelDRAW ► TUTORIAL
AR,5582,244.7493,0:02:37,20211123,✔✨ Sigue estos MÉTODOS para DISEÑAR tus LOGOS en CorelDRAW ► TUTORIAL
EC,4854,181.2676,0:02:14,20211123,✔✨ Sigue estos MÉTODOS para DISEÑAR tus LOGOS en CorelDRAW ► TUTORIAL
IN,4130,42.5339,0:00:37,20211123,✔✨ Sigue estos MÉTODOS para DISEÑAR tus LOGOS en CorelDRAW ► TUTORIAL
BO,3931,143.9606,0:02:11,20211123,✔✨ Sigue estos MÉTODOS para DISEÑAR tus LOGOS en CorelDRAW ► TUTORIAL
VE,3046,151.1934,0:02:58,20211123,✔✨ Sigue estos MÉTODOS para DISEÑAR tus LOGOS en CorelDRAW ► TUTORIAL
DO,2852,108.1202,0:02:16,20211123,✔✨ Sigue estos MÉTODOS para DISEÑAR tus LOGOS en CorelDRAW ► TUTORIAL
ES,2747,106.1338,0:02:19,20211123,✔✨ Sigue estos MÉTODOS para DISEÑAR tus LOGOS en CorelDRAW ► TUTORIAL
US,2741,111.8473,0:02:26,20211123,✔✨ Sigue estos MÉTODOS para DISEÑAR tus LOGOS en CorelDRAW ► TUTORIAL
CL,1834,70.4075,0:02:18,20211123,✔✨ Sigue estos MÉTODOS para DISEÑAR tus LOGOS en CorelDRAW ► TUTORIAL
GT,1774,59.011,0:01:59,20211123,✔✨ Sigue estos MÉTODOS para DISEÑAR tus LOGOS en CorelDRAW ► TUTORIAL
VN,1620,35.1329,0:01:18,20211123,✔✨ Sigue estos MÉTODOS para DISEÑAR tus LOGOS en CorelDRAW ► TUTORIAL
SV,719,25.0686,0:02:05,20211123,✔✨ Sigue estos MÉTODOS para DISEÑAR tus LOGOS en CorelDRAW ► TUTORIAL
HN,689,21.7795,0:01:53,20211123,✔✨ Sigue estos MÉTODOS para DISEÑAR tus LOGOS en CorelDRAW ► TUTORIAL
KH,481,6.4737,0:00:48,20211123,✔✨ Sigue estos MÉTODOS para DISEÑAR tus LOGOS en CorelDRAW ► TUTORIAL
PY,479,19.6518,0:02:27,20211123,✔✨ Sigue estos MÉTODOS para DISEÑAR tus LOGOS en CorelDRAW ► TUTORIAL
PH,456,5.8195,0:00:45,20211123,✔✨ Sigue estos MÉTODOS para DISEÑAR tus LOGOS en CorelDRAW ► TUTORIAL
PA,432,14.6897,0:02:02,20211123,✔✨ Sigue estos MÉTODOS para DISEÑAR tus LOGOS en CorelDRAW ► TUTORIAL
TH,431,5.6807,0:00:47,20211123,✔✨ Sigue estos MÉTODOS para DISEÑAR tus LOGOS en CorelDRAW ► TUTORIAL
MY,422,5.5562,0:00:47,20211123,✔✨ Sigue estos MÉTODOS para DISEÑAR tus LOGOS en CorelDRAW ► TUTORIAL
NI,354,11.6016,0:01:57,20211123,✔✨ Sigue estos MÉTODOS para DISEÑAR tus LOGOS en CorelDRAW ► TUTORIAL
CR,322,10.9334,0:02:02,20211123,✔✨ Sigue estos MÉTODOS para DISEÑAR tus LOGOS en CorelDRAW ► TUTORIAL
LK,144,2.1287,0:00:53,20211123,✔✨ Sigue estos MÉTODOS para DISEÑAR tus LOGOS en CorelDRAW ► TUTORIAL
KR,121,1.865,0:00:55,20211123,✔✨ Sigue estos MÉTODOS para DISEÑAR tus LOGOS en CorelDRAW ► TUTORIAL
PT,62,1.959,0:01:53,20211123,✔✨ Sigue estos MÉTODOS para DISEÑAR tus LOGOS en CorelDRAW ► TUTORIAL
AO,52,1.8105,0:02:05,20211123,✔✨ Sigue estos MÉTODOS para DISEÑAR tus LOGOS en CorelDRAW ► TUTORIAL
JP,48,1.1518,0:01:26,20211123,✔✨ Sigue estos MÉTODOS para DISEÑAR tus LOGOS en CorelDRAW ► TUTORIAL
BD,38,0.43,0:00:40,20211123,✔✨ Sigue estos MÉTODOS para DISEÑAR tus LOGOS en CorelDRAW ► TUTORIAL
MZ,35,1.0051,0:01:43,20211123,✔✨ Sigue estos MÉTODOS para DISEÑAR tus LOGOS en CorelDRAW ► TUTORIAL
UY,35,1.7498,0:02:59,20211123,✔✨ Sigue estos MÉTODOS para DISEÑAR tus LOGOS en CorelDRAW ► TUTORIAL
DZ,34,0.4817,0:00:51,20211123,✔✨ Sigue estos MÉTODOS para DISEÑAR tus LOGOS en CorelDRAW ► TUTORIAL
MM,27,0.4862,0:01:04,20211123,✔✨ Sigue estos MÉTODOS para DISEÑAR tus LOGOS en CorelDRAW ► TUTORIAL
LA,21,0.1619,0:00:27,20211123,✔✨ Sigue estos MÉTODOS para DISEÑAR tus LOGOS en CorelDRAW ► TUTORIAL
IT,13,0.8268,0:03:48,20211123,✔✨ Sigue estos MÉTODOS para DISEÑAR tus LOGOS en CorelDRAW ► TUTORIAL
TW,12,0.3694,0:01:50,20211123,✔✨ Sigue estos MÉTODOS para DISEÑAR tus LOGOS en CorelDRAW ► TUTORIAL
IQ,10,0.0514,0:00:18,20211123,✔✨ Sigue estos MÉTODOS para DISEÑAR tus LOGOS en CorelDRAW ► TUTORIAL
MA,10,0.0472,0:00:16,20211123,✔✨ Sigue estos MÉTODOS para DISEÑAR tus LOGOS en CorelDRAW ► TUTORIAL
Total,1962,23.559,0:00:43,20210518,💙 Curso VEGAS PRO en YOUTUBE 2021 (Entrenamiento Online) ▶
MX,67,0.937,0:00:50,20210518,💙 Curso VEGAS PRO en YOUTUBE 2021 (Entrenamiento Online) ▶
CO,44,0.6829,0:00:55,20210518,💙 Curso VEGAS PRO en YOUTUBE 2021 (Entrenamiento Online) ▶
AR,30,0.5005,0:01:00,20210518,💙 Curso VEGAS PRO en YOUTUBE 2021 (Entrenamiento Online) ▶
PE,25,0.401,0:00:57,20210518,💙 Curso VEGAS PRO en YOUTUBE 2021 (Entrenamiento Online) ▶
ES,17,0.2324,0:00:49,20210518,💙 Curso VEGAS PRO en YOUTUBE 2021 (Entrenamiento Online) ▶
Total,1380,11.3996,0:00:29,20210921,😜 Te enseño el BORRADOR de un archivo de CorelDRAW
MX,80,0.708,0:00:31,20210921,😜 Te enseño el BORRADOR de un archivo de CorelDRAW
CO,39,0.3499,0:00:32,20210921,😜 Te enseño el BORRADOR de un archivo de CorelDRAW
PE,33,0.255,0:00:27,20210921,😜 Te enseño el BORRADOR de un archivo de CorelDRAW
AR,19,0.1445,0:00:27,20210921,😜 Te enseño el BORRADOR de un archivo de CorelDRAW
ES,14,0.0684,0:00:17,20210921,😜 Te enseño el BORRADOR de un archivo de CorelDRAW
Total,2188,159.1404,0:04:21,20220303,🧐 Sigue ESTE ORDEN en tus PROYECTOS ⭐ para CREAR LOGOS ASÍ en CorelDRAW
MX,317,18.7936,0:03:33,20220303,🧐 Sigue ESTE ORDEN en tus PROYECTOS ⭐ para CREAR LOGOS ASÍ en CorelDRAW
PE,230,15.2335,0:03:58,20220303,🧐 Sigue ESTE ORDEN en tus PROYECTOS ⭐ para CREAR LOGOS ASÍ en CorelDRAW
CO,206,19.0259,0:05:32,20220303,🧐 Sigue ESTE ORDEN en tus PROYECTOS ⭐ para CREAR LOGOS ASÍ en CorelDRAW
AR,103,6.6482,0:03:52,20220303,🧐 Sigue ESTE ORDEN en tus PROYECTOS ⭐ para CREAR LOGOS ASÍ en CorelDRAW
VE,47,4.1008,0:05:14,20220303,🧐 Sigue ESTE ORDEN en tus PROYECTOS ⭐ para CREAR LOGOS ASÍ en CorelDRAW
ES,35,2.7198,0:04:39,20220303,🧐 Sigue ESTE ORDEN en tus PROYECTOS ⭐ para CREAR LOGOS ASÍ en CorelDRAW
BR,24,1.4533,0:03:38,20220303,🧐 Sigue ESTE ORDEN en tus PROYECTOS ⭐ para CREAR LOGOS ASÍ en CorelDRAW
DO,10,0.7008,0:04:12,20220303,🧐 Sigue ESTE ORDEN en tus PROYECTOS ⭐ para CREAR LOGOS ASÍ en CorelDRAW
US,10,0.0476,0:00:17,20220303,🧐 Sigue ESTE ORDEN en tus PROYECTOS ⭐ para CREAR LOGOS ASÍ en CorelDRAW
EC,0,0.0,,20220303,🧐 Sigue ESTE ORDEN en tus PROYECTOS ⭐ para CREAR LOGOS ASÍ en CorelDRAW
Total,2183,206.4005,0:05:40,20210923,🌟 AMAZING PERSPECTIVE Tips ▶ CREATE 3D TEXT in CorelDRAW
MX,193,15.6505,0:04:51,20210923,🌟 AMAZING PERSPECTIVE Tips ▶ CREATE 3D TEXT in CorelDRAW
CO,83,7.7436,0:05:35,20210923,🌟 AMAZING PERSPECTIVE Tips ▶ CREATE 3D TEXT in CorelDRAW
AR,74,5.3772,0:04:21,20210923,🌟 AMAZING PERSPECTIVE Tips ▶ CREATE 3D TEXT in CorelDRAW
PE,67,4.3879,0:03:55,20210923,🌟 AMAZING PERSPECTIVE Tips ▶ CREATE 3D TEXT in CorelDRAW
ES,19,0.6582,0:02:04,20210923,🌟 AMAZING PERSPECTIVE Tips ▶ CREATE 3D TEXT in CorelDRAW
US,19,1.3116,0:04:08,20210923,🌟 AMAZING PERSPECTIVE Tips ▶ CREATE 3D TEXT in CorelDRAW
BR,10,0.6359,0:03:48,20210923,🌟 AMAZING PERSPECTIVE Tips ▶ CREATE 3D TEXT in CorelDRAW
PY,10,0.0208,0:00:07,20210923,🌟 AMAZING PERSPECTIVE Tips ▶ CREATE 3D TEXT in CorelDRAW
VE,10,0.6017,0:03:36,20210923,🌟 AMAZING PERSPECTIVE Tips ▶ CREATE 3D TEXT in CorelDRAW
EC,0,0.0,,20210923,🌟 AMAZING PERSPECTIVE Tips ▶ CREATE 3D TEXT in CorelDRAW
HN,0,0.0,,20210923,🌟 AMAZING PERSPECTIVE Tips ▶ CREATE 3D TEXT in CorelDRAW
ID,0,0.0,,20210923,🌟 AMAZING PERSPECTIVE Tips ▶ CREATE 3D TEXT in CorelDRAW
Total,2458,160.598,0:03:55,20220331,✨✔ DISEÑA como un PROFESIONAL si SIGUES estos PASOS en CorelDRAW
MX,305,16.4949,0:03:14,20220331,✨✔ DISEÑA como un PROFESIONAL si SIGUES estos PASOS en CorelDRAW
PE,224,13.8705,0:03:42,20220331,✨✔ DISEÑA como un PROFESIONAL si SIGUES estos PASOS en CorelDRAW
CO,178,14.598,0:04:55,20220331,✨✔ DISEÑA como un PROFESIONAL si SIGUES estos PASOS en CorelDRAW
AR,89,5.1747,0:03:29,20220331,✨✔ DISEÑA como un PROFESIONAL si SIGUES estos PASOS en CorelDRAW
VE,42,2.0401,0:02:54,20220331,✨✔ DISEÑA como un PROFESIONAL si SIGUES estos PASOS en CorelDRAW
ES,32,1.8708,0:03:30,20220331,✨✔ DISEÑA como un PROFESIONAL si SIGUES estos PASOS en CorelDRAW
DO,12,0.9217,0:04:36,20220331,✨✔ DISEÑA como un PROFESIONAL si SIGUES estos PASOS en CorelDRAW
BO,11,1.4384,0:07:50,20220331,✨✔ DISEÑA como un PROFESIONAL si SIGUES estos PASOS en CorelDRAW
PH,11,0.1046,0:00:34,20220331,✨✔ DISEÑA como un PROFESIONAL si SIGUES estos PASOS en CorelDRAW
US,11,0.5971,0:03:15,20220331,✨✔ DISEÑA como un PROFESIONAL si SIGUES estos PASOS en CorelDRAW
BR,10,1.1445,0:06:52,20220331,✨✔ DISEÑA como un PROFESIONAL si SIGUES estos PASOS en CorelDRAW
EC,10,0.3808,0:02:17,20220331,✨✔ DISEÑA como un PROFESIONAL si SIGUES estos PASOS en CorelDRAW
Total,2821,160.71,0:03:25,20211104,🧐 DOMINA las MEJORES TÉCNICAS para CREAR LOGOS en CorelDRAW ▶ TUTORIAL
MX,358,20.2676,0:03:23,20211104,🧐 DOMINA las MEJORES TÉCNICAS para CREAR LOGOS en CorelDRAW ▶ TUTORIAL
CO,247,14.0979,0:03:25,20211104,🧐 DOMINA las MEJORES TÉCNICAS para CREAR LOGOS en CorelDRAW ▶ TUTORIAL
PE,219,14.2963,0:03:55,20211104,🧐 DOMINA las MEJORES TÉCNICAS para CREAR LOGOS en CorelDRAW ▶ TUTORIAL
AR,131,6.6556,0:03:02,20211104,🧐 DOMINA las MEJORES TÉCNICAS para CREAR LOGOS en CorelDRAW ▶ TUTORIAL
ES,46,3.3356,0:04:21,20211104,🧐 DOMINA las MEJORES TÉCNICAS para CREAR LOGOS en CorelDRAW ▶ TUTORIAL
ID,42,0.8211,0:01:10,20211104,🧐 DOMINA las MEJORES TÉCNICAS para CREAR LOGOS en CorelDRAW ▶ TUTORIAL
US,38,1.2747,0:02:00,20211104,🧐 DOMINA las MEJORES TÉCNICAS para CREAR LOGOS en CorelDRAW ▶ TUTORIAL
KH,30,0.2432,0:00:29,20211104,🧐 DOMINA las MEJORES TÉCNICAS para CREAR LOGOS en CorelDRAW ▶ TUTORIAL
EC,28,1.79,0:03:50,20211104,🧐 DOMINA las MEJORES TÉCNICAS para CREAR LOGOS en CorelDRAW ▶ TUTORIAL
TW,23,0.2687,0:00:42,20211104,🧐 DOMINA las MEJORES TÉCNICAS para CREAR LOGOS en CorelDRAW ▶ TUTORIAL
VE,22,1.3468,0:03:40,20211104,🧐 DOMINA las MEJORES TÉCNICAS para CREAR LOGOS en CorelDRAW ▶ TUTORIAL
VN,20,0.2427,0:00:43,20211104,🧐 DOMINA las MEJORES TÉCNICAS para CREAR LOGOS en CorelDRAW ▶ TUTORIAL
BO,12,0.3857,0:01:55,20211104,🧐 DOMINA las MEJORES TÉCNICAS para CREAR LOGOS en CorelDRAW ▶ TUTORIAL
BR,12,0.9648,0:04:49,20211104,🧐 DOMINA las MEJORES TÉCNICAS para CREAR LOGOS en CorelDRAW ▶ TUTORIAL
CL,11,0.7893,0:04:18,20211104,🧐 DOMINA las MEJORES TÉCNICAS para CREAR LOGOS en CorelDRAW ▶ TUTORIAL
PY,11,0.2498,0:01:21,20211104,🧐 DOMINA las MEJORES TÉCNICAS para CREAR LOGOS en CorelDRAW ▶ TUTORIAL
IN,10,0.0623,0:00:22,20211104,🧐 DOMINA las MEJORES TÉCNICAS para CREAR LOGOS en CorelDRAW ▶ TUTORIAL
SV,0,0.0,,20211104,🧐 DOMINA las MEJORES TÉCNICAS para CREAR LOGOS en CorelDRAW ▶ TUTORIAL
Total,637,2.7719,0:00:15,20210729,Wow! De un simple círculo a ESTO!!! LOGO TUTOTIAL
MX,96,0.4019,0:00:15,20210729,Wow! De un simple círculo a ESTO!!! LOGO TUTOTIAL
AR,24,0.0626,0:00:09,20210729,Wow! De un simple círculo a ESTO!!! LOGO TUTOTIAL
CO,23,0.1211,0:00:18,20210729,Wow! De un simple círculo a ESTO!!! LOGO TUTOTIAL
PE,14,0.0457,0:00:11,20210729,Wow! De un simple círculo a ESTO!!! LOGO TUTOTIAL
CL,12,0.0504,0:00:15,20210729,Wow! De un simple círculo a ESTO!!! LOGO TUTOTIAL
GT,10,0.0329,0:00:11,20210729,Wow! De un simple círculo a ESTO!!! LOGO TUTOTIAL
Total,4034,357.6949,0:05:19,20211214,🤫 Pon en PRÁCTICA el SECRETO para DISEÑAR este LOGO en CorelDRAW ▶▶ TUTORIAL
MX,333,27.0884,0:04:52,20211214,🤫 Pon en PRÁCTICA el SECRETO para DISEÑAR este LOGO en CorelDRAW ▶▶ TUTORIAL
PE,243,17.388,0:04:17,20211214,🤫 Pon en PRÁCTICA el SECRETO para DISEÑAR este LOGO en CorelDRAW ▶▶ TUTORIAL
CO,242,28.8774,0:07:09,20211214,🤫 Pon en PRÁCTICA el SECRETO para DISEÑAR este LOGO en CorelDRAW ▶▶ TUTORIAL
AR,97,9.4299,0:05:49,20211214,🤫 Pon en PRÁCTICA el SECRETO para DISEÑAR este LOGO en CorelDRAW ▶▶ TUTORIAL
ES,45,3.5326,0:04:42,20211214,🤫 Pon en PRÁCTICA el SECRETO para DISEÑAR este LOGO en CorelDRAW ▶▶ TUTORIAL
VE,42,2.6084,0:03:43,20211214,🤫 Pon en PRÁCTICA el SECRETO para DISEÑAR este LOGO en CorelDRAW ▶▶ TUTORIAL
BR,37,2.8243,0:04:34,20211214,🤫 Pon en PRÁCTICA el SECRETO para DISEÑAR este LOGO en CorelDRAW ▶▶ TUTORIAL
US,34,1.9707,0:03:28,20211214,🤫 Pon en PRÁCTICA el SECRETO para DISEÑAR este LOGO en CorelDRAW ▶▶ TUTORIAL
BO,15,0.4459,0:01:47,20211214,🤫 Pon en PRÁCTICA el SECRETO para DISEÑAR este LOGO en CorelDRAW ▶▶ TUTORIAL
EC,15,0.6617,0:02:38,20211214,🤫 Pon en PRÁCTICA el SECRETO para DISEÑAR este LOGO en CorelDRAW ▶▶ TUTORIAL
Total,3011,59.3655,0:01:10,20210506,👉 Cuánto CUESTA 💲 CorelDRAW ▶ 
MX,127,2.8042,0:01:19,20210506,👉 Cuánto CUESTA 💲 CorelDRAW ▶ 
CO,91,2.1166,0:01:23,20210506,👉 Cuánto CUESTA 💲 CorelDRAW ▶ 
PE,52,1.0561,0:01:13,20210506,👉 Cuánto CUESTA 💲 CorelDRAW ▶ 
AR,41,0.7809,0:01:08,20210506,👉 Cuánto CUESTA 💲 CorelDRAW ▶ 
US,24,0.4425,0:01:06,20210506,👉 Cuánto CUESTA 💲 CorelDRAW ▶ 
ES,22,0.465,0:01:16,20210506,👉 Cuánto CUESTA 💲 CorelDRAW ▶ 
Total,3034,200.6775,0:03:58,20211019,Si USAS esta TÉCNICA 🧐 puedes CREAR muchos LOGOS ▶ CorelDRAW
MX,357,22.5909,0:03:47,20211019,Si USAS esta TÉCNICA 🧐 puedes CREAR muchos LOGOS ▶ CorelDRAW
CO,234,14.8947,0:03:49,20211019,Si USAS esta TÉCNICA 🧐 puedes CREAR muchos LOGOS ▶ CorelDRAW
PE,208,14.1148,0:04:04,20211019,Si USAS esta TÉCNICA 🧐 puedes CREAR muchos LOGOS ▶ CorelDRAW
AR,108,5.5069,0:03:03,20211019,Si USAS esta TÉCNICA 🧐 puedes CREAR muchos LOGOS ▶ CorelDRAW
ES,49,3.1455,0:03:51,20211019,Si USAS esta TÉCNICA 🧐 puedes CREAR muchos LOGOS ▶ CorelDRAW
VE,28,1.842,0:03:56,20211019,Si USAS esta TÉCNICA 🧐 puedes CREAR muchos LOGOS ▶ CorelDRAW
IN,25,0.1544,0:00:22,20211019,Si USAS esta TÉCNICA 🧐 puedes CREAR muchos LOGOS ▶ CorelDRAW
EC,24,1.0061,0:02:30,20211019,Si USAS esta TÉCNICA 🧐 puedes CREAR muchos LOGOS ▶ CorelDRAW
US,16,1.3636,0:05:06,20211019,Si USAS esta TÉCNICA 🧐 puedes CREAR muchos LOGOS ▶ CorelDRAW
PY,13,0.9245,0:04:16,20211019,Si USAS esta TÉCNICA 🧐 puedes CREAR muchos LOGOS ▶ CorelDRAW
CL,11,0.3288,0:01:47,20211019,Si USAS esta TÉCNICA 🧐 puedes CREAR muchos LOGOS ▶ CorelDRAW
BO,0,0.0,,20211019,Si USAS esta TÉCNICA 🧐 puedes CREAR muchos LOGOS ▶ CorelDRAW
BR,0,0.0,,20211019,Si USAS esta TÉCNICA 🧐 puedes CREAR muchos LOGOS ▶ CorelDRAW
UY,0,0.0,,20211019,Si USAS esta TÉCNICA 🧐 puedes CREAR muchos LOGOS ▶ CorelDRAW
Total,4130,523.1473,0:07:36,20210928,🤜🏼 La MASTERCLASS que BUSCABAS 👉🏼  Técnicas AVANZADAS para DISEÑADORES CorelDRAW
MX,293,31.6421,0:06:28,20210928,🤜🏼 La MASTERCLASS que BUSCABAS 👉🏼  Técnicas AVANZADAS para DISEÑADORES CorelDRAW
CO,120,12.2057,0:06:06,20210928,🤜🏼 La MASTERCLASS que BUSCABAS 👉🏼  Técnicas AVANZADAS para DISEÑADORES CorelDRAW
PE,97,10.1053,0:06:15,20210928,🤜🏼 La MASTERCLASS que BUSCABAS 👉🏼  Técnicas AVANZADAS para DISEÑADORES CorelDRAW
AR,45,2.8805,0:03:50,20210928,🤜🏼 La MASTERCLASS que BUSCABAS 👉🏼  Técnicas AVANZADAS para DISEÑADORES CorelDRAW
IN,21,0.1642,0:00:28,20210928,🤜🏼 La MASTERCLASS que BUSCABAS 👉🏼  Técnicas AVANZADAS para DISEÑADORES CorelDRAW
ES,13,0.6833,0:03:09,20210928,🤜🏼 La MASTERCLASS que BUSCABAS 👉🏼  Técnicas AVANZADAS para DISEÑADORES CorelDRAW
VE,10,1.6225,0:09:44,20210928,🤜🏼 La MASTERCLASS que BUSCABAS 👉🏼  Técnicas AVANZADAS para DISEÑADORES CorelDRAW
Total,11619,740.5416,0:03:49,20220203,✔✨ DESCUBRE estas TÉCNICAS para CREAR DISEÑOS orgánicos en ▶ TUTORIAL
MX,2197,121.4604,0:03:19,20220203,✔✨ DESCUBRE estas TÉCNICAS para CREAR DISEÑOS orgánicos en ▶ TUTORIAL
PE,1614,92.4824,0:03:26,20220203,✔✨ DESCUBRE estas TÉCNICAS para CREAR DISEÑOS orgánicos en ▶ TUTORIAL
CO,1307,82.3776,0:03:46,20220203,✔✨ DESCUBRE estas TÉCNICAS para CREAR DISEÑOS orgánicos en ▶ TUTORIAL
AR,568,30.5121,0:03:13,20220203,✔✨ DESCUBRE estas TÉCNICAS para CREAR DISEÑOS orgánicos en ▶ TUTORIAL
EC,494,20.6858,0:02:30,20220203,✔✨ DESCUBRE estas TÉCNICAS para CREAR DISEÑOS orgánicos en ▶ TUTORIAL
VE,444,26.0088,0:03:30,20220203,✔✨ DESCUBRE estas TÉCNICAS para CREAR DISEÑOS orgánicos en ▶ TUTORIAL
BO,408,16.1079,0:02:22,20220203,✔✨ DESCUBRE estas TÉCNICAS para CREAR DISEÑOS orgánicos en ▶ TUTORIAL
US,369,19.1791,0:03:07,20220203,✔✨ DESCUBRE estas TÉCNICAS para CREAR DISEÑOS orgánicos en ▶ TUTORIAL
DO,216,6.0882,0:01:41,20220203,✔✨ DESCUBRE estas TÉCNICAS para CREAR DISEÑOS orgánicos en ▶ TUTORIAL
ES,192,14.3876,0:04:29,20220203,✔✨ DESCUBRE estas TÉCNICAS para CREAR DISEÑOS orgánicos en ▶ TUTORIAL
BR,152,7.3559,0:02:54,20220203,✔✨ DESCUBRE estas TÉCNICAS para CREAR DISEÑOS orgánicos en ▶ TUTORIAL
CL,130,5.0766,0:02:20,20220203,✔✨ DESCUBRE estas TÉCNICAS para CREAR DISEÑOS orgánicos en ▶ TUTORIAL
GT,104,3.9855,0:02:17,20220203,✔✨ DESCUBRE estas TÉCNICAS para CREAR DISEÑOS orgánicos en ▶ TUTORIAL
PA,48,1.6675,0:02:05,20220203,✔✨ DESCUBRE estas TÉCNICAS para CREAR DISEÑOS orgánicos en ▶ TUTORIAL
HN,35,0.8498,0:01:27,20220203,✔✨ DESCUBRE estas TÉCNICAS para CREAR DISEÑOS orgánicos en ▶ TUTORIAL
SV,30,1.3203,0:02:38,20220203,✔✨ DESCUBRE estas TÉCNICAS para CREAR DISEÑOS orgánicos en ▶ TUTORIAL
PY,24,2.2149,0:05:32,20220203,✔✨ DESCUBRE estas TÉCNICAS para CREAR DISEÑOS orgánicos en ▶ TUTORIAL
ID,20,0.3357,0:01:00,20220203,✔✨ DESCUBRE estas TÉCNICAS para CREAR DISEÑOS orgánicos en ▶ TUTORIAL
NI,15,1.9182,0:07:40,20220203,✔✨ DESCUBRE estas TÉCNICAS para CREAR DISEÑOS orgánicos en ▶ TUTORIAL
IN,11,0.0614,0:00:20,20220203,✔✨ DESCUBRE estas TÉCNICAS para CREAR DISEÑOS orgánicos en ▶ TUTORIAL
CR,10,0.4118,0:02:28,20220203,✔✨ DESCUBRE estas TÉCNICAS para CREAR DISEÑOS orgánicos en ▶ TUTORIAL
Total,1867,84.2964,0:02:42,20210805,🔴 CorelDRAW MUST KNOWN Techniques for Beginners & Experts ▶ 3D LOGO TUTORIAL
MX,296,13.0,0:02:38,20210805,🔴 CorelDRAW MUST KNOWN Techniques for Beginners & Experts ▶ 3D LOGO TUTORIAL
CO,150,8.502,0:03:24,20210805,🔴 CorelDRAW MUST KNOWN Techniques for Beginners & Experts ▶ 3D LOGO TUTORIAL
PE,141,7.5359,0:03:12,20210805,🔴 CorelDRAW MUST KNOWN Techniques for Beginners & Experts ▶ 3D LOGO TUTORIAL
AR,124,5.5252,0:02:40,20210805,🔴 CorelDRAW MUST KNOWN Techniques for Beginners & Experts ▶ 3D LOGO TUTORIAL
ES,14,0.4927,0:02:06,20210805,🔴 CorelDRAW MUST KNOWN Techniques for Beginners & Experts ▶ 3D LOGO TUTORIAL
US,10,0.3754,0:02:15,20210805,🔴 CorelDRAW MUST KNOWN Techniques for Beginners & Experts ▶ 3D LOGO TUTORIAL
VE,0,0.0,,20210805,🔴 CorelDRAW MUST KNOWN Techniques for Beginners & Experts ▶ 3D LOGO TUTORIAL
Total,1811,142.3578,0:04:42,20210916,✒️APRENDE a ILUSTRAR ASÍ en CorelDRAW ✍️ TRUCOS & CONSEJOS CLAVE
MX,265,19.9292,0:04:30,20210916,✒️APRENDE a ILUSTRAR ASÍ en CorelDRAW ✍️ TRUCOS & CONSEJOS CLAVE
PE,164,10.5379,0:03:51,20210916,✒️APRENDE a ILUSTRAR ASÍ en CorelDRAW ✍️ TRUCOS & CONSEJOS CLAVE
CO,155,10.0033,0:03:52,20210916,✒️APRENDE a ILUSTRAR ASÍ en CorelDRAW ✍️ TRUCOS & CONSEJOS CLAVE
AR,92,5.4636,0:03:33,20210916,✒️APRENDE a ILUSTRAR ASÍ en CorelDRAW ✍️ TRUCOS & CONSEJOS CLAVE
ES,44,2.8817,0:03:55,20210916,✒️APRENDE a ILUSTRAR ASÍ en CorelDRAW ✍️ TRUCOS & CONSEJOS CLAVE
US,18,1.1917,0:03:58,20210916,✒️APRENDE a ILUSTRAR ASÍ en CorelDRAW ✍️ TRUCOS & CONSEJOS CLAVE
GT,10,0.3475,0:02:05,20210916,✒️APRENDE a ILUSTRAR ASÍ en CorelDRAW ✍️ TRUCOS & CONSEJOS CLAVE
Total,1018,35.7847,0:02:06,20210819,Tips BÁSICOS para CREAR LOGOS EFICIENTES ▶ TUTORIAL CorelDRAW
MX,84,3.041,0:02:10,20210819,Tips BÁSICOS para CREAR LOGOS EFICIENTES ▶ TUTORIAL CorelDRAW
CO,63,1.9891,0:01:53,20210819,Tips BÁSICOS para CREAR LOGOS EFICIENTES ▶ TUTORIAL CorelDRAW
PE,56,1.4943,0:01:36,20210819,Tips BÁSICOS para CREAR LOGOS EFICIENTES ▶ TUTORIAL CorelDRAW
AR,27,1.1229,0:02:29,20210819,Tips BÁSICOS para CREAR LOGOS EFICIENTES ▶ TUTORIAL CorelDRAW
Total,962,44.1079,0:02:45,20210921,🖱 EFECTO de PROYECCIÓN BÁSICA ▶ Tips para DISEÑAR en CorelDRAW
MX,128,4.7407,0:02:13,20210921,🖱 EFECTO de PROYECCIÓN BÁSICA ▶ Tips para DISEÑAR en CorelDRAW
CO,70,3.9468,0:03:22,20210921,🖱 EFECTO de PROYECCIÓN BÁSICA ▶ Tips para DISEÑAR en CorelDRAW
PE,50,1.7023,0:02:02,20210921,🖱 EFECTO de PROYECCIÓN BÁSICA ▶ Tips para DISEÑAR en CorelDRAW
AR,35,1.6405,0:02:48,20210921,🖱 EFECTO de PROYECCIÓN BÁSICA ▶ Tips para DISEÑAR en CorelDRAW
ES,0,0.0,,20210921,🖱 EFECTO de PROYECCIÓN BÁSICA ▶ Tips para DISEÑAR en CorelDRAW
Total,5936,243.6507,0:02:27,20210520,👉 Estas son las PRINCIPALES HERRAMIENTAS 🛠 de Corel Draw ▶
PE,90,3.0289,0:02:01,20210520,👉 Estas son las PRINCIPALES HERRAMIENTAS 🛠 de Corel Draw ▶
MX,89,3.0317,0:02:02,20210520,👉 Estas son las PRINCIPALES HERRAMIENTAS 🛠 de Corel Draw ▶
CO,51,2.5805,0:03:02,20210520,👉 Estas son las PRINCIPALES HERRAMIENTAS 🛠 de Corel Draw ▶
AR,25,0.5452,0:01:18,20210520,👉 Estas son las PRINCIPALES HERRAMIENTAS 🛠 de Corel Draw ▶
ES,14,0.4536,0:01:56,20210520,👉 Estas son las PRINCIPALES HERRAMIENTAS 🛠 de Corel Draw ▶
VE,10,0.2465,0:01:28,20210520,👉 Estas son las PRINCIPALES HERRAMIENTAS 🛠 de Corel Draw ▶
HN,0,0.0,,20210520,👉 Estas son las PRINCIPALES HERRAMIENTAS 🛠 de Corel Draw ▶
Total,939,47.1552,0:03:00,20210701,🔥 CorelDRAW BEST Techniques for BEGINNERS & EXPERTS Tutorial ▶ SnowFlake ❄ (2021) 👉🏼
MX,115,5.6134,0:02:55,20210701,🔥 CorelDRAW BEST Techniques for BEGINNERS & EXPERTS Tutorial ▶ SnowFlake ❄ (2021) 👉🏼
CO,69,3.4122,0:02:58,20210701,🔥 CorelDRAW BEST Techniques for BEGINNERS & EXPERTS Tutorial ▶ SnowFlake ❄ (2021) 👉🏼
PE,46,2.6836,0:03:30,20210701,🔥 CorelDRAW BEST Techniques for BEGINNERS & EXPERTS Tutorial ▶ SnowFlake ❄ (2021) 👉🏼
AR,37,2.0025,0:03:14,20210701,🔥 CorelDRAW BEST Techniques for BEGINNERS & EXPERTS Tutorial ▶ SnowFlake ❄ (2021) 👉🏼
DE,0,0.0,,20210701,🔥 CorelDRAW BEST Techniques for BEGINNERS & EXPERTS Tutorial ▶ SnowFlake ❄ (2021) 👉🏼
Total,476,2.4621,0:00:18,20210810,Quieres saber CÓMO se HACE este logo
MX,12,0.0757,0:00:22,20210810,Quieres saber CÓMO se HACE este logo
Total,1187,12.2984,0:00:37,20210819,Speedrun LOGO MAKER Tutorial (1min)
MX,84,0.7487,0:00:32,20210819,Speedrun LOGO MAKER Tutorial (1min)
CO,26,0.1934,0:00:26,20210819,Speedrun LOGO MAKER Tutorial (1min)
AR,24,0.2235,0:00:33,20210819,Speedrun LOGO MAKER Tutorial (1min)
PE,20,0.2052,0:00:36,20210819,Speedrun LOGO MAKER Tutorial (1min)
PY,12,0.2025,0:01:00,20210819,Speedrun LOGO MAKER Tutorial (1min)
Total,1697,80.1163,0:02:49,20210722,🔥 CorelDRAW GREAT Techniques for Beginners & Experts ▶ LOGO TUTORIAL (🌸+♻)
MX,172,7.7884,0:02:43,20210722,🔥 CorelDRAW GREAT Techniques for Beginners & Experts ▶ LOGO TUTORIAL (🌸+♻)
PE,92,5.78,0:03:46,20210722,🔥 CorelDRAW GREAT Techniques for Beginners & Experts ▶ LOGO TUTORIAL (🌸+♻)
CO,80,4.2485,0:03:11,20210722,🔥 CorelDRAW GREAT Techniques for Beginners & Experts ▶ LOGO TUTORIAL (🌸+♻)
AR,50,3.7483,0:04:29,20210722,🔥 CorelDRAW GREAT Techniques for Beginners & Experts ▶ LOGO TUTORIAL (🌸+♻)
ID,21,0.3386,0:00:58,20210722,🔥 CorelDRAW GREAT Techniques for Beginners & Experts ▶ LOGO TUTORIAL (🌸+♻)
ES,15,0.6346,0:02:32,20210722,🔥 CorelDRAW GREAT Techniques for Beginners & Experts ▶ LOGO TUTORIAL (🌸+♻)
VE,0,0.0,,20210722,🔥 CorelDRAW GREAT Techniques for Beginners & Experts ▶ LOGO TUTORIAL (🌸+♻)
Total,1486,66.1176,0:02:40,20210812,🔥 CorelDRAW KEY Techniques for Beginners & Experts ▶ LOGO TUTORIAL
MX,205,9.9462,0:02:54,20210812,🔥 CorelDRAW KEY Techniques for Beginners & Experts ▶ LOGO TUTORIAL
CO,150,7.0039,0:02:48,20210812,🔥 CorelDRAW KEY Techniques for Beginners & Experts ▶ LOGO TUTORIAL
PE,140,6.7711,0:02:54,20210812,🔥 CorelDRAW KEY Techniques for Beginners & Experts ▶ LOGO TUTORIAL
AR,28,1.4728,0:03:09,20210812,🔥 CorelDRAW KEY Techniques for Beginners & Experts ▶ LOGO TUTORIAL
ES,13,0.2362,0:01:05,20210812,🔥 CorelDRAW KEY Techniques for Beginners & Experts ▶ LOGO TUTORIAL
VE,12,0.7641,0:03:49,20210812,🔥 CorelDRAW KEY Techniques for Beginners & Experts ▶ LOGO TUTORIAL
BR,0,0.0,,20210812,🔥 CorelDRAW KEY Techniques for Beginners & Experts ▶ LOGO TUTORIAL
Total,1759,101.0199,0:03:26,20211026,🐝 ESTA es la FORMA INTELIGENTE 😱 de usar la GEOMETRÍA para DISEÑAR ▶ CorelDRAW
MX,350,19.394,0:03:19,20211026,🐝 ESTA es la FORMA INTELIGENTE 😱 de usar la GEOMETRÍA para DISEÑAR ▶ CorelDRAW
PE,174,9.8747,0:03:24,20211026,🐝 ESTA es la FORMA INTELIGENTE 😱 de usar la GEOMETRÍA para DISEÑAR ▶ CorelDRAW
CO,159,9.2985,0:03:30,20211026,🐝 ESTA es la FORMA INTELIGENTE 😱 de usar la GEOMETRÍA para DISEÑAR ▶ CorelDRAW
AR,96,4.1483,0:02:35,20211026,🐝 ESTA es la FORMA INTELIGENTE 😱 de usar la GEOMETRÍA para DISEÑAR ▶ CorelDRAW
ES,41,1.6633,0:02:26,20211026,🐝 ESTA es la FORMA INTELIGENTE 😱 de usar la GEOMETRÍA para DISEÑAR ▶ CorelDRAW
US,32,1.7504,0:03:16,20211026,🐝 ESTA es la FORMA INTELIGENTE 😱 de usar la GEOMETRÍA para DISEÑAR ▶ CorelDRAW
VE,17,0.7664,0:02:42,20211026,🐝 ESTA es la FORMA INTELIGENTE 😱 de usar la GEOMETRÍA para DISEÑAR ▶ CorelDRAW
BO,11,1.1929,0:06:30,20211026,🐝 ESTA es la FORMA INTELIGENTE 😱 de usar la GEOMETRÍA para DISEÑAR ▶ CorelDRAW
CL,11,0.7555,0:04:07,20211026,🐝 ESTA es la FORMA INTELIGENTE 😱 de usar la GEOMETRÍA para DISEÑAR ▶ CorelDRAW
IN,10,0.1013,0:00:36,20211026,🐝 ESTA es la FORMA INTELIGENTE 😱 de usar la GEOMETRÍA para DISEÑAR ▶ CorelDRAW
Total,584,5.8118,0:00:35,20210924,😊  Te ENSEÑO archivo de Trabajo en CorelDRAW
MX,74,0.7323,0:00:35,20210924,😊  Te ENSEÑO archivo de Trabajo en CorelDRAW
CO,46,0.5403,0:00:42,20210924,😊  Te ENSEÑO archivo de Trabajo en CorelDRAW
PE,42,0.4707,0:00:40,20210924,😊  Te ENSEÑO archivo de Trabajo en CorelDRAW
AR,12,0.0964,0:00:28,20210924,😊  Te ENSEÑO archivo de Trabajo en CorelDRAW
ES,10,0.0846,0:00:30,20210924,😊  Te ENSEÑO archivo de Trabajo en CorelDRAW
Total,1609,70.5007,0:02:37,20210706,🔥 CorelDRAW Best Geometry Tricks Logo TUTORIAL ▶▶ MICROSOFT EDGE 👉🏼
MX,164,6.7154,0:02:27,20210706,🔥 CorelDRAW Best Geometry Tricks Logo TUTORIAL ▶▶ MICROSOFT EDGE 👉🏼
CO,85,4.0099,0:02:49,20210706,🔥 CorelDRAW Best Geometry Tricks Logo TUTORIAL ▶▶ MICROSOFT EDGE 👉🏼
PE,83,4.261,0:03:04,20210706,🔥 CorelDRAW Best Geometry Tricks Logo TUTORIAL ▶▶ MICROSOFT EDGE 👉🏼
AR,55,2.1933,0:02:23,20210706,🔥 CorelDRAW Best Geometry Tricks Logo TUTORIAL ▶▶ MICROSOFT EDGE 👉🏼
Total,3674,234.8777,0:03:50,20220217,😎 DOMINA estas TÉCNICAS de DISEÑO para CREAR LOGOS en CorelDRAW ▶ TUTORIAL
MX,614,33.6147,0:03:17,20220217,😎 DOMINA estas TÉCNICAS de DISEÑO para CREAR LOGOS en CorelDRAW ▶ TUTORIAL
PE,401,24.4291,0:03:39,20220217,😎 DOMINA estas TÉCNICAS de DISEÑO para CREAR LOGOS en CorelDRAW ▶ TUTORIAL
CO,281,20.8397,0:04:26,20220217,😎 DOMINA estas TÉCNICAS de DISEÑO para CREAR LOGOS en CorelDRAW ▶ TUTORIAL
AR,133,7.2932,0:03:17,20220217,😎 DOMINA estas TÉCNICAS de DISEÑO para CREAR LOGOS en CorelDRAW ▶ TUTORIAL
US,94,3.8992,0:02:29,20220217,😎 DOMINA estas TÉCNICAS de DISEÑO para CREAR LOGOS en CorelDRAW ▶ TUTORIAL
ES,55,3.4073,0:03:43,20220217,😎 DOMINA estas TÉCNICAS de DISEÑO para CREAR LOGOS en CorelDRAW ▶ TUTORIAL
BO,46,1.568,0:02:02,20220217,😎 DOMINA estas TÉCNICAS de DISEÑO para CREAR LOGOS en CorelDRAW ▶ TUTORIAL
EC,42,1.9505,0:02:47,20220217,😎 DOMINA estas TÉCNICAS de DISEÑO para CREAR LOGOS en CorelDRAW ▶ TUTORIAL
ID,41,0.6691,0:00:58,20220217,😎 DOMINA estas TÉCNICAS de DISEÑO para CREAR LOGOS en CorelDRAW ▶ TUTORIAL
VE,33,2.4057,0:04:22,20220217,😎 DOMINA estas TÉCNICAS de DISEÑO para CREAR LOGOS en CorelDRAW ▶ TUTORIAL
BR,21,1.5496,0:04:25,20220217,😎 DOMINA estas TÉCNICAS de DISEÑO para CREAR LOGOS en CorelDRAW ▶ TUTORIAL
CL,12,0.4841,0:02:25,20220217,😎 DOMINA estas TÉCNICAS de DISEÑO para CREAR LOGOS en CorelDRAW ▶ TUTORIAL
HN,12,0.2605,0:01:18,20220217,😎 DOMINA estas TÉCNICAS de DISEÑO para CREAR LOGOS en CorelDRAW ▶ TUTORIAL
SV,11,0.7523,0:04:06,20220217,😎 DOMINA estas TÉCNICAS de DISEÑO para CREAR LOGOS en CorelDRAW ▶ TUTORIAL
DO,10,0.5602,0:03:21,20220217,😎 DOMINA estas TÉCNICAS de DISEÑO para CREAR LOGOS en CorelDRAW ▶ TUTORIAL
Total,2699,242.7542,0:05:23,20220322,✨✔ CONOCE el PASO a PASO para CREAR este LOGO en CorelDRAW ▶ TUTORIAL
MX,297,16.8578,0:03:24,20220322,✨✔ CONOCE el PASO a PASO para CREAR este LOGO en CorelDRAW ▶ TUTORIAL
PE,194,13.8666,0:04:17,20220322,✨✔ CONOCE el PASO a PASO para CREAR este LOGO en CorelDRAW ▶ TUTORIAL
CO,161,13.9203,0:05:11,20220322,✨✔ CONOCE el PASO a PASO para CREAR este LOGO en CorelDRAW ▶ TUTORIAL
AR,63,6.6418,0:06:19,20220322,✨✔ CONOCE el PASO a PASO para CREAR este LOGO en CorelDRAW ▶ TUTORIAL
ES,29,3.3563,0:06:56,20220322,✨✔ CONOCE el PASO a PASO para CREAR este LOGO en CorelDRAW ▶ TUTORIAL
VE,23,2.7265,0:07:06,20220322,✨✔ CONOCE el PASO a PASO para CREAR este LOGO en CorelDRAW ▶ TUTORIAL
BO,21,0.9423,0:02:41,20220322,✨✔ CONOCE el PASO a PASO para CREAR este LOGO en CorelDRAW ▶ TUTORIAL
US,14,0.506,0:02:10,20220322,✨✔ CONOCE el PASO a PASO para CREAR este LOGO en CorelDRAW ▶ TUTORIAL
DO,10,1.1034,0:06:37,20220322,✨✔ CONOCE el PASO a PASO para CREAR este LOGO en CorelDRAW ▶ TUTORIAL
Total,1575,13.1204,0:00:29,20220225,🏃🏼_♂️🚴🏼_♂️Así CREAS LOGOS en CorelDRAW como un PRO
MX,179,1.9196,0:00:38,20220225,🏃🏼_♂️🚴🏼_♂️Así CREAS LOGOS en CorelDRAW como un PRO
AR,47,0.2484,0:00:19,20220225,🏃🏼_♂️🚴🏼_♂️Así CREAS LOGOS en CorelDRAW como un PRO
CO,38,0.2332,0:00:22,20220225,🏃🏼_♂️🚴🏼_♂️Así CREAS LOGOS en CorelDRAW como un PRO
PE,26,0.1705,0:00:23,20220225,🏃🏼_♂️🚴🏼_♂️Así CREAS LOGOS en CorelDRAW como un PRO
CL,12,0.0534,0:00:16,20220225,🏃🏼_♂️🚴🏼_♂️Así CREAS LOGOS en CorelDRAW como un PRO
ES,12,0.1059,0:00:31,20220225,🏃🏼_♂️🚴🏼_♂️Así CREAS LOGOS en CorelDRAW como un PRO
EC,10,0.0715,0:00:25,20220225,🏃🏼_♂️🚴🏼_♂️Así CREAS LOGOS en CorelDRAW como un PRO
Total,891,34.521,0:02:19,20210708,🔥 CorelDRAW BEST Techniques for Beginner & Experts TUTORIAL ▶ S Loop (2021) 👉🏼
MX,89,3.4486,0:02:19,20210708,🔥 CorelDRAW BEST Techniques for Beginner & Experts TUTORIAL ▶ S Loop (2021) 👉🏼
PE,52,1.504,0:01:44,20210708,🔥 CorelDRAW BEST Techniques for Beginner & Experts TUTORIAL ▶ S Loop (2021) 👉🏼
CO,50,2.4172,0:02:54,20210708,🔥 CorelDRAW BEST Techniques for Beginner & Experts TUTORIAL ▶ S Loop (2021) 👉🏼
AR,27,1.67,0:03:42,20210708,🔥 CorelDRAW BEST Techniques for Beginner & Experts TUTORIAL ▶ S Loop (2021) 👉🏼
Total,1796,89.6495,0:02:59,20211021,✒️ + 🐧Aprende a COMBINAR CONCEPTOS 😏 para DISEÑAR en CorelDRAW
MX,304,15.7767,0:03:06,20211021,✒️ + 🐧Aprende a COMBINAR CONCEPTOS 😏 para DISEÑAR en CorelDRAW
PE,180,10.9829,0:03:39,20211021,✒️ + 🐧Aprende a COMBINAR CONCEPTOS 😏 para DISEÑAR en CorelDRAW
CO,178,7.9979,0:02:41,20211021,✒️ + 🐧Aprende a COMBINAR CONCEPTOS 😏 para DISEÑAR en CorelDRAW
AR,106,4.2614,0:02:24,20211021,✒️ + 🐧Aprende a COMBINAR CONCEPTOS 😏 para DISEÑAR en CorelDRAW
ES,40,2.0643,0:03:05,20211021,✒️ + 🐧Aprende a COMBINAR CONCEPTOS 😏 para DISEÑAR en CorelDRAW
US,30,1.1007,0:02:12,20211021,✒️ + 🐧Aprende a COMBINAR CONCEPTOS 😏 para DISEÑAR en CorelDRAW
VE,10,0.78,0:04:40,20211021,✒️ + 🐧Aprende a COMBINAR CONCEPTOS 😏 para DISEÑAR en CorelDRAW
Total,1430,78.4329,0:03:17,20210729,🔥 CorelDRAW AMAZING Techniques for Beginners & Experts ▶ LOGO TUTORIAL
MX,106,6.4911,0:03:40,20210729,🔥 CorelDRAW AMAZING Techniques for Beginners & Experts ▶ LOGO TUTORIAL
CO,75,4.6889,0:03:45,20210729,🔥 CorelDRAW AMAZING Techniques for Beginners & Experts ▶ LOGO TUTORIAL
PE,59,3.6936,0:03:45,20210729,🔥 CorelDRAW AMAZING Techniques for Beginners & Experts ▶ LOGO TUTORIAL
AR,51,2.9413,0:03:27,20210729,🔥 CorelDRAW AMAZING Techniques for Beginners & Experts ▶ LOGO TUTORIAL
ES,11,0.4108,0:02:14,20210729,🔥 CorelDRAW AMAZING Techniques for Beginners & Experts ▶ LOGO TUTORIAL
