ciudades,nombre_de_la_ciudad,visualizaciones,tiempo_de_visualizacion_(horas),duracion_media_de_las_visualizaciones,fecha_publicacion,nombre_video
Total,,1594,62.1296,0:02:20,20210826,🔗 LOGO TUTORIAL CorelDRAW ›BASIC‹ Tips & Tricks 💚 for Beginners & Experts
0x9105c5f619ee3ec7:0x14206cb9cc452e4a,Lima,50,1.3991,0:01:40,20210826,🔗 LOGO TUTORIAL CorelDRAW ›BASIC‹ Tips & Tricks 💚 for Beginners & Experts
0x85ce0026db097507:0x54061076265ee841,Ciudad de México,23,0.5062,0:01:19,20210826,🔗 LOGO TUTORIAL CorelDRAW ›BASIC‹ Tips & Tricks 💚 for Beginners & Experts
0x8e3f9bfd2da6cb29:0x239d635520a33914,Bogotá,11,0.8088,0:04:24,20210826,🔗 LOGO TUTORIAL CorelDRAW ›BASIC‹ Tips & Tricks 💚 for Beginners & Experts
Total,,13062,589.1126,0:02:42,20220118,🤯 APRENDE a DISEÑAR LOGOS con ESTA TÉCNICA SECRETA en CorelDRAW
0x9105c5f619ee3ec7:0x14206cb9cc452e4a,Lima,738,36.557,0:02:58,20220118,🤯 APRENDE a DISEÑAR LOGOS con ESTA TÉCNICA SECRETA en CorelDRAW
0x85ce0026db097507:0x54061076265ee841,Ciudad de México,422,20.2521,0:02:52,20220118,🤯 APRENDE a DISEÑAR LOGOS con ESTA TÉCNICA SECRETA en CorelDRAW
0x8e3f9bfd2da6cb29:0x239d635520a33914,Bogotá,223,11.1969,0:03:00,20220118,🤯 APRENDE a DISEÑAR LOGOS con ESTA TÉCNICA SECRETA en CorelDRAW
0x8589a180655c3345:0x4a72c7815b867b25,Ciudad de Guatemala,141,3.9895,0:01:41,20220118,🤯 APRENDE a DISEÑAR LOGOS con ESTA TÉCNICA SECRETA en CorelDRAW
0x915edf0a04f5a40f:0x57dbfc76b4458ab3,La Paz,138,6.6397,0:02:53,20220118,🤯 APRENDE a DISEÑAR LOGOS con ESTA TÉCNICA SECRETA en CorelDRAW
0x93f1e81ca7c01a63:0x5c8b0a53a467611b,Santa Cruz de la Sierra,123,3.6136,0:01:45,20220118,🤯 APRENDE a DISEÑAR LOGOS con ESTA TÉCNICA SECRETA en CorelDRAW
0x91d59a4002427c9f:0x44b991e158ef5572,Quito,95,3.5807,0:02:15,20220118,🤯 APRENDE a DISEÑAR LOGOS con ESTA TÉCNICA SECRETA en CorelDRAW
0x902d13cbe855805f:0x8015a492f4fca473,Guayaquil,82,2.9205,0:02:08,20220118,🤯 APRENDE a DISEÑAR LOGOS con ESTA TÉCNICA SECRETA en CorelDRAW
0x8faca8f1dbe80363:0xaba25df1f042c10e,Panamá,53,1.4195,0:01:36,20220118,🤯 APRENDE a DISEÑAR LOGOS con ESTA TÉCNICA SECRETA en CorelDRAW
0x85cfc0bd5ebc7a3b:0x48a6461de494ad95,Heroica Puebla de Zaragoza,44,1.6323,0:02:13,20220118,🤯 APRENDE a DISEÑAR LOGOS con ESTA TÉCNICA SECRETA en CorelDRAW
0x9662c5410425af2f:0x8475d53c400f0931,Santiago,39,1.5191,0:02:20,20220118,🤯 APRENDE a DISEÑAR LOGOS con ESTA TÉCNICA SECRETA en CorelDRAW
0x8eaf89f1107ea5ab:0xd6c587b82715c164,Santo Domingo,38,1.2383,0:01:57,20220118,🤯 APRENDE a DISEÑAR LOGOS con ESTA TÉCNICA SECRETA en CorelDRAW
0x91ad3d7fe3fae92d:0xd3bc7d125d4e8508,Trujillo,33,0.9988,0:01:48,20220118,🤯 APRENDE a DISEÑAR LOGOS con ESTA TÉCNICA SECRETA en CorelDRAW
0x8428b18cb52fd39b:0xd63d9302bf865750,Guadalajara,23,1.0637,0:02:46,20220118,🤯 APRENDE a DISEÑAR LOGOS con ESTA TÉCNICA SECRETA en CorelDRAW
0x86629531b437f8f5:0xa3d3d3ca6ac89894,Monterrey,17,0.3455,0:01:13,20220118,🤯 APRENDE a DISEÑAR LOGOS con ESTA TÉCNICA SECRETA en CorelDRAW
0x95bcca3b4ef90cbd:0xa0b3812e88e88e87,Buenos Aires,15,0.2205,0:00:52,20220118,🤯 APRENDE a DISEÑAR LOGOS con ESTA TÉCNICA SECRETA en CorelDRAW
0x3755b8b087026b81:0x8fa563bbdd5904c2,Daca,12,0.0509,0:00:15,20220118,🤯 APRENDE a DISEÑAR LOGOS con ESTA TÉCNICA SECRETA en CorelDRAW
0x8f633067b411775d:0x1f75978893fb5c96,San Salvador,12,0.3815,0:01:54,20220118,🤯 APRENDE a DISEÑAR LOGOS con ESTA TÉCNICA SECRETA en CorelDRAW
0x85d1f21c72f777a1:0x4cd4540a42b26680,Ecatepec de Morelos,11,0.537,0:02:55,20220118,🤯 APRENDE a DISEÑAR LOGOS con ESTA TÉCNICA SECRETA en CorelDRAW
0x8f71560dd907880b:0x6c5ef4a2144f4c6a,Managua,11,0.3055,0:01:39,20220118,🤯 APRENDE a DISEÑAR LOGOS con ESTA TÉCNICA SECRETA en CorelDRAW
0x80d9390226587bd3:0x14724bafa4e62456,Tijuana,10,0.1158,0:00:41,20220118,🤯 APRENDE a DISEÑAR LOGOS con ESTA TÉCNICA SECRETA en CorelDRAW
0x85d1fca946577449:0x791d23070fe4cf48,Nezahualcóyotl,10,0.4175,0:02:30,20220118,🤯 APRENDE a DISEÑAR LOGOS con ESTA TÉCNICA SECRETA en CorelDRAW
0x86e75ecb3d0b329d:0xb196100549c7974,Ciudad Juárez,10,0.2089,0:01:15,20220118,🤯 APRENDE a DISEÑAR LOGOS con ESTA TÉCNICA SECRETA en CorelDRAW
0x89c24fa5d33f083b:0xc80b8f06e177fe62,Nueva York,10,0.1794,0:01:04,20220118,🤯 APRENDE a DISEÑAR LOGOS con ESTA TÉCNICA SECRETA en CorelDRAW
0x8f6fa2babf743d51:0x68cf2238206ac9d3,Tegucigalpa,10,0.1072,0:00:38,20220118,🤯 APRENDE a DISEÑAR LOGOS con ESTA TÉCNICA SECRETA en CorelDRAW
0x91086d5a5ee8c7a9:0x9034500fa5fbc3ad,Cerro De Pasco,0,0.0,,20220118,🤯 APRENDE a DISEÑAR LOGOS con ESTA TÉCNICA SECRETA en CorelDRAW
0x91b25afd3fc7d087:0xea80a2b94d876b2b,Cajamarca,0,0.0,,20220118,🤯 APRENDE a DISEÑAR LOGOS con ESTA TÉCNICA SECRETA en CorelDRAW
0xd2e7cfcf174574d:0x6a47350d095cdfee,A Coruña,0,0.0,,20220118,🤯 APRENDE a DISEÑAR LOGOS con ESTA TÉCNICA SECRETA en CorelDRAW
Total,,2181,113.9934,0:03:08,20211111,🧐 La TABLETA GRÁFICA más BARATA y VENDIDA ¿Merece la pena_ Review VEIKK S640
0x9105c5f619ee3ec7:0x14206cb9cc452e4a,Lima,30,1.8936,0:03:47,20211111,🧐 La TABLETA GRÁFICA más BARATA y VENDIDA ¿Merece la pena_ Review VEIKK S640
0x85ce0026db097507:0x54061076265ee841,Ciudad de México,14,1.2249,0:05:14,20211111,🧐 La TABLETA GRÁFICA más BARATA y VENDIDA ¿Merece la pena_ Review VEIKK S640
0x85d1f8766c8d1063:0x991824bf7645cdf6,Tlalnepantla de Baz,0,0.0,,20211111,🧐 La TABLETA GRÁFICA más BARATA y VENDIDA ¿Merece la pena_ Review VEIKK S640
Total,,2047,173.0057,0:05:04,20220419,🤯 CONSEJOS PRÁCTICOS para CREAR LOGOS en CorelDRAW ▶ TUTORIAL
0x9105c5f619ee3ec7:0x14206cb9cc452e4a,Lima,58,5.1981,0:05:22,20220419,🤯 CONSEJOS PRÁCTICOS para CREAR LOGOS en CorelDRAW ▶ TUTORIAL
0x8e3f9bfd2da6cb29:0x239d635520a33914,Bogotá,31,1.532,0:02:57,20220419,🤯 CONSEJOS PRÁCTICOS para CREAR LOGOS en CorelDRAW ▶ TUTORIAL
0x85ce0026db097507:0x54061076265ee841,Ciudad de México,27,1.5609,0:03:28,20220419,🤯 CONSEJOS PRÁCTICOS para CREAR LOGOS en CorelDRAW ▶ TUTORIAL
Total,,1322,55.4837,0:02:31,20210902,CorelDRAW MAGIC ››Text EFFECT‹‹ 🌟 TIPS Tutorial ▶
0x9105c5f619ee3ec7:0x14206cb9cc452e4a,Lima,17,0.7409,0:02:36,20210902,CorelDRAW MAGIC ››Text EFFECT‹‹ 🌟 TIPS Tutorial ▶
0x85ce0026db097507:0x54061076265ee841,Ciudad de México,16,0.8803,0:03:18,20210902,CorelDRAW MAGIC ››Text EFFECT‹‹ 🌟 TIPS Tutorial ▶
0x8e3f9bfd2da6cb29:0x239d635520a33914,Bogotá,12,0.8169,0:04:05,20210902,CorelDRAW MAGIC ››Text EFFECT‹‹ 🌟 TIPS Tutorial ▶
0x12a4b518d7addc71:0xd6b932f372b5918,Mataró,0,0.0,,20210902,CorelDRAW MAGIC ››Text EFFECT‹‹ 🌟 TIPS Tutorial ▶
0x8e666ca49582d39f:0xe35525b271c7ef85,San Cristóbal,0,0.0,,20210902,CorelDRAW MAGIC ››Text EFFECT‹‹ 🌟 TIPS Tutorial ▶
Total,,840,8.3036,0:00:35,20210725,🐙 LOGOTIPO + ILUSTRACIÓN Speedrun SHORT en Corel DRAW
Total,,796,36.2929,0:02:44,20210629,⚡ CorelDRAW BEST Techniques for BEGINNERS & EXPERTS TUTORIAL YIN YANG TUTORIAL (2021) ☯
0x9167f3e5361625b9:0x2a1629113760cbfc,Juliaca,0,0.0,,20210629,⚡ CorelDRAW BEST Techniques for BEGINNERS & EXPERTS TUTORIAL YIN YANG TUTORIAL (2021) ☯
Total,,2948,222.2494,0:04:31,20211109,🧐 Te ENSEÑO estas TÉCNICAS de DIBUJO para DISEÑAR en CorelDRAW 🏠 ► TUTORIAL
0x9105c5f619ee3ec7:0x14206cb9cc452e4a,Lima,68,6.593,0:05:49,20211109,🧐 Te ENSEÑO estas TÉCNICAS de DIBUJO para DISEÑAR en CorelDRAW 🏠 ► TUTORIAL
0x85ce0026db097507:0x54061076265ee841,Ciudad de México,39,3.3384,0:05:08,20211109,🧐 Te ENSEÑO estas TÉCNICAS de DIBUJO para DISEÑAR en CorelDRAW 🏠 ► TUTORIAL
0x8e3f9bfd2da6cb29:0x239d635520a33914,Bogotá,17,1.8317,0:06:27,20211109,🧐 Te ENSEÑO estas TÉCNICAS de DIBUJO para DISEÑAR en CorelDRAW 🏠 ► TUTORIAL
0x910e964104fb82f1:0xf8e45b61c55982fa,Huancayo,0,0.0,,20211109,🧐 Te ENSEÑO estas TÉCNICAS de DIBUJO para DISEÑAR en CorelDRAW 🏠 ► TUTORIAL
0x91127d88f5b2bee9:0xe9b3cb843a70a16e,Ayacucho,0,0.0,,20211109,🧐 Te ENSEÑO estas TÉCNICAS de DIBUJO para DISEÑAR en CorelDRAW 🏠 ► TUTORIAL
0x91424b2773cb5e5d:0x58f3d5dd63505554,José Luis Bustamante y Rivero,0,0.0,,20211109,🧐 Te ENSEÑO estas TÉCNICAS de DIBUJO para DISEÑAR en CorelDRAW 🏠 ► TUTORIAL
Total,,722,4.5453,0:00:22,20211122,¿Puedes adivinar lo que es_ DelcaVideography #short
0x85ee7b7f08773a91:0x72204fd3f1183c66,Nacajuca,26,0.2378,0:00:32,20211122,¿Puedes adivinar lo que es_ DelcaVideography #short
0x85ce0026db097507:0x54061076265ee841,Ciudad de México,12,0.0785,0:00:23,20211122,¿Puedes adivinar lo que es_ DelcaVideography #short
Total,,6466,570.5199,0:05:17,20220125,🔥 Sigue esta ESTRATEGIA para CREAR tus LOGOS (Bien EXPLICADO⚡) en CorelDRAW
0x9105c5f619ee3ec7:0x14206cb9cc452e4a,Lima,254,16.1555,0:03:48,20220125,🔥 Sigue esta ESTRATEGIA para CREAR tus LOGOS (Bien EXPLICADO⚡) en CorelDRAW
0x3109513dc76a6be3:0x9c010ee85ab525bb,Nom Pen,104,1.4289,0:00:49,20220125,🔥 Sigue esta ESTRATEGIA para CREAR tus LOGOS (Bien EXPLICADO⚡) en CorelDRAW
0x8e3f9bfd2da6cb29:0x239d635520a33914,Bogotá,78,7.4957,0:05:45,20220125,🔥 Sigue esta ESTRATEGIA para CREAR tus LOGOS (Bien EXPLICADO⚡) en CorelDRAW
0x85ce0026db097507:0x54061076265ee841,Ciudad de México,55,4.6281,0:05:02,20220125,🔥 Sigue esta ESTRATEGIA para CREAR tus LOGOS (Bien EXPLICADO⚡) en CorelDRAW
0x85cfc0bd5ebc7a3b:0x48a6461de494ad95,Heroica Puebla de Zaragoza,12,0.4969,0:02:29,20220125,🔥 Sigue esta ESTRATEGIA para CREAR tus LOGOS (Bien EXPLICADO⚡) en CorelDRAW
0x915edf0a04f5a40f:0x57dbfc76b4458ab3,La Paz,12,0.7217,0:03:36,20220125,🔥 Sigue esta ESTRATEGIA para CREAR tus LOGOS (Bien EXPLICADO⚡) en CorelDRAW
0x91d59a4002427c9f:0x44b991e158ef5572,Quito,11,0.6765,0:03:41,20220125,🔥 Sigue esta ESTRATEGIA para CREAR tus LOGOS (Bien EXPLICADO⚡) en CorelDRAW
0x959f80ffc63bf7d3:0x6b321b2e355bec99,Montevideo,11,0.011,0:00:03,20220125,🔥 Sigue esta ESTRATEGIA para CREAR tus LOGOS (Bien EXPLICADO⚡) en CorelDRAW
0x842aa20005acfb79:0xed2ee29afe18257,San Luis Potosí,0,0.0,,20220125,🔥 Sigue esta ESTRATEGIA para CREAR tus LOGOS (Bien EXPLICADO⚡) en CorelDRAW
0x842ac1a6259587eb:0xfa67a16b73e15ed0,Villa de Reyes,0,0.0,,20220125,🔥 Sigue esta ESTRATEGIA para CREAR tus LOGOS (Bien EXPLICADO⚡) en CorelDRAW
0x916dd5d826598431:0x2aa996cc2318315d,Cusco,0,0.0,,20220125,🔥 Sigue esta ESTRATEGIA para CREAR tus LOGOS (Bien EXPLICADO⚡) en CorelDRAW
0x94dce35351cdb3dd:0x6d2f6ba5bacbe809,Curitiba,0,0.0,,20220125,🔥 Sigue esta ESTRATEGIA para CREAR tus LOGOS (Bien EXPLICADO⚡) en CorelDRAW
0x9662c5410425af2f:0x8475d53c400f0931,Santiago,0,0.0,,20220125,🔥 Sigue esta ESTRATEGIA para CREAR tus LOGOS (Bien EXPLICADO⚡) en CorelDRAW
Total,,951,41.2375,0:02:36,20220215,🔥 Cómo CREAR una INTRO para tu CANAL de YOUTUBE 💗 en un PAR de MINUTOS ▶ TUTORIAL
0x9105c5f619ee3ec7:0x14206cb9cc452e4a,Lima,35,1.2979,0:02:13,20220215,🔥 Cómo CREAR una INTRO para tu CANAL de YOUTUBE 💗 en un PAR de MINUTOS ▶ TUTORIAL
0x85ce0026db097507:0x54061076265ee841,Ciudad de México,16,0.4709,0:01:45,20220215,🔥 Cómo CREAR una INTRO para tu CANAL de YOUTUBE 💗 en un PAR de MINUTOS ▶ TUTORIAL
0x8e3f9bfd2da6cb29:0x239d635520a33914,Bogotá,13,0.681,0:03:08,20220215,🔥 Cómo CREAR una INTRO para tu CANAL de YOUTUBE 💗 en un PAR de MINUTOS ▶ TUTORIAL
Total,,827,6.4061,0:00:27,20220228,🏃🏼_♂️🚴🏼_♂️ Creación de DISEÑO CREATIVO de LOGOS _ DelcaVideography ▶ Short
Total,,828,17.2807,0:01:15,20211002,😎 Este CONSEJO MEJORARÁ tu EXPERIENCIA con mis TUTORIALES
0x9105c5f619ee3ec7:0x14206cb9cc452e4a,Lima,18,0.3511,0:01:10,20211002,😎 Este CONSEJO MEJORARÁ tu EXPERIENCIA con mis TUTORIALES
0x85ce0026db097507:0x54061076265ee841,Ciudad de México,12,0.1892,0:00:56,20211002,😎 Este CONSEJO MEJORARÁ tu EXPERIENCIA con mis TUTORIALES
0x8e3f9bfd2da6cb29:0x239d635520a33914,Bogotá,11,0.3882,0:02:07,20211002,😎 Este CONSEJO MEJORARÁ tu EXPERIENCIA con mis TUTORIALES
Total,,2344,95.3512,0:02:26,20210601,Cómo CONVERTIR CLIPS DE VIDEO a GIF ANIMADOS usando Vegas PRO
Total,,711,6.5255,0:00:33,20210726,🦊🏃_♀️ The Fox Design SHORT
Total,,1881,111.3451,0:03:33,20220301,✔💪🏼 Sigue estas TÉCNICAS para CREAR LOGOS en CorelDRAW ▶ TUTORIAL
0x9105c5f619ee3ec7:0x14206cb9cc452e4a,Lima,79,3.7016,0:02:48,20220301,✔💪🏼 Sigue estas TÉCNICAS para CREAR LOGOS en CorelDRAW ▶ TUTORIAL
0x85ce0026db097507:0x54061076265ee841,Ciudad de México,27,2.4085,0:05:21,20220301,✔💪🏼 Sigue estas TÉCNICAS para CREAR LOGOS en CorelDRAW ▶ TUTORIAL
0x8e3f9bfd2da6cb29:0x239d635520a33914,Bogotá,17,0.6819,0:02:24,20220301,✔💪🏼 Sigue estas TÉCNICAS para CREAR LOGOS en CorelDRAW ▶ TUTORIAL
0xbdf2d9707a606cb7:0x4585918d052fa581,Coyhaique,0,0.0,,20220301,✔💪🏼 Sigue estas TÉCNICAS para CREAR LOGOS en CorelDRAW ▶ TUTORIAL
Total,,918,4.2187,0:00:16,20211215,👌🏼 Te DOY un TRUCO SECRETO 🤯 para HACER INTROS INCREÍBLES y en POCOS PASOS
0x9105c5f619ee3ec7:0x14206cb9cc452e4a,Lima,22,0.102,0:00:16,20211215,👌🏼 Te DOY un TRUCO SECRETO 🤯 para HACER INTROS INCREÍBLES y en POCOS PASOS
0x8e3f9bfd2da6cb29:0x239d635520a33914,Bogotá,16,0.07,0:00:15,20211215,👌🏼 Te DOY un TRUCO SECRETO 🤯 para HACER INTROS INCREÍBLES y en POCOS PASOS
0x85ce0026db097507:0x54061076265ee841,Ciudad de México,10,0.0406,0:00:14,20211215,👌🏼 Te DOY un TRUCO SECRETO 🤯 para HACER INTROS INCREÍBLES y en POCOS PASOS
Total,,961,36.8612,0:02:18,20211005,👌🏼 EASY Design LOGO Process in CorelDRAW ▶ BEST Tips and Tricks 
0x9105c5f619ee3ec7:0x14206cb9cc452e4a,Lima,28,1.0342,0:02:12,20211005,👌🏼 EASY Design LOGO Process in CorelDRAW ▶ BEST Tips and Tricks 
0x8e3f9bfd2da6cb29:0x239d635520a33914,Bogotá,24,0.9418,0:02:21,20211005,👌🏼 EASY Design LOGO Process in CorelDRAW ▶ BEST Tips and Tricks 
0x85ce0026db097507:0x54061076265ee841,Ciudad de México,12,0.4456,0:02:13,20211005,👌🏼 EASY Design LOGO Process in CorelDRAW ▶ BEST Tips and Tricks 
0x9142360c24fc64b5:0x6607d4cd6a9ce4ff,Cerro Colorado,0,0.0,,20211005,👌🏼 EASY Design LOGO Process in CorelDRAW ▶ BEST Tips and Tricks 
0x91a7c2bd27e34f59:0xb12f7fa07930c2f,Pillco Marca,0,0.0,,20211005,👌🏼 EASY Design LOGO Process in CorelDRAW ▶ BEST Tips and Tricks 
Total,,1759,81.2212,0:02:46,20211008,🤔🧠 Procesos de DISEÑO INTELIGENTES en CorelDRAW 🖋 Tips & Tricks
0x9105c5f619ee3ec7:0x14206cb9cc452e4a,Lima,58,2.5983,0:02:41,20211008,🤔🧠 Procesos de DISEÑO INTELIGENTES en CorelDRAW 🖋 Tips & Tricks
0x8e3f9bfd2da6cb29:0x239d635520a33914,Bogotá,23,0.7259,0:01:53,20211008,🤔🧠 Procesos de DISEÑO INTELIGENTES en CorelDRAW 🖋 Tips & Tricks
0x85ce0026db097507:0x54061076265ee841,Ciudad de México,16,0.8043,0:03:00,20211008,🤔🧠 Procesos de DISEÑO INTELIGENTES en CorelDRAW 🖋 Tips & Tricks
0x9662c5410425af2f:0x8475d53c400f0931,Santiago,0,0.0,,20211008,🤔🧠 Procesos de DISEÑO INTELIGENTES en CorelDRAW 🖋 Tips & Tricks
Total,,3178,295.7803,0:05:35,20210615,🔥 APRENDE a EDITAR VIDEOS con Windows 10 😮 _TUTORIAL COMPLETO_ ▶ 
0xd51affe3b68fe15:0xe43ec55994864649,San Sebastián,18,0.6004,0:02:00,20210615,🔥 APRENDE a EDITAR VIDEOS con Windows 10 😮 _TUTORIAL COMPLETO_ ▶ 
Total,,3184,233.7504,0:04:24,20220308,✔✨ Sigue estos PASOS para CREAR DISEÑOS IMPOSIBLES con CorelDRAW ▶ TUTORIAL
0x9105c5f619ee3ec7:0x14206cb9cc452e4a,Lima,167,11.9593,0:04:17,20220308,✔✨ Sigue estos PASOS para CREAR DISEÑOS IMPOSIBLES con CorelDRAW ▶ TUTORIAL
0x8e3f9bfd2da6cb29:0x239d635520a33914,Bogotá,74,8.1491,0:06:36,20220308,✔✨ Sigue estos PASOS para CREAR DISEÑOS IMPOSIBLES con CorelDRAW ▶ TUTORIAL
0x85ce0026db097507:0x54061076265ee841,Ciudad de México,42,2.6275,0:03:45,20220308,✔✨ Sigue estos PASOS para CREAR DISEÑOS IMPOSIBLES con CorelDRAW ▶ TUTORIAL
0x91424a487785b9b3:0xa3c4a612b9942036,Arequipa,0,0.0,,20220308,✔✨ Sigue estos PASOS para CREAR DISEÑOS IMPOSIBLES con CorelDRAW ▶ TUTORIAL
Total,,929,3.1681,0:00:12,20211201,Si lo QUIERES lo APRENDES 😉 ▶ Logo TUTORIALES en CorelDRAW
Total,,2338,131.0947,0:03:21,20220405,✨✔ APLICA TODAS las TÉCNICAS para CREAR LOGOS en CorelDRAW ▶ TUTORIAL
0x9105c5f619ee3ec7:0x14206cb9cc452e4a,Lima,63,4.0496,0:03:51,20220405,✨✔ APLICA TODAS las TÉCNICAS para CREAR LOGOS en CorelDRAW ▶ TUTORIAL
0x8e3f9bfd2da6cb29:0x239d635520a33914,Bogotá,46,1.2524,0:01:38,20220405,✨✔ APLICA TODAS las TÉCNICAS para CREAR LOGOS en CorelDRAW ▶ TUTORIAL
0x85ce0026db097507:0x54061076265ee841,Ciudad de México,12,0.9561,0:04:46,20220405,✨✔ APLICA TODAS las TÉCNICAS para CREAR LOGOS en CorelDRAW ▶ TUTORIAL
0x915acf5e5e369a43:0x11f0aad4a80a8517,Tacna,0,0.0,,20220405,✨✔ APLICA TODAS las TÉCNICAS para CREAR LOGOS en CorelDRAW ▶ TUTORIAL
Total,,41179,1429.967,0:02:05,20210503,👉 Cómo poner la BARRA de HERRAMIENTAS 🛠 de Corel Draw ▶
0x9105c5f619ee3ec7:0x14206cb9cc452e4a,Lima,1485,49.8854,0:02:00,20210503,👉 Cómo poner la BARRA de HERRAMIENTAS 🛠 de Corel Draw ▶
0x8e3f9bfd2da6cb29:0x239d635520a33914,Bogotá,78,2.5058,0:01:55,20210503,👉 Cómo poner la BARRA de HERRAMIENTAS 🛠 de Corel Draw ▶
0x85ce0026db097507:0x54061076265ee841,Ciudad de México,20,0.6824,0:02:02,20210503,👉 Cómo poner la BARRA de HERRAMIENTAS 🛠 de Corel Draw ▶
0x8428b18cb52fd39b:0xd63d9302bf865750,Guadalajara,0,0.0,,20210503,👉 Cómo poner la BARRA de HERRAMIENTAS 🛠 de Corel Draw ▶
0x8e38c491115f4d5f:0xe0cae43859d2401e,Ibagué,0,0.0,,20210503,👉 Cómo poner la BARRA de HERRAMIENTAS 🛠 de Corel Draw ▶
0x8ef42d44d12ae605:0x2633844581b917b2,Barranquilla,0,0.0,,20210503,👉 Cómo poner la BARRA de HERRAMIENTAS 🛠 de Corel Draw ▶
0x904ceeb7e64db45b:0x564189ba6d8546e8,José Leonardo Ortiz,0,0.0,,20210503,👉 Cómo poner la BARRA de HERRAMIENTAS 🛠 de Corel Draw ▶
0x910e964104fb82f1:0xf8e45b61c55982fa,Huancayo,0,0.0,,20210503,👉 Cómo poner la BARRA de HERRAMIENTAS 🛠 de Corel Draw ▶
0x916d2bc7ff979013:0x7622e6cfe777add5,Andahuaylas,0,0.0,,20210503,👉 Cómo poner la BARRA de HERRAMIENTAS 🛠 de Corel Draw ▶
0x91ad3d7fe3fae92d:0xd3bc7d125d4e8508,Trujillo,0,0.0,,20210503,👉 Cómo poner la BARRA de HERRAMIENTAS 🛠 de Corel Draw ▶
0x945da8076e69dbf5:0xaceb7a46bf1936c9,Asunción,0,0.0,,20210503,👉 Cómo poner la BARRA de HERRAMIENTAS 🛠 de Corel Draw ▶
0x95a32e38e45f5777:0x6a86dac21334524f,Quilmes,0,0.0,,20210503,👉 Cómo poner la BARRA de HERRAMIENTAS 🛠 de Corel Draw ▶
0x95bcce76604543e7:0x6d080d87c13cc6eb,Ingeniero Budge,0,0.0,,20210503,👉 Cómo poner la BARRA de HERRAMIENTAS 🛠 de Corel Draw ▶
0x95bf0deaa538bdeb:0x9d21f4202189f16c,9 de Julio,0,0.0,,20210503,👉 Cómo poner la BARRA de HERRAMIENTAS 🛠 de Corel Draw ▶
Total,,1814,80.1881,0:02:39,20210803,💧 Las MEJORES Técnicas para RENDERIZAR en CorelDRAW ▶ LOGO TUTORIAL
Total,,466,14.0877,0:01:48,20220421,🎧🔊 Te MUESTRO CÓMO INSTALÉ las Espumas Acústicas en mi ESTUDIO ⚡
0x8e3f9bfd2da6cb29:0x239d635520a33914,Bogotá,10,0.0935,0:00:33,20220421,🎧🔊 Te MUESTRO CÓMO INSTALÉ las Espumas Acústicas en mi ESTUDIO ⚡
0x9105c5f619ee3ec7:0x14206cb9cc452e4a,Lima,10,0.3478,0:02:05,20220421,🎧🔊 Te MUESTRO CÓMO INSTALÉ las Espumas Acústicas en mi ESTUDIO ⚡
Total,,1027,11.0127,0:00:38,20220414,⚡ Contrucción de LOGOS PASO a PASO en CorelDRAW ▶ SHORTS
0x8f71560dd907880b:0x6c5ef4a2144f4c6a,Managua,41,0.584,0:00:51,20220414,⚡ Contrucción de LOGOS PASO a PASO en CorelDRAW ▶ SHORTS
Total,,864,8.4556,0:00:35,20220312,🚴🏼_♂️🏃🏼_♂️ Proceso CONSTUCTIVO de LOGOS ✔ _ SHORTS ▶
Total,,563,3.9054,0:00:24,20210721,Reemplazo de COLOR FÁCIL - YOUTUBE SHORT ►
Total,,2475,131.3804,0:03:11,20211117,✅ USA estas TÉCNICAS de DIBUJO para DISEÑAR como PRO 😎 en CorelDRAW ► TUTORIAL
0x9105c5f619ee3ec7:0x14206cb9cc452e4a,Lima,46,2.3803,0:03:06,20211117,✅ USA estas TÉCNICAS de DIBUJO para DISEÑAR como PRO 😎 en CorelDRAW ► TUTORIAL
0x8e3f9bfd2da6cb29:0x239d635520a33914,Bogotá,32,1.7118,0:03:12,20211117,✅ USA estas TÉCNICAS de DIBUJO para DISEÑAR como PRO 😎 en CorelDRAW ► TUTORIAL
0x85ce0026db097507:0x54061076265ee841,Ciudad de México,19,1.845,0:05:49,20211117,✅ USA estas TÉCNICAS de DIBUJO para DISEÑAR como PRO 😎 en CorelDRAW ► TUTORIAL
0x915acf5e5e369a43:0x11f0aad4a80a8517,Tacna,0,0.0,,20211117,✅ USA estas TÉCNICAS de DIBUJO para DISEÑAR como PRO 😎 en CorelDRAW ► TUTORIAL
0x91ad3d7fe3fae92d:0xd3bc7d125d4e8508,Trujillo,0,0.0,,20211117,✅ USA estas TÉCNICAS de DIBUJO para DISEÑAR como PRO 😎 en CorelDRAW ► TUTORIAL
0x94deafdc40afbc4b:0x4b39d148cac10ae7,Joinville,0,0.0,,20211117,✅ USA estas TÉCNICAS de DIBUJO para DISEÑAR como PRO 😎 en CorelDRAW ► TUTORIAL
Total,,4068,256.7457,0:03:47,20211209,✔ Estos son los PASO a PASO para CONSTRUIR LOGOS en CorelDRAW
0x9105c5f619ee3ec7:0x14206cb9cc452e4a,Lima,119,6.0169,0:03:02,20211209,✔ Estos son los PASO a PASO para CONSTRUIR LOGOS en CorelDRAW
0x8e3f9bfd2da6cb29:0x239d635520a33914,Bogotá,26,0.8196,0:01:53,20211209,✔ Estos son los PASO a PASO para CONSTRUIR LOGOS en CorelDRAW
0x85ce0026db097507:0x54061076265ee841,Ciudad de México,25,1.2554,0:03:00,20211209,✔ Estos son los PASO a PASO para CONSTRUIR LOGOS en CorelDRAW
0x8e7b583bb9f6f665:0x6b4ce066ae95450c,Barinas,0,0.0,,20211209,✔ Estos son los PASO a PASO para CONSTRUIR LOGOS en CorelDRAW
0x910e959759f85b9f:0xff3c15e597b3d50a,Chupaca,0,0.0,,20211209,✔ Estos son los PASO a PASO para CONSTRUIR LOGOS en CorelDRAW
0x959f80ffc63bf7d3:0x6b321b2e355bec99,Montevideo,0,0.0,,20211209,✔ Estos son los PASO a PASO para CONSTRUIR LOGOS en CorelDRAW
Total,,1083,64.6315,0:03:34,20210624,🔥  MUST SEE! CorelDRAW BEST Techniques for Beginners & Experts TUTORIAL (2021) ⚓  ►
0x85d1fca946577449:0x791d23070fe4cf48,Nezahualcóyotl,0,0.0,,20210624,🔥  MUST SEE! CorelDRAW BEST Techniques for Beginners & Experts TUTORIAL (2021) ⚓  ►
0x904a107c793c39b7:0x1de8948d1c01fe28,Piura,0,0.0,,20210624,🔥  MUST SEE! CorelDRAW BEST Techniques for Beginners & Experts TUTORIAL (2021) ⚓  ►
Total,,1190,49.6256,0:02:30,20210715,🔥 CorelDRAW ESSENTIAL Techniques for Beginners & Experts ▶ LOGO TUTORIAL
Total,,2027,109.5547,0:03:14,20210909,📖 3D FLIP PAGE TEXT Effect _ CorelDRAW TUTORIAL
0x9105c5f619ee3ec7:0x14206cb9cc452e4a,Lima,25,1.0526,0:02:31,20210909,📖 3D FLIP PAGE TEXT Effect _ CorelDRAW TUTORIAL
0x85ce0026db097507:0x54061076265ee841,Ciudad de México,0,0.0,,20210909,📖 3D FLIP PAGE TEXT Effect _ CorelDRAW TUTORIAL
0x9110e2c3cec74f3d:0x5ce1a2b590e67ecd,Ica,0,0.0,,20210909,📖 3D FLIP PAGE TEXT Effect _ CorelDRAW TUTORIAL
Total,,1376,83.4713,0:03:38,20211207,🎉🎈 TIPS ESENCIALES para CREAR tu PROPIA TARJETA de CUMPLEAÑOS en CorelDRAW
0x9105c5f619ee3ec7:0x14206cb9cc452e4a,Lima,40,2.0576,0:03:05,20211207,🎉🎈 TIPS ESENCIALES para CREAR tu PROPIA TARJETA de CUMPLEAÑOS en CorelDRAW
0x8e3f9bfd2da6cb29:0x239d635520a33914,Bogotá,23,0.6043,0:01:34,20211207,🎉🎈 TIPS ESENCIALES para CREAR tu PROPIA TARJETA de CUMPLEAÑOS en CorelDRAW
0x91424a487785b9b3:0xa3c4a612b9942036,Arequipa,0,0.0,,20211207,🎉🎈 TIPS ESENCIALES para CREAR tu PROPIA TARJETA de CUMPLEAÑOS en CorelDRAW
Total,,3078,390.6325,0:07:36,20210525,Cómo CREAR una TARJETA de NEGOCIOS VIRTUAL 💳 PASO a PASO ▶ Tutorial CorelDRAW (2021)
0x95a3292a5b71f3ad:0xc01239ffd0314fd8,Berazategui Oeste,0,0.0,,20210525,Cómo CREAR una TARJETA de NEGOCIOS VIRTUAL 💳 PASO a PASO ▶ Tutorial CorelDRAW (2021)
0x9681471c647397c5:0xa9c46b1b92a8161,Rivadavia,0,0.0,,20210525,Cómo CREAR una TARJETA de NEGOCIOS VIRTUAL 💳 PASO a PASO ▶ Tutorial CorelDRAW (2021)
Total,,1675,90.6025,0:03:14,20210930,🧐 El Proceso de DISEÑO de LOGOS _DEFINITIVO_ en CorelDRAW ▶ PASO a PASO
0x9105c5f619ee3ec7:0x14206cb9cc452e4a,Lima,48,2.3125,0:02:53,20210930,🧐 El Proceso de DISEÑO de LOGOS _DEFINITIVO_ en CorelDRAW ▶ PASO a PASO
0x85ce0026db097507:0x54061076265ee841,Ciudad de México,23,1.3426,0:03:30,20210930,🧐 El Proceso de DISEÑO de LOGOS _DEFINITIVO_ en CorelDRAW ▶ PASO a PASO
0x8e3f9bfd2da6cb29:0x239d635520a33914,Bogotá,19,0.9821,0:03:06,20210930,🧐 El Proceso de DISEÑO de LOGOS _DEFINITIVO_ en CorelDRAW ▶ PASO a PASO
0x904a107c793c39b7:0x1de8948d1c01fe28,Piura,0,0.0,,20210930,🧐 El Proceso de DISEÑO de LOGOS _DEFINITIVO_ en CorelDRAW ▶ PASO a PASO
0x91424a487785b9b3:0xa3c4a612b9942036,Arequipa,0,0.0,,20210930,🧐 El Proceso de DISEÑO de LOGOS _DEFINITIVO_ en CorelDRAW ▶ PASO a PASO
Total,,4511,238.5745,0:03:10,20220224,✨✔ ARMONIZA tus DISEÑOS si usas estas TÉCNICAS para CREAR LOGOS en CorelDRAW
0x9105c5f619ee3ec7:0x14206cb9cc452e4a,Lima,280,15.7626,0:03:22,20220224,✨✔ ARMONIZA tus DISEÑOS si usas estas TÉCNICAS para CREAR LOGOS en CorelDRAW
0x85ce0026db097507:0x54061076265ee841,Ciudad de México,96,5.0896,0:03:10,20220224,✨✔ ARMONIZA tus DISEÑOS si usas estas TÉCNICAS para CREAR LOGOS en CorelDRAW
0x8e3f9bfd2da6cb29:0x239d635520a33914,Bogotá,59,2.6618,0:02:42,20220224,✨✔ ARMONIZA tus DISEÑOS si usas estas TÉCNICAS para CREAR LOGOS en CorelDRAW
0x2e69f3e945e34b9d:0x5371bf0fdad786a2,Yakarta,22,0.7638,0:02:04,20220224,✨✔ ARMONIZA tus DISEÑOS si usas estas TÉCNICAS para CREAR LOGOS en CorelDRAW
0x915edf0a04f5a40f:0x57dbfc76b4458ab3,La Paz,12,0.5963,0:02:58,20220224,✨✔ ARMONIZA tus DISEÑOS si usas estas TÉCNICAS para CREAR LOGOS en CorelDRAW
0x91ad3d7fe3fae92d:0xd3bc7d125d4e8508,Trujillo,12,0.3688,0:01:50,20220224,✨✔ ARMONIZA tus DISEÑOS si usas estas TÉCNICAS para CREAR LOGOS en CorelDRAW
Total,,868,29.4859,0:02:02,20210914,🧩 EASY ▶ASSEMBLY◀ Techniques for Beginners & Experts ▷ CorelDRAW TUTORIAL 
0x8e3f9bfd2da6cb29:0x239d635520a33914,Bogotá,31,0.7233,0:01:24,20210914,🧩 EASY ▶ASSEMBLY◀ Techniques for Beginners & Experts ▷ CorelDRAW TUTORIAL 
0x9105c5f619ee3ec7:0x14206cb9cc452e4a,Lima,15,0.4683,0:01:52,20210914,🧩 EASY ▶ASSEMBLY◀ Techniques for Beginners & Experts ▷ CorelDRAW TUTORIAL 
Total,,3843,207.2046,0:03:14,20211125,🔴 Cómo DISEÑAR LOGOS en POCOS PASOS 🧐 con CorelDRAW ► TUTORIAL
0x9105c5f619ee3ec7:0x14206cb9cc452e4a,Lima,59,2.9104,0:02:57,20211125,🔴 Cómo DISEÑAR LOGOS en POCOS PASOS 🧐 con CorelDRAW ► TUTORIAL
0x8e3f9bfd2da6cb29:0x239d635520a33914,Bogotá,30,1.7452,0:03:29,20211125,🔴 Cómo DISEÑAR LOGOS en POCOS PASOS 🧐 con CorelDRAW ► TUTORIAL
0x85ce0026db097507:0x54061076265ee841,Ciudad de México,17,0.7782,0:02:44,20211125,🔴 Cómo DISEÑAR LOGOS en POCOS PASOS 🧐 con CorelDRAW ► TUTORIAL
0x8f66430b113d5af1:0x323ecf76c17e8f6b,San Pedro Sula,0,0.0,,20211125,🔴 Cómo DISEÑAR LOGOS en POCOS PASOS 🧐 con CorelDRAW ► TUTORIAL
0x915d6985f4e74135:0x1e341dd8f24d32cf,Puno,0,0.0,,20211125,🔴 Cómo DISEÑAR LOGOS en POCOS PASOS 🧐 con CorelDRAW ► TUTORIAL
Total,,3381,203.4507,0:03:36,20220210,✔✨Sigue estos MÉTODOS ESENCIALES para CREAR LOGOS en CorelDRAW ▶ TUTORIAL
0x9105c5f619ee3ec7:0x14206cb9cc452e4a,Lima,104,5.3384,0:03:04,20220210,✔✨Sigue estos MÉTODOS ESENCIALES para CREAR LOGOS en CorelDRAW ▶ TUTORIAL
0x8e3f9bfd2da6cb29:0x239d635520a33914,Bogotá,63,4.5,0:04:17,20220210,✔✨Sigue estos MÉTODOS ESENCIALES para CREAR LOGOS en CorelDRAW ▶ TUTORIAL
0x85ce0026db097507:0x54061076265ee841,Ciudad de México,42,0.8751,0:01:15,20220210,✔✨Sigue estos MÉTODOS ESENCIALES para CREAR LOGOS en CorelDRAW ▶ TUTORIAL
0x8f633067b411775d:0x1f75978893fb5c96,San Salvador,0,0.0,,20220210,✔✨Sigue estos MÉTODOS ESENCIALES para CREAR LOGOS en CorelDRAW ▶ TUTORIAL
0x91b73afd688756b5:0x25611fafcd00bf99,Moyobamba,0,0.0,,20220210,✔✨Sigue estos MÉTODOS ESENCIALES para CREAR LOGOS en CorelDRAW ▶ TUTORIAL
Total,,1810,78.4546,0:02:36,20211130,😲 DOMINA la GEOMETRÍA para DISEÑAR LOGOS en CorelDRAW ► TUTORIAL
0x9105c5f619ee3ec7:0x14206cb9cc452e4a,Lima,63,2.2388,0:02:07,20211130,😲 DOMINA la GEOMETRÍA para DISEÑAR LOGOS en CorelDRAW ► TUTORIAL
0x8e3f9bfd2da6cb29:0x239d635520a33914,Bogotá,34,1.0649,0:01:52,20211130,😲 DOMINA la GEOMETRÍA para DISEÑAR LOGOS en CorelDRAW ► TUTORIAL
0x85ce0026db097507:0x54061076265ee841,Ciudad de México,23,1.2096,0:03:09,20211130,😲 DOMINA la GEOMETRÍA para DISEÑAR LOGOS en CorelDRAW ► TUTORIAL
0x85d055d656404d61:0x337451ab23113186,Tulancingo de Bravo,0,0.0,,20211130,😲 DOMINA la GEOMETRÍA para DISEÑAR LOGOS en CorelDRAW ► TUTORIAL
0x8e803c989377fe87:0xb5ff524dadae5b74,Maracay,0,0.0,,20211130,😲 DOMINA la GEOMETRÍA para DISEÑAR LOGOS en CorelDRAW ► TUTORIAL
Total,,3044,411.7951,0:08:07,20220426,✨✔ APLICA estas TÉCNICAS AVANZADAS para CREAR LOGOS en CorelDRAW ▶ TUTORIAL
0x9105c5f619ee3ec7:0x14206cb9cc452e4a,Lima,68,8.1533,0:07:11,20220426,✨✔ APLICA estas TÉCNICAS AVANZADAS para CREAR LOGOS en CorelDRAW ▶ TUTORIAL
0x8e3f9bfd2da6cb29:0x239d635520a33914,Bogotá,42,5.4267,0:07:45,20220426,✨✔ APLICA estas TÉCNICAS AVANZADAS para CREAR LOGOS en CorelDRAW ▶ TUTORIAL
0x85ce0026db097507:0x54061076265ee841,Ciudad de México,12,0.8733,0:04:21,20220426,✨✔ APLICA estas TÉCNICAS AVANZADAS para CREAR LOGOS en CorelDRAW ▶ TUTORIAL
0x910ff9763e6ad2d5:0xe6ade5a08b5edfd9,Imperial,0,0.0,,20220426,✨✔ APLICA estas TÉCNICAS AVANZADAS para CREAR LOGOS en CorelDRAW ▶ TUTORIAL
Total,,1005,7.1678,0:00:25,20220226,🏃🏼_♂️🚴🏼_♂️Construye ASÍ DISEÑO de LOGOS
0x9432985f478f5b69:0xb0a24f9a5366b092,Córdoba,21,0.2246,0:00:38,20220226,🏃🏼_♂️🚴🏼_♂️Construye ASÍ DISEÑO de LOGOS
0x9105c5f619ee3ec7:0x14206cb9cc452e4a,Lima,10,0.0604,0:00:21,20220226,🏃🏼_♂️🚴🏼_♂️Construye ASÍ DISEÑO de LOGOS
Total,,1219,33.6398,0:01:39,20210831,💡 CorelDRAW KEY 🔑 TIPS for Pro & Beginners _ Lightbulb ICON ▶
0x9105c5f619ee3ec7:0x14206cb9cc452e4a,Lima,21,0.5702,0:01:37,20210831,💡 CorelDRAW KEY 🔑 TIPS for Pro & Beginners _ Lightbulb ICON ▶
0x8e3f9bfd2da6cb29:0x239d635520a33914,Bogotá,18,0.4471,0:01:29,20210831,💡 CorelDRAW KEY 🔑 TIPS for Pro & Beginners _ Lightbulb ICON ▶
0x85ce0026db097507:0x54061076265ee841,Ciudad de México,11,0.3172,0:01:43,20210831,💡 CorelDRAW KEY 🔑 TIPS for Pro & Beginners _ Lightbulb ICON ▶
0x8f56715cab450d17:0x5dfc155715abeb09,Mérida,0,0.0,,20210831,💡 CorelDRAW KEY 🔑 TIPS for Pro & Beginners _ Lightbulb ICON ▶
Total,,3039,172.5609,0:03:24,20220315,🔥 USA LETRAS para CREAR LOGOS si SIGUES estos PASOS ▶ TUTORIAL
0x9105c5f619ee3ec7:0x14206cb9cc452e4a,Lima,122,7.978,0:03:55,20220315,🔥 USA LETRAS para CREAR LOGOS si SIGUES estos PASOS ▶ TUTORIAL
0x8e3f9bfd2da6cb29:0x239d635520a33914,Bogotá,61,3.5917,0:03:31,20220315,🔥 USA LETRAS para CREAR LOGOS si SIGUES estos PASOS ▶ TUTORIAL
0x39f882db4908f667:0x43e330e68f6c2cbc,Calcuta,37,0.0263,0:00:02,20220315,🔥 USA LETRAS para CREAR LOGOS si SIGUES estos PASOS ▶ TUTORIAL
0x85ce0026db097507:0x54061076265ee841,Ciudad de México,30,1.6471,0:03:17,20220315,🔥 USA LETRAS para CREAR LOGOS si SIGUES estos PASOS ▶ TUTORIAL
Total,,1157,34.113,0:01:46,20210802,🌟 CorelDRAW FAST Techniques for Beginners ▶ 3 MIN⏰ TUTORIAL OLYMPIC GAMES Logo
0x8f703d01ded09679:0xd99e16cb4e113856,Choluteca,0,0.0,,20210802,🌟 CorelDRAW FAST Techniques for Beginners ▶ 3 MIN⏰ TUTORIAL OLYMPIC GAMES Logo
0x9105c5f619ee3ec7:0x14206cb9cc452e4a,Lima,0,0.0,,20210802,🌟 CorelDRAW FAST Techniques for Beginners ▶ 3 MIN⏰ TUTORIAL OLYMPIC GAMES Logo
0x91424a487785b9b3:0xa3c4a612b9942036,Arequipa,0,0.0,,20210802,🌟 CorelDRAW FAST Techniques for Beginners ▶ 3 MIN⏰ TUTORIAL OLYMPIC GAMES Logo
0x91424b60cb347581:0x76922d9aa76602c,Paucarpata,0,0.0,,20210802,🌟 CorelDRAW FAST Techniques for Beginners ▶ 3 MIN⏰ TUTORIAL OLYMPIC GAMES Logo
0x945dab6617b1175b:0xa90f41536698903c,San Antonio,0,0.0,,20210802,🌟 CorelDRAW FAST Techniques for Beginners ▶ 3 MIN⏰ TUTORIAL OLYMPIC GAMES Logo
Total,,1504,19.6885,0:00:47,20210513,👉 Cuánto ESPACIO OCUPA Corel DRAW ▶
Total,,1230,72.6054,0:03:32,20210610,👉🏼 7 Programas GRATUITOS para EDITAR VÍDEOS 💥 que DEDEBS CONOCER🔥
Total,,1645,83.985,0:03:03,20210824,📌 Learn the CorelDRAW BEST Techniques for LOGO Design
0x9105c5f619ee3ec7:0x14206cb9cc452e4a,Lima,31,1.2201,0:02:21,20210824,📌 Learn the CorelDRAW BEST Techniques for LOGO Design
0x8e3f9bfd2da6cb29:0x239d635520a33914,Bogotá,11,0.2184,0:01:11,20210824,📌 Learn the CorelDRAW BEST Techniques for LOGO Design
Total,,986,7.2706,0:00:26,20210804,🤯 Técnicas para DISEÑAR LOGOS increíbles en CorelDRAW
Total,,2251,177.1279,0:04:43,20211014,🎇 COMBINA estas TÉCNICAS para _CREAR LOGOS INCREÍBLES_ en CorelDRAW
0x9105c5f619ee3ec7:0x14206cb9cc452e4a,Lima,67,4.9165,0:04:24,20211014,🎇 COMBINA estas TÉCNICAS para _CREAR LOGOS INCREÍBLES_ en CorelDRAW
0x8e3f9bfd2da6cb29:0x239d635520a33914,Bogotá,34,2.3779,0:04:11,20211014,🎇 COMBINA estas TÉCNICAS para _CREAR LOGOS INCREÍBLES_ en CorelDRAW
0x85ce0026db097507:0x54061076265ee841,Ciudad de México,15,1.0355,0:04:08,20211014,🎇 COMBINA estas TÉCNICAS para _CREAR LOGOS INCREÍBLES_ en CorelDRAW
0x904a107c793c39b7:0x1de8948d1c01fe28,Piura,0,0.0,,20211014,🎇 COMBINA estas TÉCNICAS para _CREAR LOGOS INCREÍBLES_ en CorelDRAW
0x9662c5410425af2f:0x8475d53c400f0931,Santiago,0,0.0,,20211014,🎇 COMBINA estas TÉCNICAS para _CREAR LOGOS INCREÍBLES_ en CorelDRAW
Total,,625,6.3257,0:00:36,20210722,CÓMO VECTORIZAR PAISAJES_ Tutorial práctico
Total,,1392,59.9538,0:02:35,20211028,🐱_👤Con estos MÉTODOS PRÁCTICOS 🧐 puedes DISEÑAR LOGOS Fácilmente en CorelDRAW
0x9105c5f619ee3ec7:0x14206cb9cc452e4a,Lima,58,2.6542,0:02:44,20211028,🐱_👤Con estos MÉTODOS PRÁCTICOS 🧐 puedes DISEÑAR LOGOS Fácilmente en CorelDRAW
0x8e3f9bfd2da6cb29:0x239d635520a33914,Bogotá,45,1.9689,0:02:37,20211028,🐱_👤Con estos MÉTODOS PRÁCTICOS 🧐 puedes DISEÑAR LOGOS Fácilmente en CorelDRAW
0x85ce0026db097507:0x54061076265ee841,Ciudad de México,28,1.1874,0:02:32,20211028,🐱_👤Con estos MÉTODOS PRÁCTICOS 🧐 puedes DISEÑAR LOGOS Fácilmente en CorelDRAW
Total,,2390,170.4774,0:04:16,20211102,🎱🥌 La MEJOR FORMA de APLICAR TEXTURAS 3D ⚙ a LOGOS en CorelDRAW
0x9105c5f619ee3ec7:0x14206cb9cc452e4a,Lima,74,4.8888,0:03:57,20211102,🎱🥌 La MEJOR FORMA de APLICAR TEXTURAS 3D ⚙ a LOGOS en CorelDRAW
0x8e3f9bfd2da6cb29:0x239d635520a33914,Bogotá,34,2.4196,0:04:16,20211102,🎱🥌 La MEJOR FORMA de APLICAR TEXTURAS 3D ⚙ a LOGOS en CorelDRAW
0x85ce0026db097507:0x54061076265ee841,Ciudad de México,24,1.9742,0:04:56,20211102,🎱🥌 La MEJOR FORMA de APLICAR TEXTURAS 3D ⚙ a LOGOS en CorelDRAW
0x8428b18cb52fd39b:0xd63d9302bf865750,Guadalajara,0,0.0,,20211102,🎱🥌 La MEJOR FORMA de APLICAR TEXTURAS 3D ⚙ a LOGOS en CorelDRAW
0x85d1f21c72f777a1:0x4cd4540a42b26680,Ecatepec de Morelos,0,0.0,,20211102,🎱🥌 La MEJOR FORMA de APLICAR TEXTURAS 3D ⚙ a LOGOS en CorelDRAW
0xd64c8e0f913cbad:0xd55cfb40e1faa672,Águilas,0,0.0,,20211102,🎱🥌 La MEJOR FORMA de APLICAR TEXTURAS 3D ⚙ a LOGOS en CorelDRAW
Total,,1167,52.0842,0:02:40,20210817,🔥 CorelDRAW Tips & Tricks for Beginners & Experts ▶ LOGO TUTORIAL
0x9105c5f619ee3ec7:0x14206cb9cc452e4a,Lima,35,1.0095,0:01:43,20210817,🔥 CorelDRAW Tips & Tricks for Beginners & Experts ▶ LOGO TUTORIAL
0x967e093ec45179bf:0x205a78f6d20efa3a,Mendoza,0,0.0,,20210817,🔥 CorelDRAW Tips & Tricks for Beginners & Experts ▶ LOGO TUTORIAL
Total,,1161,57.3995,0:02:57,20210721,💚 CorelDRAW EASIEST Techniques for Beginners & Experts (💗+🎀) ▶ LOGO Tutorial
Total,,476,4.5199,0:00:34,20210922,😃 Te ENSEÑO cómo es el PROCESO de DISEÑO
0x9105c5f619ee3ec7:0x14206cb9cc452e4a,Lima,11,0.0901,0:00:29,20210922,😃 Te ENSEÑO cómo es el PROCESO de DISEÑO
Total,,1606,82.2658,0:03:04,20210810,🔥 CorelDRAW ADVANCE Techniques for Beginners & Experts _ LOGO TUTORIAL ▶
0x9105c5f619ee3ec7:0x14206cb9cc452e4a,Lima,0,0.0,,20210810,🔥 CorelDRAW ADVANCE Techniques for Beginners & Experts _ LOGO TUTORIAL ▶
Total,,3571,240.4057,0:04:02,20220120,🧐 PRESTA mucha ATENCIÓN a estos DETALLES para DISEÑAR LOGOS en CorelDRAW 😱
0x9105c5f619ee3ec7:0x14206cb9cc452e4a,Lima,172,8.3985,0:02:55,20220120,🧐 PRESTA mucha ATENCIÓN a estos DETALLES para DISEÑAR LOGOS en CorelDRAW 😱
0x8e3f9bfd2da6cb29:0x239d635520a33914,Bogotá,64,3.4471,0:03:13,20220120,🧐 PRESTA mucha ATENCIÓN a estos DETALLES para DISEÑAR LOGOS en CorelDRAW 😱
0x85ce0026db097507:0x54061076265ee841,Ciudad de México,36,2.4735,0:04:07,20220120,🧐 PRESTA mucha ATENCIÓN a estos DETALLES para DISEÑAR LOGOS en CorelDRAW 😱
0x85cfc0bd5ebc7a3b:0x48a6461de494ad95,Heroica Puebla de Zaragoza,10,0.346,0:02:04,20220120,🧐 PRESTA mucha ATENCIÓN a estos DETALLES para DISEÑAR LOGOS en CorelDRAW 😱
0x915edf0a04f5a40f:0x57dbfc76b4458ab3,La Paz,10,0.2982,0:01:47,20220120,🧐 PRESTA mucha ATENCIÓN a estos DETALLES para DISEÑAR LOGOS en CorelDRAW 😱
Total,,292,2.0601,0:00:25,20210730,🤯 Nueva SERIE en DelcaVideography ▶ LOGOS EXPRESS ›› Parte 1 ‹‹ SHORTS
Total,,9866,271.8139,0:01:39,20210510,👉 Estos son los REQUISITOS para INSTALAR Corel DRAW ▶
0x9105c5f619ee3ec7:0x14206cb9cc452e4a,Lima,62,1.2472,0:01:12,20210510,👉 Estos son los REQUISITOS para INSTALAR Corel DRAW ▶
Total,,5283,225.6908,0:02:33,20220427,Estas son las ÚLTIMAS NOVEDADES de COREL DRAW 2022
0x9105c5f619ee3ec7:0x14206cb9cc452e4a,Lima,50,1.9924,0:02:23,20220427,Estas son las ÚLTIMAS NOVEDADES de COREL DRAW 2022
0x8e3f9bfd2da6cb29:0x239d635520a33914,Bogotá,25,1.5612,0:03:44,20220427,Estas son las ÚLTIMAS NOVEDADES de COREL DRAW 2022
0x85ce0026db097507:0x54061076265ee841,Ciudad de México,12,0.5721,0:02:51,20220427,Estas son las ÚLTIMAS NOVEDADES de COREL DRAW 2022
0x915acf5e5e369a43:0x11f0aad4a80a8517,Tacna,0,0.0,,20220427,Estas son las ÚLTIMAS NOVEDADES de COREL DRAW 2022
Total,,2425,252.7545,0:06:15,20210907,⚡ CorelDRAW ›NEW YORK CITY‹ 🗽 Retro NEON Design TUTORIAL
0x9105c5f619ee3ec7:0x14206cb9cc452e4a,Lima,56,4.7562,0:05:05,20210907,⚡ CorelDRAW ›NEW YORK CITY‹ 🗽 Retro NEON Design TUTORIAL
0x8e3f9bfd2da6cb29:0x239d635520a33914,Bogotá,27,2.0202,0:04:29,20210907,⚡ CorelDRAW ›NEW YORK CITY‹ 🗽 Retro NEON Design TUTORIAL
0x85ce0026db097507:0x54061076265ee841,Ciudad de México,0,0.0,,20210907,⚡ CorelDRAW ›NEW YORK CITY‹ 🗽 Retro NEON Design TUTORIAL
0x91ad3e63892b89a1:0x279c6cd8321028a5,La Esperanza,0,0.0,,20210907,⚡ CorelDRAW ›NEW YORK CITY‹ 🗽 Retro NEON Design TUTORIAL
Total,,2099,59.92,0:01:42,20220222,😎 Así FUNCIONAN los PAQUETES de EFECTOS de MOVAVI ▶
0x9105c5f619ee3ec7:0x14206cb9cc452e4a,Lima,25,0.4466,0:01:04,20220222,😎 Así FUNCIONAN los PAQUETES de EFECTOS de MOVAVI ▶
0x8e3f9bfd2da6cb29:0x239d635520a33914,Bogotá,10,0.1075,0:00:38,20220222,😎 Así FUNCIONAN los PAQUETES de EFECTOS de MOVAVI ▶
Total,,1511,78.0586,0:03:05,20210713,🔥 CorelDRAW BASIC Techniques for Beginners & Experts ▶ 3D LOGO TUTORIAL
Total,,1525,60.954,0:02:23,20210727,🔥 LOGO TUTORIAL ▶ CorelDRAW MUST KNOWN Techniques for Beginners & Experts
0x8429ec143ae4d9fb:0x4016978679c5220,Aguascalientes,0,0.0,,20210727,🔥 LOGO TUTORIAL ▶ CorelDRAW MUST KNOWN Techniques for Beginners & Experts
0x915edf0a04f5a40f:0x57dbfc76b4458ab3,La Paz,0,0.0,,20210727,🔥 LOGO TUTORIAL ▶ CorelDRAW MUST KNOWN Techniques for Beginners & Experts
0x95a2e7a00ca9dba3:0x1963c8cbd726acb0,Tolosa,0,0.0,,20210727,🔥 LOGO TUTORIAL ▶ CorelDRAW MUST KNOWN Techniques for Beginners & Experts
Total,,4248,391.6548,0:05:31,20211012,💪🏼 DOMINA esta TÉCNICA para diseñar LOGOS como este en CorelDRAW 🍺
0x9105c5f619ee3ec7:0x14206cb9cc452e4a,Lima,154,13.4712,0:05:14,20211012,💪🏼 DOMINA esta TÉCNICA para diseñar LOGOS como este en CorelDRAW 🍺
0x8e3f9bfd2da6cb29:0x239d635520a33914,Bogotá,44,4.3348,0:05:54,20211012,💪🏼 DOMINA esta TÉCNICA para diseñar LOGOS como este en CorelDRAW 🍺
0x85ce0026db097507:0x54061076265ee841,Ciudad de México,39,1.8291,0:02:48,20211012,💪🏼 DOMINA esta TÉCNICA para diseñar LOGOS como este en CorelDRAW 🍺
0x80da5ead1390ab4f:0xccb99676f67418ab,Thermal,0,0.0,,20211012,💪🏼 DOMINA esta TÉCNICA para diseñar LOGOS como este en CorelDRAW 🍺
0x85d21dd4afab4267:0xce8d74d9edb4d88,Cuautitlán Izcalli,0,0.0,,20211012,💪🏼 DOMINA esta TÉCNICA para diseñar LOGOS como este en CorelDRAW 🍺
0x866576324d9637df:0x2f1d39a9b52c0eb8,McAllen,0,0.0,,20211012,💪🏼 DOMINA esta TÉCNICA para diseñar LOGOS como este en CorelDRAW 🍺
0x89c2a164b2c7bc0b:0x8743868b9c34b76e,Stamford,0,0.0,,20211012,💪🏼 DOMINA esta TÉCNICA para diseñar LOGOS como este en CorelDRAW 🍺
0x8f6297f741d75d2f:0x1c94dcbed1dabe39,Ahuachapán,0,0.0,,20211012,💪🏼 DOMINA esta TÉCNICA para diseñar LOGOS como este en CorelDRAW 🍺
0x910e964104fb82f1:0xf8e45b61c55982fa,Huancayo,0,0.0,,20211012,💪🏼 DOMINA esta TÉCNICA para diseñar LOGOS como este en CorelDRAW 🍺
Total,,13756,424.2588,0:01:51,20211202,✔✨ Aprende LA TÉCNICA CREATIVA para CREAR LOGOS GRATIS en CorelDRAW ▶ TUTORIAL
0x9105c5f619ee3ec7:0x14206cb9cc452e4a,Lima,1170,32.2455,0:01:39,20211202,✔✨ Aprende LA TÉCNICA CREATIVA para CREAR LOGOS GRATIS en CorelDRAW ▶ TUTORIAL
0x85ce0026db097507:0x54061076265ee841,Ciudad de México,393,11.2528,0:01:43,20211202,✔✨ Aprende LA TÉCNICA CREATIVA para CREAR LOGOS GRATIS en CorelDRAW ▶ TUTORIAL
0x8e3f9bfd2da6cb29:0x239d635520a33914,Bogotá,302,8.315,0:01:39,20211202,✔✨ Aprende LA TÉCNICA CREATIVA para CREAR LOGOS GRATIS en CorelDRAW ▶ TUTORIAL
0x915edf0a04f5a40f:0x57dbfc76b4458ab3,La Paz,121,2.862,0:01:25,20211202,✔✨ Aprende LA TÉCNICA CREATIVA para CREAR LOGOS GRATIS en CorelDRAW ▶ TUTORIAL
0x9662c5410425af2f:0x8475d53c400f0931,Santiago,104,3.0696,0:01:46,20211202,✔✨ Aprende LA TÉCNICA CREATIVA para CREAR LOGOS GRATIS en CorelDRAW ▶ TUTORIAL
0x902d13cbe855805f:0x8015a492f4fca473,Guayaquil,101,2.1141,0:01:15,20211202,✔✨ Aprende LA TÉCNICA CREATIVA para CREAR LOGOS GRATIS en CorelDRAW ▶ TUTORIAL
0x93f1e81ca7c01a63:0x5c8b0a53a467611b,Santa Cruz de la Sierra,94,1.6874,0:01:04,20211202,✔✨ Aprende LA TÉCNICA CREATIVA para CREAR LOGOS GRATIS en CorelDRAW ▶ TUTORIAL
0x8eaf89f1107ea5ab:0xd6c587b82715c164,Santo Domingo,91,2.017,0:01:19,20211202,✔✨ Aprende LA TÉCNICA CREATIVA para CREAR LOGOS GRATIS en CorelDRAW ▶ TUTORIAL
0x91d59a4002427c9f:0x44b991e158ef5572,Quito,81,1.5843,0:01:10,20211202,✔✨ Aprende LA TÉCNICA CREATIVA para CREAR LOGOS GRATIS en CorelDRAW ▶ TUTORIAL
0x8589a180655c3345:0x4a72c7815b867b25,Ciudad de Guatemala,76,1.262,0:00:59,20211202,✔✨ Aprende LA TÉCNICA CREATIVA para CREAR LOGOS GRATIS en CorelDRAW ▶ TUTORIAL
0x91ad3d7fe3fae92d:0xd3bc7d125d4e8508,Trujillo,50,1.0523,0:01:15,20211202,✔✨ Aprende LA TÉCNICA CREATIVA para CREAR LOGOS GRATIS en CorelDRAW ▶ TUTORIAL
0x8f71560dd907880b:0x6c5ef4a2144f4c6a,Managua,37,1.0957,0:01:46,20211202,✔✨ Aprende LA TÉCNICA CREATIVA para CREAR LOGOS GRATIS en CorelDRAW ▶ TUTORIAL
0x8c2a58adcd824807:0x93dd2eae0a998483,Caracas,32,1.5304,0:02:52,20211202,✔✨ Aprende LA TÉCNICA CREATIVA para CREAR LOGOS GRATIS en CorelDRAW ▶ TUTORIAL
0x95bcca3b4ef90cbd:0xa0b3812e88e88e87,Buenos Aires,30,1.0363,0:02:04,20211202,✔✨ Aprende LA TÉCNICA CREATIVA para CREAR LOGOS GRATIS en CorelDRAW ▶ TUTORIAL
0x8faca8f1dbe80363:0xaba25df1f042c10e,Panamá,25,0.6407,0:01:32,20211202,✔✨ Aprende LA TÉCNICA CREATIVA para CREAR LOGOS GRATIS en CorelDRAW ▶ TUTORIAL
0x311d6032280d61f3:0x10100b25de24820,Bangkok,23,0.1741,0:00:27,20211202,✔✨ Aprende LA TÉCNICA CREATIVA para CREAR LOGOS GRATIS en CorelDRAW ▶ TUTORIAL
0x8eaf86f1f07bf257:0x79a94f00155fb584,Santo Domingo Este,20,0.8681,0:02:36,20211202,✔✨ Aprende LA TÉCNICA CREATIVA para CREAR LOGOS GRATIS en CorelDRAW ▶ TUTORIAL
0x8f633067b411775d:0x1f75978893fb5c96,San Salvador,20,0.3053,0:00:54,20211202,✔✨ Aprende LA TÉCNICA CREATIVA para CREAR LOGOS GRATIS en CorelDRAW ▶ TUTORIAL
0x85d1f21c72f777a1:0x4cd4540a42b26680,Ecatepec de Morelos,15,0.3167,0:01:16,20211202,✔✨ Aprende LA TÉCNICA CREATIVA para CREAR LOGOS GRATIS en CorelDRAW ▶ TUTORIAL
0x91424a487785b9b3:0xa3c4a612b9942036,Arequipa,15,0.8761,0:03:30,20211202,✔✨ Aprende LA TÉCNICA CREATIVA para CREAR LOGOS GRATIS en CorelDRAW ▶ TUTORIAL
0x85cfc0bd5ebc7a3b:0x48a6461de494ad95,Heroica Puebla de Zaragoza,14,0.4587,0:01:57,20211202,✔✨ Aprende LA TÉCNICA CREATIVA para CREAR LOGOS GRATIS en CorelDRAW ▶ TUTORIAL
0x8f56715cab450d17:0x5dfc155715abeb09,Mérida,14,0.3132,0:01:20,20211202,✔✨ Aprende LA TÉCNICA CREATIVA para CREAR LOGOS GRATIS en CorelDRAW ▶ TUTORIAL
0x8428b18cb52fd39b:0xd63d9302bf865750,Guadalajara,13,0.2752,0:01:16,20211202,✔✨ Aprende LA TÉCNICA CREATIVA para CREAR LOGOS GRATIS en CorelDRAW ▶ TUTORIAL
0x8f6337182189204d:0xbf7ef4556bd0bb44,Soyapango,12,0.0968,0:00:29,20211202,✔✨ Aprende LA TÉCNICA CREATIVA para CREAR LOGOS GRATIS en CorelDRAW ▶ TUTORIAL
0x93e373e0d9e4ab27:0xa2719ae9532c3e65,Cochabamba,12,0.0621,0:00:18,20211202,✔✨ Aprende LA TÉCNICA CREATIVA para CREAR LOGOS GRATIS en CorelDRAW ▶ TUTORIAL
0xd422997800a3c81:0xc436dec1618c2269,Madrid,12,0.295,0:01:28,20211202,✔✨ Aprende LA TÉCNICA CREATIVA para CREAR LOGOS GRATIS en CorelDRAW ▶ TUTORIAL
0x317529292e8d3dd1:0xf15f5aad773c112b,Ciudad Ho Chi Minh (Saigón),10,0.0749,0:00:26,20211202,✔✨ Aprende LA TÉCNICA CREATIVA para CREAR LOGOS GRATIS en CorelDRAW ▶ TUTORIAL
0x842bbeffd6e6e721:0x606d95ec61a54327,León,10,0.4266,0:02:33,20211202,✔✨ Aprende LA TÉCNICA CREATIVA para CREAR LOGOS GRATIS en CorelDRAW ▶ TUTORIAL
0x8fa0e342c50d15c5:0xe6746a6a9f11b882,San José,10,0.2119,0:01:16,20211202,✔✨ Aprende LA TÉCNICA CREATIVA para CREAR LOGOS GRATIS en CorelDRAW ▶ TUTORIAL
0x945da8076e69dbf5:0xaceb7a46bf1936c9,Asunción,0,0.0,,20211202,✔✨ Aprende LA TÉCNICA CREATIVA para CREAR LOGOS GRATIS en CorelDRAW ▶ TUTORIAL
Total,,1377,47.2637,0:02:03,20220208,⚡ Cómo CREAR 7 EFECTOS GLITCH PRO con MOVAVI Video Editor Plus 2022 ▶ TUTORIAL
0x9105c5f619ee3ec7:0x14206cb9cc452e4a,Lima,32,0.9894,0:01:51,20220208,⚡ Cómo CREAR 7 EFECTOS GLITCH PRO con MOVAVI Video Editor Plus 2022 ▶ TUTORIAL
0x85ce0026db097507:0x54061076265ee841,Ciudad de México,19,0.3696,0:01:10,20220208,⚡ Cómo CREAR 7 EFECTOS GLITCH PRO con MOVAVI Video Editor Plus 2022 ▶ TUTORIAL
0x8e3f9bfd2da6cb29:0x239d635520a33914,Bogotá,17,0.6525,0:02:18,20220208,⚡ Cómo CREAR 7 EFECTOS GLITCH PRO con MOVAVI Video Editor Plus 2022 ▶ TUTORIAL
Total,,1824,10.7921,0:00:21,20220325,🤔 USA esta forma para CREAR DISEÑOS
0x8e3f9bfd2da6cb29:0x239d635520a33914,Bogotá,18,0.1392,0:00:27,20220325,🤔 USA esta forma para CREAR DISEÑOS
0x9105c5f619ee3ec7:0x14206cb9cc452e4a,Lima,11,0.0733,0:00:24,20220325,🤔 USA esta forma para CREAR DISEÑOS
Total,,637,6.0713,0:00:34,20210724,💚🏃_♀️ CorelDRAW ▶ SPEEDRUN MONSTER Short
Total,,5159,248.5148,0:02:53,20220127,✔✨ Sigue el PROCESO PASO a PASO y APRENDE A CREAR LOGOS en CorelDRAW ► TUTORIAL
0x9105c5f619ee3ec7:0x14206cb9cc452e4a,Lima,426,18.1395,0:02:33,20220127,✔✨ Sigue el PROCESO PASO a PASO y APRENDE A CREAR LOGOS en CorelDRAW ► TUTORIAL
0x85ce0026db097507:0x54061076265ee841,Ciudad de México,144,5.2073,0:02:10,20220127,✔✨ Sigue el PROCESO PASO a PASO y APRENDE A CREAR LOGOS en CorelDRAW ► TUTORIAL
0x8e3f9bfd2da6cb29:0x239d635520a33914,Bogotá,45,1.6251,0:02:10,20220127,✔✨ Sigue el PROCESO PASO a PASO y APRENDE A CREAR LOGOS en CorelDRAW ► TUTORIAL
0x959f80ffc63bf7d3:0x6b321b2e355bec99,Montevideo,15,0.6909,0:02:45,20220127,✔✨ Sigue el PROCESO PASO a PASO y APRENDE A CREAR LOGOS en CorelDRAW ► TUTORIAL
0x93f1e81ca7c01a63:0x5c8b0a53a467611b,Santa Cruz de la Sierra,13,0.4877,0:02:15,20220127,✔✨ Sigue el PROCESO PASO a PASO y APRENDE A CREAR LOGOS en CorelDRAW ► TUTORIAL
Total,,1314,85.342,0:03:53,20211216,🤘🏼 Así PODRÁS crear INTROS ANIMADAS para tu TRABAJO y REDES SOCIALES en MINUTOS
0x9105c5f619ee3ec7:0x14206cb9cc452e4a,Lima,17,1.7057,0:06:01,20211216,🤘🏼 Así PODRÁS crear INTROS ANIMADAS para tu TRABAJO y REDES SOCIALES en MINUTOS
0x85ce0026db097507:0x54061076265ee841,Ciudad de México,13,1.0652,0:04:54,20211216,🤘🏼 Así PODRÁS crear INTROS ANIMADAS para tu TRABAJO y REDES SOCIALES en MINUTOS
Total,,151522,5615.8666,0:02:13,20211123,✔✨ Sigue estos MÉTODOS para DISEÑAR tus LOGOS en CorelDRAW ► TUTORIAL
0x9105c5f619ee3ec7:0x14206cb9cc452e4a,Lima,8245,432.873,0:03:09,20211123,✔✨ Sigue estos MÉTODOS para DISEÑAR tus LOGOS en CorelDRAW ► TUTORIAL
0x2e69f3e945e34b9d:0x5371bf0fdad786a2,Yakarta,5151,71.7326,0:00:50,20211123,✔✨ Sigue estos MÉTODOS para DISEÑAR tus LOGOS en CorelDRAW ► TUTORIAL
0x2dd7fbf8381ac47f:0x3027a76e352be40,Surabaya,4081,52.1429,0:00:45,20211123,✔✨ Sigue estos MÉTODOS para DISEÑAR tus LOGOS en CorelDRAW ► TUTORIAL
0x85ce0026db097507:0x54061076265ee841,Ciudad de México,3394,134.4678,0:02:22,20211123,✔✨ Sigue estos MÉTODOS para DISEÑAR tus LOGOS en CorelDRAW ► TUTORIAL
0x8e3f9bfd2da6cb29:0x239d635520a33914,Bogotá,2069,96.1618,0:02:47,20211123,✔✨ Sigue estos MÉTODOS para DISEÑAR tus LOGOS en CorelDRAW ► TUTORIAL
0x2e708b4d3f0d024d:0x1e0432b9da5cb9f2,Semarang,2039,31.0119,0:00:54,20211123,✔✨ Sigue estos MÉTODOS para DISEÑAR tus LOGOS en CorelDRAW ► TUTORIAL
0x2e68e6398252477f:0x146a1f93d3e815b2,Bandung,1780,25.5701,0:00:51,20211123,✔✨ Sigue estos MÉTODOS para DISEÑAR tus LOGOS en CorelDRAW ► TUTORIAL
0x915edf0a04f5a40f:0x57dbfc76b4458ab3,La Paz,1202,40.8833,0:02:02,20211123,✔✨ Sigue estos MÉTODOS para DISEÑAR tus LOGOS en CorelDRAW ► TUTORIAL
0x2dbee329d96c4671:0x3030bfbcaf770b0,Macasar,961,17.9133,0:01:07,20211123,✔✨ Sigue estos MÉTODOS para DISEÑAR tus LOGOS en CorelDRAW ► TUTORIAL
0x8589a180655c3345:0x4a72c7815b867b25,Ciudad de Guatemala,934,28.2634,0:01:48,20211123,✔✨ Sigue estos MÉTODOS para DISEÑAR tus LOGOS en CorelDRAW ► TUTORIAL
0x91d59a4002427c9f:0x44b991e158ef5572,Quito,829,31.9481,0:02:18,20211123,✔✨ Sigue estos MÉTODOS para DISEÑAR tus LOGOS en CorelDRAW ► TUTORIAL
0x9662c5410425af2f:0x8475d53c400f0931,Santiago,825,30.8385,0:02:14,20211123,✔✨ Sigue estos MÉTODOS para DISEÑAR tus LOGOS en CorelDRAW ► TUTORIAL
0x93f1e81ca7c01a63:0x5c8b0a53a467611b,Santa Cruz de la Sierra,804,28.3515,0:02:06,20211123,✔✨ Sigue estos MÉTODOS para DISEÑAR tus LOGOS en CorelDRAW ► TUTORIAL
0x902d13cbe855805f:0x8015a492f4fca473,Guayaquil,728,22.7702,0:01:52,20211123,✔✨ Sigue estos MÉTODOS para DISEÑAR tus LOGOS en CorelDRAW ► TUTORIAL
0x94ce448183a461d1:0x9ba94b08ff335bae,São Paulo,677,15.4736,0:01:22,20211123,✔✨ Sigue estos MÉTODOS para DISEÑAR tus LOGOS en CorelDRAW ► TUTORIAL
0x303131cc1c3eb2fd:0x23d431c8a6908262,Medan,642,9.9326,0:00:55,20211123,✔✨ Sigue estos MÉTODOS para DISEÑAR tus LOGOS en CorelDRAW ► TUTORIAL
0x91ad3d7fe3fae92d:0xd3bc7d125d4e8508,Trujillo,639,30.5274,0:02:51,20211123,✔✨ Sigue estos MÉTODOS para DISEÑAR tus LOGOS en CorelDRAW ► TUTORIAL
0x31d5ab80690ee7b1:0x94dde92c3823dbe4,Pekanbaru,524,9.4942,0:01:05,20211123,✔✨ Sigue estos MÉTODOS para DISEÑAR tus LOGOS en CorelDRAW ► TUTORIAL
0x2e698671b82e87bf:0xe7318771148e5f8a,Bekasi,514,6.9008,0:00:48,20211123,✔✨ Sigue estos MÉTODOS para DISEÑAR tus LOGOS en CorelDRAW ► TUTORIAL
0x8eaf89f1107ea5ab:0xd6c587b82715c164,Santo Domingo,435,15.7937,0:02:10,20211123,✔✨ Sigue estos MÉTODOS para DISEÑAR tus LOGOS en CorelDRAW ► TUTORIAL
0x3109513dc76a6be3:0x9c010ee85ab525bb,Nom Pen,415,5.7335,0:00:49,20211123,✔✨ Sigue estos MÉTODOS para DISEÑAR tus LOGOS en CorelDRAW ► TUTORIAL
0x2e3b75e8fc27a3e3:0x3039d80b220d0c0,Palembang,370,5.7405,0:00:55,20211123,✔✨ Sigue estos MÉTODOS para DISEÑAR tus LOGOS en CorelDRAW ► TUTORIAL
0x3b080d514abec6bf:0xbd582caa5844192,Cochín,350,3.6624,0:00:37,20211123,✔✨ Sigue estos MÉTODOS para DISEÑAR tus LOGOS en CorelDRAW ► TUTORIAL
0x2dd2409b0e5e80db:0xe27334e8ccb9374a,Denpasar,320,4.0874,0:00:45,20211123,✔✨ Sigue estos MÉTODOS para DISEÑAR tus LOGOS en CorelDRAW ► TUTORIAL
0x9bde559108a05b:0x50dc426c672fd24e,Río de Janeiro,284,7.5734,0:01:36,20211123,✔✨ Sigue estos MÉTODOS para DISEÑAR tus LOGOS en CorelDRAW ► TUTORIAL
0x85cfc0bd5ebc7a3b:0x48a6461de494ad95,Heroica Puebla de Zaragoza,256,11.6396,0:02:43,20211123,✔✨ Sigue estos MÉTODOS para DISEÑAR tus LOGOS en CorelDRAW ► TUTORIAL
0x8f71560dd907880b:0x6c5ef4a2144f4c6a,Managua,215,5.6431,0:01:34,20211123,✔✨ Sigue estos MÉTODOS para DISEÑAR tus LOGOS en CorelDRAW ► TUTORIAL
0x3bcb99daeaebd2c7:0xae93b78392bafbc2,Hyderabad,195,2.0282,0:00:37,20211123,✔✨ Sigue estos MÉTODOS para DISEÑAR tus LOGOS en CorelDRAW ► TUTORIAL
0x311d6032280d61f3:0x10100b25de24820,Bangkok,173,2.2329,0:00:46,20211123,✔✨ Sigue estos MÉTODOS para DISEÑAR tus LOGOS en CorelDRAW ► TUTORIAL
0x8faca8f1dbe80363:0xaba25df1f042c10e,Panamá,167,5.3776,0:01:55,20211123,✔✨ Sigue estos MÉTODOS para DISEÑAR tus LOGOS en CorelDRAW ► TUTORIAL
0x8f56715cab450d17:0x5dfc155715abeb09,Mérida,143,7.6422,0:03:12,20211123,✔✨ Sigue estos MÉTODOS para DISEÑAR tus LOGOS en CorelDRAW ► TUTORIAL
0x2dd62822063dc2fb:0x78879446481a4da2,Malang,140,2.3584,0:01:00,20211123,✔✨ Sigue estos MÉTODOS para DISEÑAR tus LOGOS en CorelDRAW ► TUTORIAL
0x91424a487785b9b3:0xa3c4a612b9942036,Arequipa,136,8.5195,0:03:45,20211123,✔✨ Sigue estos MÉTODOS para DISEÑAR tus LOGOS en CorelDRAW ► TUTORIAL
0x3ae253d10f7a7003:0x320b2e4d32d3838d,Colombo,135,1.9557,0:00:52,20211123,✔✨ Sigue estos MÉTODOS para DISEÑAR tus LOGOS en CorelDRAW ► TUTORIAL
0x8428b18cb52fd39b:0xd63d9302bf865750,Guadalajara,135,5.8938,0:02:37,20211123,✔✨ Sigue estos MÉTODOS para DISEÑAR tus LOGOS en CorelDRAW ► TUTORIAL
0x317529292e8d3dd1:0xf15f5aad773c112b,Ciudad Ho Chi Minh (Saigón),130,3.4019,0:01:34,20211123,✔✨ Sigue estos MÉTODOS para DISEÑAR tus LOGOS en CorelDRAW ► TUTORIAL
0x2e7a16627ad11ab1:0xe7fe4e0454bc3095,Surakarta,122,3.0813,0:01:30,20211123,✔✨ Sigue estos MÉTODOS para DISEÑAR tus LOGOS en CorelDRAW ► TUTORIAL
0x2e7a5787bd5b6bc5:0x21723fd4d3684f71,Yogyakarta,105,1.2439,0:00:42,20211123,✔✨ Sigue estos MÉTODOS para DISEÑAR tus LOGOS en CorelDRAW ► TUTORIAL
0x95bcca3b4ef90cbd:0xa0b3812e88e88e87,Buenos Aires,104,4.2256,0:02:26,20211123,✔✨ Sigue estos MÉTODOS para DISEÑAR tus LOGOS en CorelDRAW ► TUTORIAL
0x2e69c44a0cd6aab5:0x301576d14feb9a0,Bogor,102,1.9959,0:01:10,20211123,✔✨ Sigue estos MÉTODOS para DISEÑAR tus LOGOS en CorelDRAW ► TUTORIAL
0x85d1f21c72f777a1:0x4cd4540a42b26680,Ecatepec de Morelos,100,2.524,0:01:30,20211123,✔✨ Sigue estos MÉTODOS para DISEÑAR tus LOGOS en CorelDRAW ► TUTORIAL
0x31cc49c701efeae7:0xf4d98e5b2f1c287d,Kuala Lumpur,95,1.0664,0:00:40,20211123,✔✨ Sigue estos MÉTODOS para DISEÑAR tus LOGOS en CorelDRAW ► TUTORIAL
0x3ba859af2f971cb5:0x2fc1c81e183ed282,Coimbatore,94,0.563,0:00:21,20211123,✔✨ Sigue estos MÉTODOS para DISEÑAR tus LOGOS en CorelDRAW ► TUTORIAL
0x7c74f21f6c15c2f:0xfd6d6706cb7927aa,Fortaleza,91,2.6868,0:01:46,20211123,✔✨ Sigue estos MÉTODOS para DISEÑAR tus LOGOS en CorelDRAW ► TUTORIAL
0x3a1909d2d5170aa5:0xfc580e2b68b33fa8,Bhubaneshwar,89,1.0778,0:00:43,20211123,✔✨ Sigue estos MÉTODOS para DISEÑAR tus LOGOS en CorelDRAW ► TUTORIAL
0x926c1bc8b37647b7:0x2b485c9ff765a9cc,Manaos,85,1.8625,0:01:18,20211123,✔✨ Sigue estos MÉTODOS para DISEÑAR tus LOGOS en CorelDRAW ► TUTORIAL
0x8eaf86f1f07bf257:0x79a94f00155fb584,Santo Domingo Este,84,3.8014,0:02:42,20211123,✔✨ Sigue estos MÉTODOS para DISEÑAR tus LOGOS en CorelDRAW ► TUTORIAL
0x2de4209aa1eec961:0x26030bfcc09204d2,Banjarmasin,76,1.1468,0:00:54,20211123,✔✨ Sigue estos MÉTODOS para DISEÑAR tus LOGOS en CorelDRAW ► TUTORIAL
0x716112050422ebd:0xf71c84369573db9d,Salvador de Bahía,73,1.174,0:00:57,20211123,✔✨ Sigue estos MÉTODOS para DISEÑAR tus LOGOS en CorelDRAW ► TUTORIAL
0x8f633067b411775d:0x1f75978893fb5c96,San Salvador,73,2.2144,0:01:49,20211123,✔✨ Sigue estos MÉTODOS para DISEÑAR tus LOGOS en CorelDRAW ► TUTORIAL
0x2e40da46f3aa6fbf:0x3039d80b220cc40,Bandar Lampung,66,1.2678,0:01:09,20211123,✔✨ Sigue estos MÉTODOS para DISEÑAR tus LOGOS en CorelDRAW ► TUTORIAL
0x2e69ec0828bcde9f:0x301576d150524f0,Depok,60,0.4972,0:00:29,20211123,✔✨ Sigue estos MÉTODOS para DISEÑAR tus LOGOS en CorelDRAW ► TUTORIAL
0x80d9390226587bd3:0x14724bafa4e62456,Tijuana,60,2.0462,0:02:02,20211123,✔✨ Sigue estos MÉTODOS para DISEÑAR tus LOGOS en CorelDRAW ► TUTORIAL
0x93e373e0d9e4ab27:0xa2719ae9532c3e65,Cochabamba,55,2.3531,0:02:34,20211123,✔✨ Sigue estos MÉTODOS para DISEÑAR tus LOGOS en CorelDRAW ► TUTORIAL
0x8c2a58adcd824807:0x93dd2eae0a998483,Caracas,45,2.2224,0:02:57,20211123,✔✨ Sigue estos MÉTODOS para DISEÑAR tus LOGOS en CorelDRAW ► TUTORIAL
0x86629531b437f8f5:0xa3d3d3ca6ac89894,Monterrey,43,1.3038,0:01:49,20211123,✔✨ Sigue estos MÉTODOS para DISEÑAR tus LOGOS en CorelDRAW ► TUTORIAL
0x2e69f8e853d2e38d:0x301576d14feb9c0,Tangerang,37,0.6907,0:01:07,20211123,✔✨ Sigue estos MÉTODOS para DISEÑAR tus LOGOS en CorelDRAW ► TUTORIAL
0x399bfd991f32b16b:0x93ccba8909978be7,Lucknow,36,0.7286,0:01:12,20211123,✔✨ Sigue estos MÉTODOS para DISEÑAR tus LOGOS en CorelDRAW ► TUTORIAL
0x7ab196f94e5408b:0xe5800ef782bde3a6,Recife,36,1.0073,0:01:40,20211123,✔✨ Sigue estos MÉTODOS para DISEÑAR tus LOGOS en CorelDRAW ► TUTORIAL
0x8f6fa2babf743d51:0x68cf2238206ac9d3,Tegucigalpa,36,0.5913,0:00:59,20211123,✔✨ Sigue estos MÉTODOS para DISEÑAR tus LOGOS en CorelDRAW ► TUTORIAL
0x3135ab9bd9861ca1:0xe7887f7b72ca17a9,Hanói,35,1.2072,0:02:04,20211123,✔✨ Sigue estos MÉTODOS para DISEÑAR tus LOGOS en CorelDRAW ► TUTORIAL
0x39f29937c52d4f05:0x831a0e05f607b270,Patna,32,0.2976,0:00:33,20211123,✔✨ Sigue estos MÉTODOS para DISEÑAR tus LOGOS en CorelDRAW ► TUTORIAL
0x89c24fa5d33f083b:0xc80b8f06e177fe62,Nueva York,32,0.9876,0:01:51,20211123,✔✨ Sigue estos MÉTODOS para DISEÑAR tus LOGOS en CorelDRAW ► TUTORIAL
0x935a3d18df9ae275:0x738470e469754a24,Brasilia,32,0.7948,0:01:29,20211123,✔✨ Sigue estos MÉTODOS para DISEÑAR tus LOGOS en CorelDRAW ► TUTORIAL
0x3962fcad1b410ddb:0x96ec4da356240f4,Indore,30,0.1737,0:00:20,20211123,✔✨ Sigue estos MÉTODOS para DISEÑAR tus LOGOS en CorelDRAW ► TUTORIAL
0x39740d857c2f41d9:0x784aef38a9523b42,Agra,30,0.1352,0:00:16,20211123,✔✨ Sigue estos MÉTODOS para DISEÑAR tus LOGOS en CorelDRAW ► TUTORIAL
0x3040377ae63dbcdf:0x3039d80b220cb90,Banda Aceh,27,0.4289,0:00:57,20211123,✔✨ Sigue estos MÉTODOS para DISEÑAR tus LOGOS en CorelDRAW ► TUTORIAL
0x92a461af84756ce1:0x570d540215864c35,Belén,25,0.2124,0:00:30,20211123,✔✨ Sigue estos MÉTODOS para DISEÑAR tus LOGOS en CorelDRAW ► TUTORIAL
0x842bbeffd6e6e721:0x606d95ec61a54327,León,24,0.2018,0:00:30,20211123,✔✨ Sigue estos MÉTODOS para DISEÑAR tus LOGOS en CorelDRAW ► TUTORIAL
0x842d0ba2b29da7e3:0x4016978679c8620,Morelia,23,0.3901,0:01:01,20211123,✔✨ Sigue estos MÉTODOS para DISEÑAR tus LOGOS en CorelDRAW ► TUTORIAL
0x2e698c6900964f69:0xd00495351896398,Bekasi,22,0.1621,0:00:26,20211123,✔✨ Sigue estos MÉTODOS para DISEÑAR tus LOGOS en CorelDRAW ► TUTORIAL
0x3a5265ea4f7d3361:0x6e61a70b6863d433,Chennai,22,0.3537,0:00:57,20211123,✔✨ Sigue estos MÉTODOS para DISEÑAR tus LOGOS en CorelDRAW ► TUTORIAL
0x85ecd85611d06e8f:0xdd78bd7b4662216a,Tuxtla Gutiérrez,22,1.1557,0:03:09,20211123,✔✨ Sigue estos MÉTODOS para DISEÑAR tus LOGOS en CorelDRAW ► TUTORIAL
0xd422997800a3c81:0xc436dec1618c2269,Madrid,22,0.5273,0:01:26,20211123,✔✨ Sigue estos MÉTODOS para DISEÑAR tus LOGOS en CorelDRAW ► TUTORIAL
0x1a51f15cdc8d2c7d:0x850c1c5c5ecc5a92,Luanda,21,0.8168,0:02:20,20211123,✔✨ Sigue estos MÉTODOS para DISEÑAR tus LOGOS en CorelDRAW ► TUTORIAL
0x2df14710964d9c91:0xcaa6ec96c2aea6d2,Balikpapan,21,0.3038,0:00:52,20211123,✔✨ Sigue estos MÉTODOS para DISEÑAR tus LOGOS en CorelDRAW ► TUTORIAL
0x2e7a416389cafa5d:0x3027a76e352bad0,Klaten,21,0.5786,0:01:39,20211123,✔✨ Sigue estos MÉTODOS para DISEÑAR tus LOGOS en CorelDRAW ► TUTORIAL
0x7f68ff06f7f6d21:0x983102e459a3de47,São Luís,21,0.2306,0:00:39,20211123,✔✨ Sigue estos MÉTODOS para DISEÑAR tus LOGOS en CorelDRAW ► TUTORIAL
0x3b00c582b1189633:0xdc955b7264f63933,Madurai,20,0.1649,0:00:29,20211123,✔✨ Sigue estos MÉTODOS para DISEÑAR tus LOGOS en CorelDRAW ► TUTORIAL
0x94dce35351cdb3dd:0x6d2f6ba5bacbe809,Curitiba,20,0.4514,0:01:21,20211123,✔✨ Sigue estos MÉTODOS para DISEÑAR tus LOGOS en CorelDRAW ► TUTORIAL
0x396c4adf4c57e281:0xce1c63a0cf22e09,Jaipur,18,0.0902,0:00:18,20211123,✔✨ Sigue estos MÉTODOS para DISEÑAR tus LOGOS en CorelDRAW ► TUTORIAL
0x85d1fca946577449:0x791d23070fe4cf48,Nezahualcóyotl,17,0.5387,0:01:54,20211123,✔✨ Sigue estos MÉTODOS para DISEÑAR tus LOGOS en CorelDRAW ► TUTORIAL
0x91ad3e63892b89a1:0x279c6cd8321028a5,La Esperanza,17,5.5575,0:19:36,20211123,✔✨ Sigue estos MÉTODOS para DISEÑAR tus LOGOS en CorelDRAW ► TUTORIAL
0x915edebe842e2473:0x3a1f8a2f17f89d8f,El Alto,15,0.7418,0:02:58,20211123,✔✨ Sigue estos MÉTODOS para DISEÑAR tus LOGOS en CorelDRAW ► TUTORIAL
0xa690cacacf2c33:0x5b35795e3ad23997,Belo Horizonte,15,0.1922,0:00:46,20211123,✔✨ Sigue estos MÉTODOS para DISEÑAR tus LOGOS en CorelDRAW ► TUTORIAL
0x390d047309fff32f:0xfc5606ed1b5d46c3,Delhi,14,0.1493,0:00:38,20211123,✔✨ Sigue estos MÉTODOS para DISEÑAR tus LOGOS en CorelDRAW ► TUTORIAL
0x3bae1670c9b44e6d:0xf8dfc3e8517e4fe0,Bangalore,14,0.2996,0:01:17,20211123,✔✨ Sigue estos MÉTODOS para DISEÑAR tus LOGOS en CorelDRAW ► TUTORIAL
0x8f4c2b05aef653db:0xce32b73c625fcd8a,Cancún,14,0.6285,0:02:41,20211123,✔✨ Sigue estos MÉTODOS para DISEÑAR tus LOGOS en CorelDRAW ► TUTORIAL
0x2df67f9e3a5b4857:0xd9d9678dade6eae3,Samarinda,13,0.292,0:01:20,20211123,✔✨ Sigue estos MÉTODOS para DISEÑAR tus LOGOS en CorelDRAW ► TUTORIAL
0x8429ec143ae4d9fb:0x4016978679c5220,Aguascalientes,13,0.4442,0:02:03,20211123,✔✨ Sigue estos MÉTODOS para DISEÑAR tus LOGOS en CorelDRAW ► TUTORIAL
0x2dcdbf5f22de1ef1:0x3030bfbcaf7d0d0,Mataram,12,0.2227,0:01:06,20211123,✔✨ Sigue estos MÉTODOS para DISEÑAR tus LOGOS en CorelDRAW ► TUTORIAL
0x3397ba0942ef7375:0x4a9a32d9fe083d40,Ciudad Quezon,12,0.0869,0:00:26,20211123,✔✨ Sigue estos MÉTODOS para DISEÑAR tus LOGOS en CorelDRAW ► TUTORIAL
0x71ab04015be27cd:0x804434fd92ec3b36,Aracaju,12,0.0659,0:00:19,20211123,✔✨ Sigue estos MÉTODOS para DISEÑAR tus LOGOS en CorelDRAW ► TUTORIAL
0x80c2c75ddc27da13:0xe22fdf6f254608f4,Los Ángeles,12,0.8295,0:04:08,20211123,✔✨ Sigue estos MÉTODOS para DISEÑAR tus LOGOS en CorelDRAW ► TUTORIAL
0x85cd89892a50ebb9:0xad3f4ad5550208c4,Toluca de Lerdo,12,0.3829,0:01:54,20211123,✔✨ Sigue estos MÉTODOS para DISEÑAR tus LOGOS en CorelDRAW ► TUTORIAL
0x9432985f478f5b69:0xb0a24f9a5366b092,Córdoba,12,0.7534,0:03:46,20211123,✔✨ Sigue estos MÉTODOS para DISEÑAR tus LOGOS en CorelDRAW ► TUTORIAL
0x12a49816718e30e5:0x44b0fb3d4f47660a,Barcelona,11,0.0528,0:00:17,20211123,✔✨ Sigue estos MÉTODOS para DISEÑAR tus LOGOS en CorelDRAW ► TUTORIAL
0x31d9bce8c054ce05:0x3039d80b220cbb0,Batam,11,0.1434,0:00:46,20211123,✔✨ Sigue estos MÉTODOS para DISEÑAR tus LOGOS en CorelDRAW ► TUTORIAL
0x7ace839019aa3d7:0x6e414a9c6d26db34,João Pessoa,11,0.9839,0:05:22,20211123,✔✨ Sigue estos MÉTODOS para DISEÑAR tus LOGOS en CorelDRAW ► TUTORIAL
0x8fa0e342c50d15c5:0xe6746a6a9f11b882,San José,11,0.798,0:04:21,20211123,✔✨ Sigue estos MÉTODOS para DISEÑAR tus LOGOS en CorelDRAW ► TUTORIAL
0x935ef6bd58d80867:0xef692bad20d2678e,Goiânia,11,0.4697,0:02:33,20211123,✔✨ Sigue estos MÉTODOS para DISEÑAR tus LOGOS en CorelDRAW ► TUTORIAL
0x2dd699e31fb22e71:0x3027a76e352bd10,Jember,10,0.0912,0:00:32,20211123,✔✨ Sigue estos MÉTODOS para DISEÑAR tus LOGOS en CorelDRAW ► TUTORIAL
0x2e1d58f604b0799b:0x511ef9501fc9ffe3,Pontianak,10,0.4611,0:02:46,20211123,✔✨ Sigue estos MÉTODOS para DISEÑAR tus LOGOS en CorelDRAW ► TUTORIAL
0x2e6f56e5924c576f:0x301e8f1fc2f2500,Tasikmalaya,10,0.0734,0:00:26,20211123,✔✨ Sigue estos MÉTODOS para DISEÑAR tus LOGOS en CorelDRAW ► TUTORIAL
0x3124688606ed7b21:0x1f93b18618c1eedf,Vientián,10,0.1153,0:00:41,20211123,✔✨ Sigue estos MÉTODOS para DISEÑAR tus LOGOS en CorelDRAW ► TUTORIAL
0x391a837462345a7d:0x681102348ec60610,Ludhiāna,10,0.0947,0:00:34,20211123,✔✨ Sigue estos MÉTODOS para DISEÑAR tus LOGOS en CorelDRAW ► TUTORIAL
0x3bd4c0a5a31faf13:0x19b37d06d0bb3e2b,Nagpur,10,0.5084,0:03:03,20211123,✔✨ Sigue estos MÉTODOS para DISEÑAR tus LOGOS en CorelDRAW ► TUTORIAL
0x842aa20005acfb79:0xed2ee29afe18257,San Luis Potosí,10,1.0883,0:06:31,20211123,✔✨ Sigue estos MÉTODOS para DISEÑAR tus LOGOS en CorelDRAW ► TUTORIAL
0x85d21dd4afab4267:0xce8d74d9edb4d88,Cuautitlán Izcalli,10,0.1744,0:01:02,20211123,✔✨ Sigue estos MÉTODOS para DISEÑAR tus LOGOS en CorelDRAW ► TUTORIAL
0x85edd796d7420653:0xf5607b62558ae894,Villahermosa,10,0.495,0:02:58,20211123,✔✨ Sigue estos MÉTODOS para DISEÑAR tus LOGOS en CorelDRAW ► TUTORIAL
0x8663305672c436b1:0x57c1c28b4e35f5ae,Guadalupe,10,0.5663,0:03:23,20211123,✔✨ Sigue estos MÉTODOS para DISEÑAR tus LOGOS en CorelDRAW ► TUTORIAL
0x86e75ecb3d0b329d:0xb196100549c7974,Ciudad Juárez,10,0.4622,0:02:46,20211123,✔✨ Sigue estos MÉTODOS para DISEÑAR tus LOGOS en CorelDRAW ► TUTORIAL
0x904a107c793c39b7:0x1de8948d1c01fe28,Piura,10,0.2066,0:01:14,20211123,✔✨ Sigue estos MÉTODOS para DISEÑAR tus LOGOS en CorelDRAW ► TUTORIAL
0x916dd5d826598431:0x2aa996cc2318315d,Cusco,10,0.2805,0:01:40,20211123,✔✨ Sigue estos MÉTODOS para DISEÑAR tus LOGOS en CorelDRAW ► TUTORIAL
0x12a3895a55552841:0x1290feb965ca2535,Segur de Calafell,0,0.0,,20211123,✔✨ Sigue estos MÉTODOS para DISEÑAR tus LOGOS en CorelDRAW ► TUTORIAL
0x85ce210f873fd163:0x10e7ff75326acd4f,San Martín Cuautlalpan,0,0.0,,20211123,✔✨ Sigue estos MÉTODOS para DISEÑAR tus LOGOS en CorelDRAW ► TUTORIAL
0x85ce22fb7d6e1925:0x7dfb9fc952f1457f,Tlalmanalco,0,0.0,,20211123,✔✨ Sigue estos MÉTODOS para DISEÑAR tus LOGOS en CorelDRAW ► TUTORIAL
0x85d1a7716f1e038b:0x13315c101496b749,Pachuca de Soto,0,0.0,,20211123,✔✨ Sigue estos MÉTODOS para DISEÑAR tus LOGOS en CorelDRAW ► TUTORIAL
0x869f5341681837c1:0x62a4c4aaf13c72b2,Mazatlán,0,0.0,,20211123,✔✨ Sigue estos MÉTODOS para DISEÑAR tus LOGOS en CorelDRAW ► TUTORIAL
0x910a2b7c44be2479:0x6d3e2a98c2641504,Pichanaki,0,0.0,,20211123,✔✨ Sigue estos MÉTODOS para DISEÑAR tus LOGOS en CorelDRAW ► TUTORIAL
0x91ad15eabc39825d:0xe03e83afeb8b0208,El Porvenir,0,0.0,,20211123,✔✨ Sigue estos MÉTODOS para DISEÑAR tus LOGOS en CorelDRAW ► TUTORIAL
0x91b73afd688756b5:0x25611fafcd00bf99,Moyobamba,0,0.0,,20211123,✔✨ Sigue estos MÉTODOS para DISEÑAR tus LOGOS en CorelDRAW ► TUTORIAL
0x95bccd2194f3cfb7:0x8c054a901d575260,Lanús,0,0.0,,20211123,✔✨ Sigue estos MÉTODOS para DISEÑAR tus LOGOS en CorelDRAW ► TUTORIAL
0x96814029a33cd497:0xbff3a3a0233cfcb3,San Juan,0,0.0,,20211123,✔✨ Sigue estos MÉTODOS para DISEÑAR tus LOGOS en CorelDRAW ► TUTORIAL
0xc41cceccc254171:0x43111473d277e52e,Santa Cruz de Tenerife,0,0.0,,20211123,✔✨ Sigue estos MÉTODOS para DISEÑAR tus LOGOS en CorelDRAW ► TUTORIAL
Total,,1962,23.559,0:00:43,20210518,💙 Curso VEGAS PRO en YOUTUBE 2021 (Entrenamiento Online) ▶
Total,,1380,11.3996,0:00:29,20210921,😜 Te enseño el BORRADOR de un archivo de CorelDRAW
0x8e3f9bfd2da6cb29:0x239d635520a33914,Bogotá,17,0.1534,0:00:32,20210921,😜 Te enseño el BORRADOR de un archivo de CorelDRAW
0x9105c5f619ee3ec7:0x14206cb9cc452e4a,Lima,12,0.073,0:00:21,20210921,😜 Te enseño el BORRADOR de un archivo de CorelDRAW
Total,,2188,159.1404,0:04:21,20220303,🧐 Sigue ESTE ORDEN en tus PROYECTOS ⭐ para CREAR LOGOS ASÍ en CorelDRAW
0x9105c5f619ee3ec7:0x14206cb9cc452e4a,Lima,101,7.031,0:04:10,20220303,🧐 Sigue ESTE ORDEN en tus PROYECTOS ⭐ para CREAR LOGOS ASÍ en CorelDRAW
0x8e3f9bfd2da6cb29:0x239d635520a33914,Bogotá,33,2.9405,0:05:20,20220303,🧐 Sigue ESTE ORDEN en tus PROYECTOS ⭐ para CREAR LOGOS ASÍ en CorelDRAW
0x85ce0026db097507:0x54061076265ee841,Ciudad de México,26,2.8273,0:06:31,20220303,🧐 Sigue ESTE ORDEN en tus PROYECTOS ⭐ para CREAR LOGOS ASÍ en CorelDRAW
0x8e2ed48761b92a73:0x44a368566cc3a522,Pasto,0,0.0,,20220303,🧐 Sigue ESTE ORDEN en tus PROYECTOS ⭐ para CREAR LOGOS ASÍ en CorelDRAW
0x91d59a4002427c9f:0x44b991e158ef5572,Quito,0,0.0,,20220303,🧐 Sigue ESTE ORDEN en tus PROYECTOS ⭐ para CREAR LOGOS ASÍ en CorelDRAW
0x967e0c960c574809:0x57621966b9559a27,Maipú,0,0.0,,20220303,🧐 Sigue ESTE ORDEN en tus PROYECTOS ⭐ para CREAR LOGOS ASÍ en CorelDRAW
Total,,2183,206.4005,0:05:40,20210923,🌟 AMAZING PERSPECTIVE Tips ▶ CREATE 3D TEXT in CorelDRAW
0x85ce0026db097507:0x54061076265ee841,Ciudad de México,18,1.2103,0:04:02,20210923,🌟 AMAZING PERSPECTIVE Tips ▶ CREATE 3D TEXT in CorelDRAW
0x9105c5f619ee3ec7:0x14206cb9cc452e4a,Lima,18,1.1727,0:03:54,20210923,🌟 AMAZING PERSPECTIVE Tips ▶ CREATE 3D TEXT in CorelDRAW
0x8e3f9bfd2da6cb29:0x239d635520a33914,Bogotá,17,2.4161,0:08:31,20210923,🌟 AMAZING PERSPECTIVE Tips ▶ CREATE 3D TEXT in CorelDRAW
0x945da8076e69dbf5:0xaceb7a46bf1936c9,Asunción,10,0.0208,0:00:07,20210923,🌟 AMAZING PERSPECTIVE Tips ▶ CREATE 3D TEXT in CorelDRAW
0x2e6f5e82ef269cdf:0x401e8f1fc28e1b0,Ciamis,0,0.0,,20210923,🌟 AMAZING PERSPECTIVE Tips ▶ CREATE 3D TEXT in CorelDRAW
0x8429ec143ae4d9fb:0x4016978679c5220,Aguascalientes,0,0.0,,20210923,🌟 AMAZING PERSPECTIVE Tips ▶ CREATE 3D TEXT in CorelDRAW
0x842cba641e60c675:0x998fd3ad9a7d2747,Celaya,0,0.0,,20210923,🌟 AMAZING PERSPECTIVE Tips ▶ CREATE 3D TEXT in CorelDRAW
0x842ed8dac7c46fef:0x312062e6d2b2e7f,Ocotlán,0,0.0,,20210923,🌟 AMAZING PERSPECTIVE Tips ▶ CREATE 3D TEXT in CorelDRAW
0x85cfb3eee015f935:0x5c4b12a3f9f700e7,Atlixco,0,0.0,,20210923,🌟 AMAZING PERSPECTIVE Tips ▶ CREATE 3D TEXT in CorelDRAW
0x8e666c093b3e7993:0x4b3f740ed280c8f,Táriba,0,0.0,,20210923,🌟 AMAZING PERSPECTIVE Tips ▶ CREATE 3D TEXT in CorelDRAW
0x8e666ca49582d39f:0xe35525b271c7ef85,San Cristóbal,0,0.0,,20210923,🌟 AMAZING PERSPECTIVE Tips ▶ CREATE 3D TEXT in CorelDRAW
0x8f664f403dfe9bb9:0x3d77d9873ff9669,Choloma,0,0.0,,20210923,🌟 AMAZING PERSPECTIVE Tips ▶ CREATE 3D TEXT in CorelDRAW
0x904a107c793c39b7:0x1de8948d1c01fe28,Piura,0,0.0,,20210923,🌟 AMAZING PERSPECTIVE Tips ▶ CREATE 3D TEXT in CorelDRAW
0x9142360c24fc64b5:0x6607d4cd6a9ce4ff,Cerro Colorado,0,0.0,,20210923,🌟 AMAZING PERSPECTIVE Tips ▶ CREATE 3D TEXT in CorelDRAW
0x91424b60cb347581:0x76922d9aa76602c,Paucarpata,0,0.0,,20210923,🌟 AMAZING PERSPECTIVE Tips ▶ CREATE 3D TEXT in CorelDRAW
0x91a7c2bd27e34f59:0xb12f7fa07930c2f,Pillco Marca,0,0.0,,20210923,🌟 AMAZING PERSPECTIVE Tips ▶ CREATE 3D TEXT in CorelDRAW
Total,,2458,160.598,0:03:55,20220331,✨✔ DISEÑA como un PROFESIONAL si SIGUES estos PASOS en CorelDRAW
0x9105c5f619ee3ec7:0x14206cb9cc452e4a,Lima,81,3.3899,0:02:30,20220331,✨✔ DISEÑA como un PROFESIONAL si SIGUES estos PASOS en CorelDRAW
0x85ce0026db097507:0x54061076265ee841,Ciudad de México,27,1.6204,0:03:36,20220331,✨✔ DISEÑA como un PROFESIONAL si SIGUES estos PASOS en CorelDRAW
0x8e3f9bfd2da6cb29:0x239d635520a33914,Bogotá,26,2.1487,0:04:57,20220331,✨✔ DISEÑA como un PROFESIONAL si SIGUES estos PASOS en CorelDRAW
Total,,2821,160.71,0:03:25,20211104,🧐 DOMINA las MEJORES TÉCNICAS para CREAR LOGOS en CorelDRAW ▶ TUTORIAL
0x9105c5f619ee3ec7:0x14206cb9cc452e4a,Lima,85,5.3535,0:03:46,20211104,🧐 DOMINA las MEJORES TÉCNICAS para CREAR LOGOS en CorelDRAW ▶ TUTORIAL
0x8e3f9bfd2da6cb29:0x239d635520a33914,Bogotá,49,3.2883,0:04:01,20211104,🧐 DOMINA las MEJORES TÉCNICAS para CREAR LOGOS en CorelDRAW ▶ TUTORIAL
0x3109513dc76a6be3:0x9c010ee85ab525bb,Nom Pen,30,0.2432,0:00:29,20211104,🧐 DOMINA las MEJORES TÉCNICAS para CREAR LOGOS en CorelDRAW ▶ TUTORIAL
0x85ce0026db097507:0x54061076265ee841,Ciudad de México,23,1.2201,0:03:10,20211104,🧐 DOMINA las MEJORES TÉCNICAS para CREAR LOGOS en CorelDRAW ▶ TUTORIAL
0x8f633be79926ef01:0xa400eac0e14af99b,Apopa,0,0.0,,20211104,🧐 DOMINA las MEJORES TÉCNICAS para CREAR LOGOS en CorelDRAW ▶ TUTORIAL
0x91ad3d7fe3fae92d:0xd3bc7d125d4e8508,Trujillo,0,0.0,,20211104,🧐 DOMINA las MEJORES TÉCNICAS para CREAR LOGOS en CorelDRAW ▶ TUTORIAL
0x91b4fb78d9a7d97b:0x294ab9942e16274a,Jaén,0,0.0,,20211104,🧐 DOMINA las MEJORES TÉCNICAS para CREAR LOGOS en CorelDRAW ▶ TUTORIAL
0x945da8076e69dbf5:0xaceb7a46bf1936c9,Asunción,0,0.0,,20211104,🧐 DOMINA las MEJORES TÉCNICAS para CREAR LOGOS en CorelDRAW ▶ TUTORIAL
Total,,637,2.7719,0:00:15,20210729,Wow! De un simple círculo a ESTO!!! LOGO TUTOTIAL
Total,,4034,357.6949,0:05:19,20211214,🤫 Pon en PRÁCTICA el SECRETO para DISEÑAR este LOGO en CorelDRAW ▶▶ TUTORIAL
0x9105c5f619ee3ec7:0x14206cb9cc452e4a,Lima,116,8.7052,0:04:30,20211214,🤫 Pon en PRÁCTICA el SECRETO para DISEÑAR este LOGO en CorelDRAW ▶▶ TUTORIAL
0x8e3f9bfd2da6cb29:0x239d635520a33914,Bogotá,47,2.7391,0:03:29,20211214,🤫 Pon en PRÁCTICA el SECRETO para DISEÑAR este LOGO en CorelDRAW ▶▶ TUTORIAL
0x85ce0026db097507:0x54061076265ee841,Ciudad de México,35,2.8348,0:04:51,20211214,🤫 Pon en PRÁCTICA el SECRETO para DISEÑAR este LOGO en CorelDRAW ▶▶ TUTORIAL
0x8e6305f10412956f:0x32f525804d8f91e3,Caja Seca,0,0.0,,20211214,🤫 Pon en PRÁCTICA el SECRETO para DISEÑAR este LOGO en CorelDRAW ▶▶ TUTORIAL
0x910e9678a3c43145:0x12896b5a34005d27,Huamancaca,0,0.0,,20211214,🤫 Pon en PRÁCTICA el SECRETO para DISEÑAR este LOGO en CorelDRAW ▶▶ TUTORIAL
Total,,3011,59.3655,0:01:10,20210506,👉 Cuánto CUESTA 💲 CorelDRAW ▶ 
Total,,3034,200.6775,0:03:58,20211019,Si USAS esta TÉCNICA 🧐 puedes CREAR muchos LOGOS ▶ CorelDRAW
0x9105c5f619ee3ec7:0x14206cb9cc452e4a,Lima,79,5.7499,0:04:22,20211019,Si USAS esta TÉCNICA 🧐 puedes CREAR muchos LOGOS ▶ CorelDRAW
0x8e3f9bfd2da6cb29:0x239d635520a33914,Bogotá,73,4.7964,0:03:56,20211019,Si USAS esta TÉCNICA 🧐 puedes CREAR muchos LOGOS ▶ CorelDRAW
0x85ce0026db097507:0x54061076265ee841,Ciudad de México,40,2.2281,0:03:20,20211019,Si USAS esta TÉCNICA 🧐 puedes CREAR muchos LOGOS ▶ CorelDRAW
0x395e848aba5bd449:0x4fcedd11614f6516,Ahmedabad,11,0.0395,0:00:12,20211019,Si USAS esta TÉCNICA 🧐 puedes CREAR muchos LOGOS ▶ CorelDRAW
0x12a49816718e30e5:0x44b0fb3d4f47660a,Barcelona,0,0.0,,20211019,Si USAS esta TÉCNICA 🧐 puedes CREAR muchos LOGOS ▶ CorelDRAW
0x85cfc0bd5ebc7a3b:0x48a6461de494ad95,Heroica Puebla de Zaragoza,0,0.0,,20211019,Si USAS esta TÉCNICA 🧐 puedes CREAR muchos LOGOS ▶ CorelDRAW
0x85d1e3705c3ad799:0xe9e0ede4cbef87f7,Chimalhuacán,0,0.0,,20211019,Si USAS esta TÉCNICA 🧐 puedes CREAR muchos LOGOS ▶ CorelDRAW
0x89c2a164b2c7bc0b:0x8743868b9c34b76e,Stamford,0,0.0,,20211019,Si USAS esta TÉCNICA 🧐 puedes CREAR muchos LOGOS ▶ CorelDRAW
0x91cd18095fc7e881:0xafd08fd090de6ff7,Cuenca,0,0.0,,20211019,Si USAS esta TÉCNICA 🧐 puedes CREAR muchos LOGOS ▶ CorelDRAW
Total,,4130,523.1473,0:07:36,20210928,🤜🏼 La MASTERCLASS que BUSCABAS 👉🏼  Técnicas AVANZADAS para DISEÑADORES CorelDRAW
0x9105c5f619ee3ec7:0x14206cb9cc452e4a,Lima,39,3.5256,0:05:25,20210928,🤜🏼 La MASTERCLASS que BUSCABAS 👉🏼  Técnicas AVANZADAS para DISEÑADORES CorelDRAW
0x8e3f9bfd2da6cb29:0x239d635520a33914,Bogotá,31,3.3684,0:06:31,20210928,🤜🏼 La MASTERCLASS que BUSCABAS 👉🏼  Técnicas AVANZADAS para DISEÑADORES CorelDRAW
0x85ce0026db097507:0x54061076265ee841,Ciudad de México,24,1.4577,0:03:38,20210928,🤜🏼 La MASTERCLASS que BUSCABAS 👉🏼  Técnicas AVANZADAS para DISEÑADORES CorelDRAW
0x85d2014958cf2eef:0xc036183cc62ceb9f,Naucalpan de Juárez,0,0.0,,20210928,🤜🏼 La MASTERCLASS que BUSCABAS 👉🏼  Técnicas AVANZADAS para DISEÑADORES CorelDRAW
Total,,11619,740.5416,0:03:49,20220203,✔✨ DESCUBRE estas TÉCNICAS para CREAR DISEÑOS orgánicos en ▶ TUTORIAL
0x9105c5f619ee3ec7:0x14206cb9cc452e4a,Lima,876,47.7763,0:03:16,20220203,✔✨ DESCUBRE estas TÉCNICAS para CREAR DISEÑOS orgánicos en ▶ TUTORIAL
0x8e3f9bfd2da6cb29:0x239d635520a33914,Bogotá,314,20.7683,0:03:58,20220203,✔✨ DESCUBRE estas TÉCNICAS para CREAR DISEÑOS orgánicos en ▶ TUTORIAL
0x85ce0026db097507:0x54061076265ee841,Ciudad de México,305,15.4202,0:03:02,20220203,✔✨ DESCUBRE estas TÉCNICAS para CREAR DISEÑOS orgánicos en ▶ TUTORIAL
0x915edf0a04f5a40f:0x57dbfc76b4458ab3,La Paz,157,5.9275,0:02:15,20220203,✔✨ DESCUBRE estas TÉCNICAS para CREAR DISEÑOS orgánicos en ▶ TUTORIAL
0x93f1e81ca7c01a63:0x5c8b0a53a467611b,Santa Cruz de la Sierra,74,2.239,0:01:48,20220203,✔✨ DESCUBRE estas TÉCNICAS para CREAR DISEÑOS orgánicos en ▶ TUTORIAL
0x91d59a4002427c9f:0x44b991e158ef5572,Quito,67,2.4608,0:02:12,20220203,✔✨ DESCUBRE estas TÉCNICAS para CREAR DISEÑOS orgánicos en ▶ TUTORIAL
0x8589a180655c3345:0x4a72c7815b867b25,Ciudad de Guatemala,62,1.9513,0:01:53,20220203,✔✨ DESCUBRE estas TÉCNICAS para CREAR DISEÑOS orgánicos en ▶ TUTORIAL
0x9662c5410425af2f:0x8475d53c400f0931,Santiago,44,1.0215,0:01:23,20220203,✔✨ DESCUBRE estas TÉCNICAS para CREAR DISEÑOS orgánicos en ▶ TUTORIAL
0x902d13cbe855805f:0x8015a492f4fca473,Guayaquil,42,1.9167,0:02:44,20220203,✔✨ DESCUBRE estas TÉCNICAS para CREAR DISEÑOS orgánicos en ▶ TUTORIAL
0x91ad3d7fe3fae92d:0xd3bc7d125d4e8508,Trujillo,28,0.7729,0:01:39,20220203,✔✨ DESCUBRE estas TÉCNICAS para CREAR DISEÑOS orgánicos en ▶ TUTORIAL
0x85cfc0bd5ebc7a3b:0x48a6461de494ad95,Heroica Puebla de Zaragoza,22,1.3322,0:03:37,20220203,✔✨ DESCUBRE estas TÉCNICAS para CREAR DISEÑOS orgánicos en ▶ TUTORIAL
0x8faca8f1dbe80363:0xaba25df1f042c10e,Panamá,17,0.7741,0:02:43,20220203,✔✨ DESCUBRE estas TÉCNICAS para CREAR DISEÑOS orgánicos en ▶ TUTORIAL
0x8f71560dd907880b:0x6c5ef4a2144f4c6a,Managua,15,1.9182,0:07:40,20220203,✔✨ DESCUBRE estas TÉCNICAS para CREAR DISEÑOS orgánicos en ▶ TUTORIAL
0x85d1f21c72f777a1:0x4cd4540a42b26680,Ecatepec de Morelos,11,0.129,0:00:42,20220203,✔✨ DESCUBRE estas TÉCNICAS para CREAR DISEÑOS orgánicos en ▶ TUTORIAL
0x8c2a58adcd824807:0x93dd2eae0a998483,Caracas,11,1.1721,0:06:23,20220203,✔✨ DESCUBRE estas TÉCNICAS para CREAR DISEÑOS orgánicos en ▶ TUTORIAL
0x95bcca3b4ef90cbd:0xa0b3812e88e88e87,Buenos Aires,11,1.3345,0:07:16,20220203,✔✨ DESCUBRE estas TÉCNICAS para CREAR DISEÑOS orgánicos en ▶ TUTORIAL
0x8eaf89f1107ea5ab:0xd6c587b82715c164,Santo Domingo,10,0.1379,0:00:49,20220203,✔✨ DESCUBRE estas TÉCNICAS para CREAR DISEÑOS orgánicos en ▶ TUTORIAL
0x8f633067b411775d:0x1f75978893fb5c96,San Salvador,10,0.1004,0:00:36,20220203,✔✨ DESCUBRE estas TÉCNICAS para CREAR DISEÑOS orgánicos en ▶ TUTORIAL
0x91424a487785b9b3:0xa3c4a612b9942036,Arequipa,10,0.6374,0:03:49,20220203,✔✨ DESCUBRE estas TÉCNICAS para CREAR DISEÑOS orgánicos en ▶ TUTORIAL
Total,,1867,84.2964,0:02:42,20210805,🔴 CorelDRAW MUST KNOWN Techniques for Beginners & Experts ▶ 3D LOGO TUTORIAL
0x8425453ee675017d:0xb7b213275f421382,Villa de Álvarez,0,0.0,,20210805,🔴 CorelDRAW MUST KNOWN Techniques for Beginners & Experts ▶ 3D LOGO TUTORIAL
Total,,1811,142.3578,0:04:42,20210916,✒️APRENDE a ILUSTRAR ASÍ en CorelDRAW ✍️ TRUCOS & CONSEJOS CLAVE
0x9105c5f619ee3ec7:0x14206cb9cc452e4a,Lima,60,4.1986,0:04:11,20210916,✒️APRENDE a ILUSTRAR ASÍ en CorelDRAW ✍️ TRUCOS & CONSEJOS CLAVE
0x8e3f9bfd2da6cb29:0x239d635520a33914,Bogotá,50,3.7876,0:04:32,20210916,✒️APRENDE a ILUSTRAR ASÍ en CorelDRAW ✍️ TRUCOS & CONSEJOS CLAVE
0x85ce0026db097507:0x54061076265ee841,Ciudad de México,23,1.1222,0:02:55,20210916,✒️APRENDE a ILUSTRAR ASÍ en CorelDRAW ✍️ TRUCOS & CONSEJOS CLAVE
Total,,1018,35.7847,0:02:06,20210819,Tips BÁSICOS para CREAR LOGOS EFICIENTES ▶ TUTORIAL CorelDRAW
Total,,962,44.1079,0:02:45,20210921,🖱 EFECTO de PROYECCIÓN BÁSICA ▶ Tips para DISEÑAR en CorelDRAW
0x8e3f9bfd2da6cb29:0x239d635520a33914,Bogotá,29,1.3956,0:02:53,20210921,🖱 EFECTO de PROYECCIÓN BÁSICA ▶ Tips para DISEÑAR en CorelDRAW
0x9105c5f619ee3ec7:0x14206cb9cc452e4a,Lima,23,0.9091,0:02:22,20210921,🖱 EFECTO de PROYECCIÓN BÁSICA ▶ Tips para DISEÑAR en CorelDRAW
0x85ce0026db097507:0x54061076265ee841,Ciudad de México,14,0.51,0:02:11,20210921,🖱 EFECTO de PROYECCIÓN BÁSICA ▶ Tips para DISEÑAR en CorelDRAW
Total,,5936,243.6507,0:02:27,20210520,👉 Estas son las PRINCIPALES HERRAMIENTAS 🛠 de Corel Draw ▶
0x9105c5f619ee3ec7:0x14206cb9cc452e4a,Lima,21,0.5058,0:01:26,20210520,👉 Estas son las PRINCIPALES HERRAMIENTAS 🛠 de Corel Draw ▶
0x8f663b685eab5897:0x95e56e019523790d,Guaymitas,0,0.0,,20210520,👉 Estas son las PRINCIPALES HERRAMIENTAS 🛠 de Corel Draw ▶
0x91424a487785b9b3:0xa3c4a612b9942036,Arequipa,0,0.0,,20210520,👉 Estas son las PRINCIPALES HERRAMIENTAS 🛠 de Corel Draw ▶
Total,,939,47.1552,0:03:00,20210701,🔥 CorelDRAW BEST Techniques for BEGINNERS & EXPERTS Tutorial ▶ SnowFlake ❄ (2021) 👉🏼
0x47a84e373f035901:0x42120465b5e3b70,Berlín,0,0.0,,20210701,🔥 CorelDRAW BEST Techniques for BEGINNERS & EXPERTS Tutorial ▶ SnowFlake ❄ (2021) 👉🏼
Total,,476,2.4621,0:00:18,20210810,Quieres saber CÓMO se HACE este logo
Total,,1187,12.2984,0:00:37,20210819,Speedrun LOGO MAKER Tutorial (1min)
Total,,1697,80.1163,0:02:49,20210722,🔥 CorelDRAW GREAT Techniques for Beginners & Experts ▶ LOGO TUTORIAL (🌸+♻)
0x9105c5f619ee3ec7:0x14206cb9cc452e4a,Lima,0,0.0,,20210722,🔥 CorelDRAW GREAT Techniques for Beginners & Experts ▶ LOGO TUTORIAL (🌸+♻)
Total,,1486,66.1176,0:02:40,20210812,🔥 CorelDRAW KEY Techniques for Beginners & Experts ▶ LOGO TUTORIAL
Total,,1759,101.0199,0:03:26,20211026,🐝 ESTA es la FORMA INTELIGENTE 😱 de usar la GEOMETRÍA para DISEÑAR ▶ CorelDRAW
0x9105c5f619ee3ec7:0x14206cb9cc452e4a,Lima,56,2.8996,0:03:06,20211026,🐝 ESTA es la FORMA INTELIGENTE 😱 de usar la GEOMETRÍA para DISEÑAR ▶ CorelDRAW
0x85ce0026db097507:0x54061076265ee841,Ciudad de México,44,2.5802,0:03:31,20211026,🐝 ESTA es la FORMA INTELIGENTE 😱 de usar la GEOMETRÍA para DISEÑAR ▶ CorelDRAW
0x8e3f9bfd2da6cb29:0x239d635520a33914,Bogotá,40,2.1602,0:03:14,20211026,🐝 ESTA es la FORMA INTELIGENTE 😱 de usar la GEOMETRÍA para DISEÑAR ▶ CorelDRAW
0x9662c5410425af2f:0x8475d53c400f0931,Santiago,0,0.0,,20211026,🐝 ESTA es la FORMA INTELIGENTE 😱 de usar la GEOMETRÍA para DISEÑAR ▶ CorelDRAW
Total,,584,5.8118,0:00:35,20210924,😊  Te ENSEÑO archivo de Trabajo en CorelDRAW
0x9105c5f619ee3ec7:0x14206cb9cc452e4a,Lima,14,0.1152,0:00:29,20210924,😊  Te ENSEÑO archivo de Trabajo en CorelDRAW
0x8e3f9bfd2da6cb29:0x239d635520a33914,Bogotá,11,0.1291,0:00:42,20210924,😊  Te ENSEÑO archivo de Trabajo en CorelDRAW
Total,,1609,70.5007,0:02:37,20210706,🔥 CorelDRAW Best Geometry Tricks Logo TUTORIAL ▶▶ MICROSOFT EDGE 👉🏼
0x9110e2c3cec74f3d:0x5ce1a2b590e67ecd,Ica,0,0.0,,20210706,🔥 CorelDRAW Best Geometry Tricks Logo TUTORIAL ▶▶ MICROSOFT EDGE 👉🏼
Total,,3674,234.8777,0:03:50,20220217,😎 DOMINA estas TÉCNICAS de DISEÑO para CREAR LOGOS en CorelDRAW ▶ TUTORIAL
0x9105c5f619ee3ec7:0x14206cb9cc452e4a,Lima,222,13.94,0:03:46,20220217,😎 DOMINA estas TÉCNICAS de DISEÑO para CREAR LOGOS en CorelDRAW ▶ TUTORIAL
0x8e3f9bfd2da6cb29:0x239d635520a33914,Bogotá,59,3.9253,0:03:59,20220217,😎 DOMINA estas TÉCNICAS de DISEÑO para CREAR LOGOS en CorelDRAW ▶ TUTORIAL
0x85ce0026db097507:0x54061076265ee841,Ciudad de México,44,2.2165,0:03:01,20220217,😎 DOMINA estas TÉCNICAS de DISEÑO para CREAR LOGOS en CorelDRAW ▶ TUTORIAL
Total,,2699,242.7542,0:05:23,20220322,✨✔ CONOCE el PASO a PASO para CREAR este LOGO en CorelDRAW ▶ TUTORIAL
0x9105c5f619ee3ec7:0x14206cb9cc452e4a,Lima,78,5.1664,0:03:58,20220322,✨✔ CONOCE el PASO a PASO para CREAR este LOGO en CorelDRAW ▶ TUTORIAL
0x85ce0026db097507:0x54061076265ee841,Ciudad de México,31,2.9401,0:05:41,20220322,✨✔ CONOCE el PASO a PASO para CREAR este LOGO en CorelDRAW ▶ TUTORIAL
0x8e3f9bfd2da6cb29:0x239d635520a33914,Bogotá,31,2.3033,0:04:27,20220322,✨✔ CONOCE el PASO a PASO para CREAR este LOGO en CorelDRAW ▶ TUTORIAL
0x8e46822e075e9cd5:0x6dd21cc8445c3d42,Itagüi,0,0.0,,20220322,✨✔ CONOCE el PASO a PASO para CREAR este LOGO en CorelDRAW ▶ TUTORIAL
0x916dd5d826598431:0x2aa996cc2318315d,Cusco,0,0.0,,20220322,✨✔ CONOCE el PASO a PASO para CREAR este LOGO en CorelDRAW ▶ TUTORIAL
Total,,1575,13.1204,0:00:29,20220225,🏃🏼_♂️🚴🏼_♂️Así CREAS LOGOS en CorelDRAW como un PRO
0x85ce0026db097507:0x54061076265ee841,Ciudad de México,21,0.0844,0:00:14,20220225,🏃🏼_♂️🚴🏼_♂️Así CREAS LOGOS en CorelDRAW como un PRO
0x9105c5f619ee3ec7:0x14206cb9cc452e4a,Lima,10,0.0648,0:00:23,20220225,🏃🏼_♂️🚴🏼_♂️Así CREAS LOGOS en CorelDRAW como un PRO
Total,,891,34.521,0:02:19,20210708,🔥 CorelDRAW BEST Techniques for Beginner & Experts TUTORIAL ▶ S Loop (2021) 👉🏼
Total,,1796,89.6495,0:02:59,20211021,✒️ + 🐧Aprende a COMBINAR CONCEPTOS 😏 para DISEÑAR en CorelDRAW
0x9105c5f619ee3ec7:0x14206cb9cc452e4a,Lima,64,3.6349,0:03:24,20211021,✒️ + 🐧Aprende a COMBINAR CONCEPTOS 😏 para DISEÑAR en CorelDRAW
0x85ce0026db097507:0x54061076265ee841,Ciudad de México,45,3.8282,0:05:06,20211021,✒️ + 🐧Aprende a COMBINAR CONCEPTOS 😏 para DISEÑAR en CorelDRAW
0x8e3f9bfd2da6cb29:0x239d635520a33914,Bogotá,41,2.303,0:03:22,20211021,✒️ + 🐧Aprende a COMBINAR CONCEPTOS 😏 para DISEÑAR en CorelDRAW
0x904a107c793c39b7:0x1de8948d1c01fe28,Piura,0,0.0,,20211021,✒️ + 🐧Aprende a COMBINAR CONCEPTOS 😏 para DISEÑAR en CorelDRAW
0x91ad3d7fe3fae92d:0xd3bc7d125d4e8508,Trujillo,0,0.0,,20211021,✒️ + 🐧Aprende a COMBINAR CONCEPTOS 😏 para DISEÑAR en CorelDRAW
Total,,1430,78.4329,0:03:17,20210729,🔥 CorelDRAW AMAZING Techniques for Beginners & Experts ▶ LOGO TUTORIAL
